ISO-10303-21;
HEADER;
FILE_DESCRIPTION(('FreeCAD Model'),'2;1');
FILE_NAME('Open CASCADE Shape Model','2026-05-18T13:37:37',('FreeCAD'),(
    'FreeCAD'),'Open CASCADE STEP processor 7.8','FreeCAD','Unknown');
FILE_SCHEMA(('AUTOMOTIVE_DESIGN { 1 0 10303 214 1 1 1 1 }'));
ENDSEC;
DATA;
#1 = APPLICATION_PROTOCOL_DEFINITION('international standard',
  'automotive_design',2000,#2);
#2 = APPLICATION_CONTEXT(
  'core data for automotive mechanical design processes');
#3 = SHAPE_DEFINITION_REPRESENTATION(#4,#10);
#4 = PRODUCT_DEFINITION_SHAPE('','',#5);
#5 = PRODUCT_DEFINITION('design','',#6,#9);
#6 = PRODUCT_DEFINITION_FORMATION('','',#7);
#7 = PRODUCT('Open CASCADE STEP translator 7.8 2',
  'Open CASCADE STEP translator 7.8 2','',(#8));
#8 = PRODUCT_CONTEXT('',#2,'mechanical');
#9 = PRODUCT_DEFINITION_CONTEXT('part definition',#2,'design');
#10 = ADVANCED_BREP_SHAPE_REPRESENTATION('',(#11,#15),#3733);
#11 = AXIS2_PLACEMENT_3D('',#12,#13,#14);
#12 = CARTESIAN_POINT('',(0.,0.,0.));
#13 = DIRECTION('',(0.,0.,1.));
#14 = DIRECTION('',(1.,0.,-0.));
#15 = MANIFOLD_SOLID_BREP('',#16);
#16 = CLOSED_SHELL('',(#17,#57,#256,#281,#306,#971,#988,#1005,#1022,
    #1039,#1051,#1116,#1165,#1214,#1279,#1328,#1377,#1442,#1491,#1540,
    #1605,#1654,#1703,#1748,#1813,#1852,#1890,#1928,#1966,#2004,#2042,
    #2080,#2128,#2193,#2232,#2270,#2308,#2346,#2384,#2422,#2460,#2482,
    #2527,#2592,#2631,#2669,#2707,#2745,#2783,#2821,#2859,#2907,#2972,
    #3011,#3049,#3087,#3125,#3163,#3201,#3239,#3261,#3311,#3345,#3395,
    #3429,#3479,#3513,#3563,#3597,#3631,#3665,#3699));
#17 = ADVANCED_FACE('',(#18),#52,.F.);
#18 = FACE_BOUND('',#19,.F.);
#19 = EDGE_LOOP('',(#20,#30,#38,#46));
#20 = ORIENTED_EDGE('',*,*,#21,.F.);
#21 = EDGE_CURVE('',#22,#24,#26,.T.);
#22 = VERTEX_POINT('',#23);
#23 = CARTESIAN_POINT('',(-99.5,-53.,10.));
#24 = VERTEX_POINT('',#25);
#25 = CARTESIAN_POINT('',(-99.5,53.,10.));
#26 = LINE('',#27,#28);
#27 = CARTESIAN_POINT('',(-99.5,-56.,10.));
#28 = VECTOR('',#29,1.);
#29 = DIRECTION('',(-0.,1.,0.));
#30 = ORIENTED_EDGE('',*,*,#31,.F.);
#31 = EDGE_CURVE('',#32,#22,#34,.T.);
#32 = VERTEX_POINT('',#33);
#33 = CARTESIAN_POINT('',(-99.5,-53.,0.));
#34 = LINE('',#35,#36);
#35 = CARTESIAN_POINT('',(-99.5,-53.,0.));
#36 = VECTOR('',#37,1.);
#37 = DIRECTION('',(0.,0.,1.));
#38 = ORIENTED_EDGE('',*,*,#39,.T.);
#39 = EDGE_CURVE('',#32,#40,#42,.T.);
#40 = VERTEX_POINT('',#41);
#41 = CARTESIAN_POINT('',(-99.5,53.,0.));
#42 = LINE('',#43,#44);
#43 = CARTESIAN_POINT('',(-99.5,-56.,0.));
#44 = VECTOR('',#45,1.);
#45 = DIRECTION('',(-0.,1.,0.));
#46 = ORIENTED_EDGE('',*,*,#47,.T.);
#47 = EDGE_CURVE('',#40,#24,#48,.T.);
#48 = LINE('',#49,#50);
#49 = CARTESIAN_POINT('',(-99.5,53.,0.));
#50 = VECTOR('',#51,1.);
#51 = DIRECTION('',(0.,0.,1.));
#52 = PLANE('',#53);
#53 = AXIS2_PLACEMENT_3D('',#54,#55,#56);
#54 = CARTESIAN_POINT('',(-99.5,-56.,0.));
#55 = DIRECTION('',(1.,0.,-0.));
#56 = DIRECTION('',(0.,0.,1.));
#57 = ADVANCED_FACE('',(#58,#119,#130,#141,#152,#163,#174,#185,#196,#207
    ,#218,#229,#240),#251,.T.);
#58 = FACE_BOUND('',#59,.T.);
#59 = EDGE_LOOP('',(#60,#61,#70,#78,#87,#95,#104,#112));
#60 = ORIENTED_EDGE('',*,*,#21,.F.);
#61 = ORIENTED_EDGE('',*,*,#62,.T.);
#62 = EDGE_CURVE('',#22,#63,#65,.T.);
#63 = VERTEX_POINT('',#64);
#64 = CARTESIAN_POINT('',(-96.5,-56.,10.));
#65 = CIRCLE('',#66,3.);
#66 = AXIS2_PLACEMENT_3D('',#67,#68,#69);
#67 = CARTESIAN_POINT('',(-96.5,-53.,10.));
#68 = DIRECTION('',(0.,0.,1.));
#69 = DIRECTION('',(0.,-1.,0.));
#70 = ORIENTED_EDGE('',*,*,#71,.T.);
#71 = EDGE_CURVE('',#63,#72,#74,.T.);
#72 = VERTEX_POINT('',#73);
#73 = CARTESIAN_POINT('',(96.5,-56.,10.));
#74 = LINE('',#75,#76);
#75 = CARTESIAN_POINT('',(-99.5,-56.,10.));
#76 = VECTOR('',#77,1.);
#77 = DIRECTION('',(1.,0.,-0.));
#78 = ORIENTED_EDGE('',*,*,#79,.F.);
#79 = EDGE_CURVE('',#80,#72,#82,.T.);
#80 = VERTEX_POINT('',#81);
#81 = CARTESIAN_POINT('',(99.5,-53.,10.));
#82 = CIRCLE('',#83,3.);
#83 = AXIS2_PLACEMENT_3D('',#84,#85,#86);
#84 = CARTESIAN_POINT('',(96.5,-53.,10.));
#85 = DIRECTION('',(-0.,-0.,-1.));
#86 = DIRECTION('',(0.,-1.,0.));
#87 = ORIENTED_EDGE('',*,*,#88,.T.);
#88 = EDGE_CURVE('',#80,#89,#91,.T.);
#89 = VERTEX_POINT('',#90);
#90 = CARTESIAN_POINT('',(99.5,53.,10.));
#91 = LINE('',#92,#93);
#92 = CARTESIAN_POINT('',(99.5,-56.,10.));
#93 = VECTOR('',#94,1.);
#94 = DIRECTION('',(-0.,1.,0.));
#95 = ORIENTED_EDGE('',*,*,#96,.T.);
#96 = EDGE_CURVE('',#89,#97,#99,.T.);
#97 = VERTEX_POINT('',#98);
#98 = CARTESIAN_POINT('',(96.5,56.,10.));
#99 = CIRCLE('',#100,3.);
#100 = AXIS2_PLACEMENT_3D('',#101,#102,#103);
#101 = CARTESIAN_POINT('',(96.5,53.,10.));
#102 = DIRECTION('',(0.,0.,1.));
#103 = DIRECTION('',(0.,-1.,0.));
#104 = ORIENTED_EDGE('',*,*,#105,.F.);
#105 = EDGE_CURVE('',#106,#97,#108,.T.);
#106 = VERTEX_POINT('',#107);
#107 = CARTESIAN_POINT('',(-96.5,56.,10.));
#108 = LINE('',#109,#110);
#109 = CARTESIAN_POINT('',(-99.5,56.,10.));
#110 = VECTOR('',#111,1.);
#111 = DIRECTION('',(1.,0.,-0.));
#112 = ORIENTED_EDGE('',*,*,#113,.F.);
#113 = EDGE_CURVE('',#24,#106,#114,.T.);
#114 = CIRCLE('',#115,3.);
#115 = AXIS2_PLACEMENT_3D('',#116,#117,#118);
#116 = CARTESIAN_POINT('',(-96.5,53.,10.));
#117 = DIRECTION('',(-0.,-0.,-1.));
#118 = DIRECTION('',(0.,-1.,0.));
#119 = FACE_BOUND('',#120,.T.);
#120 = EDGE_LOOP('',(#121));
#121 = ORIENTED_EDGE('',*,*,#122,.F.);
#122 = EDGE_CURVE('',#123,#123,#125,.T.);
#123 = VERTEX_POINT('',#124);
#124 = CARTESIAN_POINT('',(-58.52175279104,-35.,10.));
#125 = CIRCLE('',#126,1.87824720896);
#126 = AXIS2_PLACEMENT_3D('',#127,#128,#129);
#127 = CARTESIAN_POINT('',(-60.4,-35.,10.));
#128 = DIRECTION('',(0.,0.,1.));
#129 = DIRECTION('',(1.,0.,-0.));
#130 = FACE_BOUND('',#131,.T.);
#131 = EDGE_LOOP('',(#132));
#132 = ORIENTED_EDGE('',*,*,#133,.F.);
#133 = EDGE_CURVE('',#134,#134,#136,.T.);
#134 = VERTEX_POINT('',#135);
#135 = CARTESIAN_POINT('',(-53.23277886018,-35.,10.));
#136 = CIRCLE('',#137,2.133887806486);
#137 = AXIS2_PLACEMENT_3D('',#138,#139,#140);
#138 = CARTESIAN_POINT('',(-55.36666666666,-35.,10.));
#139 = DIRECTION('',(0.,0.,1.));
#140 = DIRECTION('',(1.,0.,-0.));
#141 = FACE_BOUND('',#142,.T.);
#142 = EDGE_LOOP('',(#143));
#143 = ORIENTED_EDGE('',*,*,#144,.F.);
#144 = EDGE_CURVE('',#145,#145,#147,.T.);
#145 = VERTEX_POINT('',#146);
#146 = CARTESIAN_POINT('',(-49.14614102679,-35.,10.));
#147 = CIRCLE('',#148,1.187192306536);
#148 = AXIS2_PLACEMENT_3D('',#149,#150,#151);
#149 = CARTESIAN_POINT('',(-50.33333333333,-35.,10.));
#150 = DIRECTION('',(0.,0.,1.));
#151 = DIRECTION('',(1.,0.,-0.));
#152 = FACE_BOUND('',#153,.T.);
#153 = EDGE_LOOP('',(#154));
#154 = ORIENTED_EDGE('',*,*,#155,.F.);
#155 = EDGE_CURVE('',#156,#156,#158,.T.);
#156 = VERTEX_POINT('',#157);
#157 = CARTESIAN_POINT('',(16.97824720896,-35.,10.));
#158 = CIRCLE('',#159,1.87824720896);
#159 = AXIS2_PLACEMENT_3D('',#160,#161,#162);
#160 = CARTESIAN_POINT('',(15.1,-35.,10.));
#161 = DIRECTION('',(0.,0.,1.));
#162 = DIRECTION('',(1.,0.,-0.));
#163 = FACE_BOUND('',#164,.T.);
#164 = EDGE_LOOP('',(#165));
#165 = ORIENTED_EDGE('',*,*,#166,.F.);
#166 = EDGE_CURVE('',#167,#167,#169,.T.);
#167 = VERTEX_POINT('',#168);
#168 = CARTESIAN_POINT('',(22.267221139819,-35.,10.));
#169 = CIRCLE('',#170,2.133887806486);
#170 = AXIS2_PLACEMENT_3D('',#171,#172,#173);
#171 = CARTESIAN_POINT('',(20.133333333333,-35.,10.));
#172 = DIRECTION('',(0.,0.,1.));
#173 = DIRECTION('',(1.,0.,-0.));
#174 = FACE_BOUND('',#175,.T.);
#175 = EDGE_LOOP('',(#176));
#176 = ORIENTED_EDGE('',*,*,#177,.F.);
#177 = EDGE_CURVE('',#178,#178,#180,.T.);
#178 = VERTEX_POINT('',#179);
#179 = CARTESIAN_POINT('',(26.353858973203,-35.,10.));
#180 = CIRCLE('',#181,1.187192306536);
#181 = AXIS2_PLACEMENT_3D('',#182,#183,#184);
#182 = CARTESIAN_POINT('',(25.166666666667,-35.,10.));
#183 = DIRECTION('',(0.,0.,1.));
#184 = DIRECTION('',(1.,0.,-0.));
#185 = FACE_BOUND('',#186,.T.);
#186 = EDGE_LOOP('',(#187));
#187 = ORIENTED_EDGE('',*,*,#188,.F.);
#188 = EDGE_CURVE('',#189,#189,#191,.T.);
#189 = VERTEX_POINT('',#190);
#190 = CARTESIAN_POINT('',(-58.52175279104,35.,10.));
#191 = CIRCLE('',#192,1.87824720896);
#192 = AXIS2_PLACEMENT_3D('',#193,#194,#195);
#193 = CARTESIAN_POINT('',(-60.4,35.,10.));
#194 = DIRECTION('',(0.,0.,1.));
#195 = DIRECTION('',(1.,0.,-0.));
#196 = FACE_BOUND('',#197,.T.);
#197 = EDGE_LOOP('',(#198));
#198 = ORIENTED_EDGE('',*,*,#199,.F.);
#199 = EDGE_CURVE('',#200,#200,#202,.T.);
#200 = VERTEX_POINT('',#201);
#201 = CARTESIAN_POINT('',(-53.23277886018,35.,10.));
#202 = CIRCLE('',#203,2.133887806486);
#203 = AXIS2_PLACEMENT_3D('',#204,#205,#206);
#204 = CARTESIAN_POINT('',(-55.36666666666,35.,10.));
#205 = DIRECTION('',(0.,0.,1.));
#206 = DIRECTION('',(1.,0.,-0.));
#207 = FACE_BOUND('',#208,.T.);
#208 = EDGE_LOOP('',(#209));
#209 = ORIENTED_EDGE('',*,*,#210,.F.);
#210 = EDGE_CURVE('',#211,#211,#213,.T.);
#211 = VERTEX_POINT('',#212);
#212 = CARTESIAN_POINT('',(-49.14614102679,35.,10.));
#213 = CIRCLE('',#214,1.187192306536);
#214 = AXIS2_PLACEMENT_3D('',#215,#216,#217);
#215 = CARTESIAN_POINT('',(-50.33333333333,35.,10.));
#216 = DIRECTION('',(0.,0.,1.));
#217 = DIRECTION('',(1.,0.,-0.));
#218 = FACE_BOUND('',#219,.T.);
#219 = EDGE_LOOP('',(#220));
#220 = ORIENTED_EDGE('',*,*,#221,.F.);
#221 = EDGE_CURVE('',#222,#222,#224,.T.);
#222 = VERTEX_POINT('',#223);
#223 = CARTESIAN_POINT('',(16.97824720896,35.,10.));
#224 = CIRCLE('',#225,1.87824720896);
#225 = AXIS2_PLACEMENT_3D('',#226,#227,#228);
#226 = CARTESIAN_POINT('',(15.1,35.,10.));
#227 = DIRECTION('',(0.,0.,1.));
#228 = DIRECTION('',(1.,0.,-0.));
#229 = FACE_BOUND('',#230,.T.);
#230 = EDGE_LOOP('',(#231));
#231 = ORIENTED_EDGE('',*,*,#232,.F.);
#232 = EDGE_CURVE('',#233,#233,#235,.T.);
#233 = VERTEX_POINT('',#234);
#234 = CARTESIAN_POINT('',(22.267221139819,35.,10.));
#235 = CIRCLE('',#236,2.133887806486);
#236 = AXIS2_PLACEMENT_3D('',#237,#238,#239);
#237 = CARTESIAN_POINT('',(20.133333333333,35.,10.));
#238 = DIRECTION('',(0.,0.,1.));
#239 = DIRECTION('',(1.,0.,-0.));
#240 = FACE_BOUND('',#241,.T.);
#241 = EDGE_LOOP('',(#242));
#242 = ORIENTED_EDGE('',*,*,#243,.F.);
#243 = EDGE_CURVE('',#244,#244,#246,.T.);
#244 = VERTEX_POINT('',#245);
#245 = CARTESIAN_POINT('',(26.353858973203,35.,10.));
#246 = CIRCLE('',#247,1.187192306536);
#247 = AXIS2_PLACEMENT_3D('',#248,#249,#250);
#248 = CARTESIAN_POINT('',(25.166666666667,35.,10.));
#249 = DIRECTION('',(0.,0.,1.));
#250 = DIRECTION('',(1.,0.,-0.));
#251 = PLANE('',#252);
#252 = AXIS2_PLACEMENT_3D('',#253,#254,#255);
#253 = CARTESIAN_POINT('',(-99.5,-56.,10.));
#254 = DIRECTION('',(0.,0.,1.));
#255 = DIRECTION('',(1.,0.,-0.));
#256 = ADVANCED_FACE('',(#257),#276,.T.);
#257 = FACE_BOUND('',#258,.T.);
#258 = EDGE_LOOP('',(#259,#268,#274,#275));
#259 = ORIENTED_EDGE('',*,*,#260,.T.);
#260 = EDGE_CURVE('',#32,#261,#263,.T.);
#261 = VERTEX_POINT('',#262);
#262 = CARTESIAN_POINT('',(-96.5,-56.,0.));
#263 = CIRCLE('',#264,3.);
#264 = AXIS2_PLACEMENT_3D('',#265,#266,#267);
#265 = CARTESIAN_POINT('',(-96.5,-53.,0.));
#266 = DIRECTION('',(0.,0.,1.));
#267 = DIRECTION('',(0.,-1.,0.));
#268 = ORIENTED_EDGE('',*,*,#269,.T.);
#269 = EDGE_CURVE('',#261,#63,#270,.T.);
#270 = LINE('',#271,#272);
#271 = CARTESIAN_POINT('',(-96.5,-56.,0.));
#272 = VECTOR('',#273,1.);
#273 = DIRECTION('',(0.,0.,1.));
#274 = ORIENTED_EDGE('',*,*,#62,.F.);
#275 = ORIENTED_EDGE('',*,*,#31,.F.);
#276 = CYLINDRICAL_SURFACE('',#277,3.);
#277 = AXIS2_PLACEMENT_3D('',#278,#279,#280);
#278 = CARTESIAN_POINT('',(-96.5,-53.,0.));
#279 = DIRECTION('',(0.,0.,1.));
#280 = DIRECTION('',(-1.,-0.,0.));
#281 = ADVANCED_FACE('',(#282),#301,.T.);
#282 = FACE_BOUND('',#283,.F.);
#283 = EDGE_LOOP('',(#284,#293,#299,#300));
#284 = ORIENTED_EDGE('',*,*,#285,.T.);
#285 = EDGE_CURVE('',#40,#286,#288,.T.);
#286 = VERTEX_POINT('',#287);
#287 = CARTESIAN_POINT('',(-96.5,56.,0.));
#288 = CIRCLE('',#289,3.);
#289 = AXIS2_PLACEMENT_3D('',#290,#291,#292);
#290 = CARTESIAN_POINT('',(-96.5,53.,0.));
#291 = DIRECTION('',(-0.,-0.,-1.));
#292 = DIRECTION('',(0.,-1.,0.));
#293 = ORIENTED_EDGE('',*,*,#294,.T.);
#294 = EDGE_CURVE('',#286,#106,#295,.T.);
#295 = LINE('',#296,#297);
#296 = CARTESIAN_POINT('',(-96.5,56.,0.));
#297 = VECTOR('',#298,1.);
#298 = DIRECTION('',(0.,0.,1.));
#299 = ORIENTED_EDGE('',*,*,#113,.F.);
#300 = ORIENTED_EDGE('',*,*,#47,.F.);
#301 = CYLINDRICAL_SURFACE('',#302,3.);
#302 = AXIS2_PLACEMENT_3D('',#303,#304,#305);
#303 = CARTESIAN_POINT('',(-96.5,53.,0.));
#304 = DIRECTION('',(0.,0.,1.));
#305 = DIRECTION('',(-1.,-0.,0.));
#306 = ADVANCED_FACE('',(#307,#352,#363,#374,#511,#522,#659,#670,#681,
    #818,#829),#966,.F.);
#307 = FACE_BOUND('',#308,.F.);
#308 = EDGE_LOOP('',(#309,#310,#311,#319,#328,#336,#345,#351));
#309 = ORIENTED_EDGE('',*,*,#39,.F.);
#310 = ORIENTED_EDGE('',*,*,#260,.T.);
#311 = ORIENTED_EDGE('',*,*,#312,.T.);
#312 = EDGE_CURVE('',#261,#313,#315,.T.);
#313 = VERTEX_POINT('',#314);
#314 = CARTESIAN_POINT('',(96.5,-56.,0.));
#315 = LINE('',#316,#317);
#316 = CARTESIAN_POINT('',(-99.5,-56.,0.));
#317 = VECTOR('',#318,1.);
#318 = DIRECTION('',(1.,0.,-0.));
#319 = ORIENTED_EDGE('',*,*,#320,.F.);
#320 = EDGE_CURVE('',#321,#313,#323,.T.);
#321 = VERTEX_POINT('',#322);
#322 = CARTESIAN_POINT('',(99.5,-53.,0.));
#323 = CIRCLE('',#324,3.);
#324 = AXIS2_PLACEMENT_3D('',#325,#326,#327);
#325 = CARTESIAN_POINT('',(96.5,-53.,0.));
#326 = DIRECTION('',(-0.,-0.,-1.));
#327 = DIRECTION('',(0.,-1.,0.));
#328 = ORIENTED_EDGE('',*,*,#329,.T.);
#329 = EDGE_CURVE('',#321,#330,#332,.T.);
#330 = VERTEX_POINT('',#331);
#331 = CARTESIAN_POINT('',(99.5,53.,0.));
#332 = LINE('',#333,#334);
#333 = CARTESIAN_POINT('',(99.5,-56.,0.));
#334 = VECTOR('',#335,1.);
#335 = DIRECTION('',(-0.,1.,0.));
#336 = ORIENTED_EDGE('',*,*,#337,.T.);
#337 = EDGE_CURVE('',#330,#338,#340,.T.);
#338 = VERTEX_POINT('',#339);
#339 = CARTESIAN_POINT('',(96.5,56.,0.));
#340 = CIRCLE('',#341,3.);
#341 = AXIS2_PLACEMENT_3D('',#342,#343,#344);
#342 = CARTESIAN_POINT('',(96.5,53.,0.));
#343 = DIRECTION('',(0.,0.,1.));
#344 = DIRECTION('',(0.,-1.,0.));
#345 = ORIENTED_EDGE('',*,*,#346,.F.);
#346 = EDGE_CURVE('',#286,#338,#347,.T.);
#347 = LINE('',#348,#349);
#348 = CARTESIAN_POINT('',(-99.5,56.,0.));
#349 = VECTOR('',#350,1.);
#350 = DIRECTION('',(1.,0.,-0.));
#351 = ORIENTED_EDGE('',*,*,#285,.F.);
#352 = FACE_BOUND('',#353,.F.);
#353 = EDGE_LOOP('',(#354));
#354 = ORIENTED_EDGE('',*,*,#355,.F.);
#355 = EDGE_CURVE('',#356,#356,#358,.T.);
#356 = VERTEX_POINT('',#357);
#357 = CARTESIAN_POINT('',(-72.77970589825,-35.,-1.7763568394E-15));
#358 = CIRCLE('',#359,2.720294101747);
#359 = AXIS2_PLACEMENT_3D('',#360,#361,#362);
#360 = CARTESIAN_POINT('',(-75.5,-35.,0.));
#361 = DIRECTION('',(0.,0.,1.));
#362 = DIRECTION('',(1.,0.,-0.));
#363 = FACE_BOUND('',#364,.F.);
#364 = EDGE_LOOP('',(#365));
#365 = ORIENTED_EDGE('',*,*,#366,.F.);
#366 = EDGE_CURVE('',#367,#367,#369,.T.);
#367 = VERTEX_POINT('',#368);
#368 = CARTESIAN_POINT('',(-38.62370552434,-35.,-8.881784197001E-16));
#369 = CIRCLE('',#370,1.642961142323);
#370 = AXIS2_PLACEMENT_3D('',#371,#372,#373);
#371 = CARTESIAN_POINT('',(-40.26666666666,-35.,0.));
#372 = DIRECTION('',(0.,0.,1.));
#373 = DIRECTION('',(1.,0.,-0.));
#374 = FACE_BOUND('',#375,.F.);
#375 = EDGE_LOOP('',(#376,#387,#396,#405,#414,#423,#432,#441,#450,#459,
    #468,#477,#486,#495,#504));
#376 = ORIENTED_EDGE('',*,*,#377,.F.);
#377 = EDGE_CURVE('',#378,#380,#382,.T.);
#378 = VERTEX_POINT('',#379);
#379 = CARTESIAN_POINT('',(-33.18202674683,-32.35282689283,0.));
#380 = VERTEX_POINT('',#381);
#381 = CARTESIAN_POINT('',(-33.18202674683,-37.64717310716,0.));
#382 = CIRCLE('',#383,3.348937767573);
#383 = AXIS2_PLACEMENT_3D('',#384,#385,#386);
#384 = CARTESIAN_POINT('',(-35.23333333333,-35.,0.));
#385 = DIRECTION('',(0.,0.,1.));
#386 = DIRECTION('',(1.,0.,-0.));
#387 = ORIENTED_EDGE('',*,*,#388,.F.);
#388 = EDGE_CURVE('',#389,#378,#391,.T.);
#389 = VERTEX_POINT('',#390);
#390 = CARTESIAN_POINT('',(-27.83792187221,-31.78743157327,0.));
#391 = CIRCLE('',#392,3.987481533268);
#392 = AXIS2_PLACEMENT_3D('',#393,#394,#395);
#393 = CARTESIAN_POINT('',(-30.2,-35.,0.));
#394 = DIRECTION('',(0.,0.,1.));
#395 = DIRECTION('',(1.,0.,-0.));
#396 = ORIENTED_EDGE('',*,*,#397,.F.);
#397 = EDGE_CURVE('',#398,#389,#400,.T.);
#398 = VERTEX_POINT('',#399);
#399 = CARTESIAN_POINT('',(-22.66822772502,-31.65126843052,0.));
#400 = CIRCLE('',#401,4.178061783831);
#401 = AXIS2_PLACEMENT_3D('',#402,#403,#404);
#402 = CARTESIAN_POINT('',(-25.16666666666,-35.,0.));
#403 = DIRECTION('',(0.,0.,1.));
#404 = DIRECTION('',(1.,0.,-0.));
#405 = ORIENTED_EDGE('',*,*,#406,.F.);
#406 = EDGE_CURVE('',#407,#398,#409,.T.);
#407 = VERTEX_POINT('',#408);
#408 = CARTESIAN_POINT('',(-17.61426048201,-31.63935055813,0.));
#409 = CIRCLE('',#410,4.199963416672);
#410 = AXIS2_PLACEMENT_3D('',#411,#412,#413);
#411 = CARTESIAN_POINT('',(-20.13333333333,-35.,0.));
#412 = DIRECTION('',(0.,0.,1.));
#413 = DIRECTION('',(1.,0.,-0.));
#414 = ORIENTED_EDGE('',*,*,#415,.F.);
#415 = EDGE_CURVE('',#416,#407,#418,.T.);
#416 = VERTEX_POINT('',#417);
#417 = CARTESIAN_POINT('',(-12.5186594775,-31.69059649642,0.));
#418 = CIRCLE('',#419,4.197078798703);
#419 = AXIS2_PLACEMENT_3D('',#420,#421,#422);
#420 = CARTESIAN_POINT('',(-15.1,-35.,0.));
#421 = DIRECTION('',(0.,0.,1.));
#422 = DIRECTION('',(1.,0.,-0.));
#423 = ORIENTED_EDGE('',*,*,#424,.F.);
#424 = EDGE_CURVE('',#425,#416,#427,.T.);
#425 = VERTEX_POINT('',#426);
#426 = CARTESIAN_POINT('',(-7.259088893467,-31.98637637697,0.));
#427 = CIRCLE('',#428,4.118788692546);
#428 = AXIS2_PLACEMENT_3D('',#429,#430,#431);
#429 = CARTESIAN_POINT('',(-10.06666666666,-35.,0.));
#430 = DIRECTION('',(0.,0.,1.));
#431 = DIRECTION('',(1.,0.,-0.));
#432 = ORIENTED_EDGE('',*,*,#433,.F.);
#433 = EDGE_CURVE('',#434,#425,#436,.T.);
#434 = VERTEX_POINT('',#435);
#435 = CARTESIAN_POINT('',(-1.85746979699,-33.01258812691,0.));
#436 = CIRCLE('',#437,3.746453677112);
#437 = AXIS2_PLACEMENT_3D('',#438,#439,#440);
#438 = CARTESIAN_POINT('',(-5.033333333333,-35.,0.));
#439 = DIRECTION('',(0.,0.,1.));
#440 = DIRECTION('',(1.,0.,-0.));
#441 = ORIENTED_EDGE('',*,*,#442,.F.);
#442 = EDGE_CURVE('',#443,#434,#445,.T.);
#443 = VERTEX_POINT('',#444);
#444 = CARTESIAN_POINT('',(2.720294101747,-35.,0.));
#445 = CIRCLE('',#446,2.720294101747);
#446 = AXIS2_PLACEMENT_3D('',#447,#448,#449);
#447 = CARTESIAN_POINT('',(0.,-35.,0.));
#448 = DIRECTION('',(0.,0.,1.));
#449 = DIRECTION('',(1.,0.,-0.));
#450 = ORIENTED_EDGE('',*,*,#451,.F.);
#451 = EDGE_CURVE('',#452,#443,#454,.T.);
#452 = VERTEX_POINT('',#453);
#453 = CARTESIAN_POINT('',(-1.85746979699,-36.98741187308,0.));
#454 = CIRCLE('',#455,2.720294101747);
#455 = AXIS2_PLACEMENT_3D('',#456,#457,#458);
#456 = CARTESIAN_POINT('',(0.,-35.,0.));
#457 = DIRECTION('',(0.,0.,1.));
#458 = DIRECTION('',(1.,0.,-0.));
#459 = ORIENTED_EDGE('',*,*,#460,.F.);
#460 = EDGE_CURVE('',#461,#452,#463,.T.);
#461 = VERTEX_POINT('',#462);
#462 = CARTESIAN_POINT('',(-7.259088893467,-38.01362362303,0.));
#463 = CIRCLE('',#464,3.746453677112);
#464 = AXIS2_PLACEMENT_3D('',#465,#466,#467);
#465 = CARTESIAN_POINT('',(-5.033333333333,-35.,0.));
#466 = DIRECTION('',(0.,0.,1.));
#467 = DIRECTION('',(1.,0.,-0.));
#468 = ORIENTED_EDGE('',*,*,#469,.F.);
#469 = EDGE_CURVE('',#470,#461,#472,.T.);
#470 = VERTEX_POINT('',#471);
#471 = CARTESIAN_POINT('',(-12.5186594775,-38.30940350357,0.));
#472 = CIRCLE('',#473,4.118788692546);
#473 = AXIS2_PLACEMENT_3D('',#474,#475,#476);
#474 = CARTESIAN_POINT('',(-10.06666666666,-35.,0.));
#475 = DIRECTION('',(0.,0.,1.));
#476 = DIRECTION('',(1.,0.,-0.));
#477 = ORIENTED_EDGE('',*,*,#478,.F.);
#478 = EDGE_CURVE('',#479,#470,#481,.T.);
#479 = VERTEX_POINT('',#480);
#480 = CARTESIAN_POINT('',(-17.61426048201,-38.36064944186,0.));
#481 = CIRCLE('',#482,4.197078798703);
#482 = AXIS2_PLACEMENT_3D('',#483,#484,#485);
#483 = CARTESIAN_POINT('',(-15.1,-35.,0.));
#484 = DIRECTION('',(0.,0.,1.));
#485 = DIRECTION('',(1.,0.,-0.));
#486 = ORIENTED_EDGE('',*,*,#487,.F.);
#487 = EDGE_CURVE('',#488,#479,#490,.T.);
#488 = VERTEX_POINT('',#489);
#489 = CARTESIAN_POINT('',(-22.66822772502,-38.34873156947,0.));
#490 = CIRCLE('',#491,4.199963416672);
#491 = AXIS2_PLACEMENT_3D('',#492,#493,#494);
#492 = CARTESIAN_POINT('',(-20.13333333333,-35.,0.));
#493 = DIRECTION('',(0.,0.,1.));
#494 = DIRECTION('',(1.,0.,-0.));
#495 = ORIENTED_EDGE('',*,*,#496,.F.);
#496 = EDGE_CURVE('',#497,#488,#499,.T.);
#497 = VERTEX_POINT('',#498);
#498 = CARTESIAN_POINT('',(-27.83792187221,-38.21256842672,0.));
#499 = CIRCLE('',#500,4.178061783831);
#500 = AXIS2_PLACEMENT_3D('',#501,#502,#503);
#501 = CARTESIAN_POINT('',(-25.16666666666,-35.,0.));
#502 = DIRECTION('',(0.,0.,1.));
#503 = DIRECTION('',(1.,0.,-0.));
#504 = ORIENTED_EDGE('',*,*,#505,.F.);
#505 = EDGE_CURVE('',#380,#497,#506,.T.);
#506 = CIRCLE('',#507,3.987481533268);
#507 = AXIS2_PLACEMENT_3D('',#508,#509,#510);
#508 = CARTESIAN_POINT('',(-30.2,-35.,0.));
#509 = DIRECTION('',(0.,0.,1.));
#510 = DIRECTION('',(1.,0.,-0.));
#511 = FACE_BOUND('',#512,.F.);
#512 = EDGE_LOOP('',(#513));
#513 = ORIENTED_EDGE('',*,*,#514,.F.);
#514 = EDGE_CURVE('',#515,#515,#517,.T.);
#515 = VERTEX_POINT('',#516);
#516 = CARTESIAN_POINT('',(36.876294475656,-35.,-4.440892098501E-16));
#517 = CIRCLE('',#518,1.642961142323);
#518 = AXIS2_PLACEMENT_3D('',#519,#520,#521);
#519 = CARTESIAN_POINT('',(35.233333333333,-35.,0.));
#520 = DIRECTION('',(0.,0.,1.));
#521 = DIRECTION('',(1.,0.,-0.));
#522 = FACE_BOUND('',#523,.F.);
#523 = EDGE_LOOP('',(#524,#535,#544,#553,#562,#571,#580,#589,#598,#607,
    #616,#625,#634,#643,#652));
#524 = ORIENTED_EDGE('',*,*,#525,.F.);
#525 = EDGE_CURVE('',#526,#528,#530,.T.);
#526 = VERTEX_POINT('',#527);
#527 = CARTESIAN_POINT('',(42.317973253161,-32.35282689283,0.));
#528 = VERTEX_POINT('',#529);
#529 = CARTESIAN_POINT('',(42.317973253161,-37.64717310716,0.));
#530 = CIRCLE('',#531,3.348937767573);
#531 = AXIS2_PLACEMENT_3D('',#532,#533,#534);
#532 = CARTESIAN_POINT('',(40.266666666667,-35.,0.));
#533 = DIRECTION('',(0.,0.,1.));
#534 = DIRECTION('',(1.,0.,-0.));
#535 = ORIENTED_EDGE('',*,*,#536,.F.);
#536 = EDGE_CURVE('',#537,#526,#539,.T.);
#537 = VERTEX_POINT('',#538);
#538 = CARTESIAN_POINT('',(47.66207812779,-31.78743157327,0.));
#539 = CIRCLE('',#540,3.987481533268);
#540 = AXIS2_PLACEMENT_3D('',#541,#542,#543);
#541 = CARTESIAN_POINT('',(45.3,-35.,0.));
#542 = DIRECTION('',(0.,0.,1.));
#543 = DIRECTION('',(1.,0.,-0.));
#544 = ORIENTED_EDGE('',*,*,#545,.F.);
#545 = EDGE_CURVE('',#546,#537,#548,.T.);
#546 = VERTEX_POINT('',#547);
#547 = CARTESIAN_POINT('',(52.831772274979,-31.65126843052,0.));
#548 = CIRCLE('',#549,4.178061783831);
#549 = AXIS2_PLACEMENT_3D('',#550,#551,#552);
#550 = CARTESIAN_POINT('',(50.333333333333,-35.,0.));
#551 = DIRECTION('',(0.,0.,1.));
#552 = DIRECTION('',(1.,0.,-0.));
#553 = ORIENTED_EDGE('',*,*,#554,.F.);
#554 = EDGE_CURVE('',#555,#546,#557,.T.);
#555 = VERTEX_POINT('',#556);
#556 = CARTESIAN_POINT('',(57.885739517988,-31.63935055813,0.));
#557 = CIRCLE('',#558,4.199963416672);
#558 = AXIS2_PLACEMENT_3D('',#559,#560,#561);
#559 = CARTESIAN_POINT('',(55.366666666667,-35.,0.));
#560 = DIRECTION('',(0.,0.,1.));
#561 = DIRECTION('',(1.,0.,-0.));
#562 = ORIENTED_EDGE('',*,*,#563,.F.);
#563 = EDGE_CURVE('',#564,#555,#566,.T.);
#564 = VERTEX_POINT('',#565);
#565 = CARTESIAN_POINT('',(62.981340522496,-31.69059649642,0.));
#566 = CIRCLE('',#567,4.197078798703);
#567 = AXIS2_PLACEMENT_3D('',#568,#569,#570);
#568 = CARTESIAN_POINT('',(60.4,-35.,0.));
#569 = DIRECTION('',(0.,0.,1.));
#570 = DIRECTION('',(1.,0.,-0.));
#571 = ORIENTED_EDGE('',*,*,#572,.F.);
#572 = EDGE_CURVE('',#573,#564,#575,.T.);
#573 = VERTEX_POINT('',#574);
#574 = CARTESIAN_POINT('',(68.240911106533,-31.98637637697,0.));
#575 = CIRCLE('',#576,4.118788692546);
#576 = AXIS2_PLACEMENT_3D('',#577,#578,#579);
#577 = CARTESIAN_POINT('',(65.433333333333,-35.,0.));
#578 = DIRECTION('',(0.,0.,1.));
#579 = DIRECTION('',(1.,0.,-0.));
#580 = ORIENTED_EDGE('',*,*,#581,.F.);
#581 = EDGE_CURVE('',#582,#573,#584,.T.);
#582 = VERTEX_POINT('',#583);
#583 = CARTESIAN_POINT('',(73.64253020301,-33.01258812691,0.));
#584 = CIRCLE('',#585,3.746453677112);
#585 = AXIS2_PLACEMENT_3D('',#586,#587,#588);
#586 = CARTESIAN_POINT('',(70.466666666667,-35.,0.));
#587 = DIRECTION('',(0.,0.,1.));
#588 = DIRECTION('',(1.,0.,-0.));
#589 = ORIENTED_EDGE('',*,*,#590,.F.);
#590 = EDGE_CURVE('',#591,#582,#593,.T.);
#591 = VERTEX_POINT('',#592);
#592 = CARTESIAN_POINT('',(78.220294101747,-35.,-8.881784197001E-16));
#593 = CIRCLE('',#594,2.720294101747);
#594 = AXIS2_PLACEMENT_3D('',#595,#596,#597);
#595 = CARTESIAN_POINT('',(75.5,-35.,0.));
#596 = DIRECTION('',(0.,0.,1.));
#597 = DIRECTION('',(1.,0.,-0.));
#598 = ORIENTED_EDGE('',*,*,#599,.F.);
#599 = EDGE_CURVE('',#600,#591,#602,.T.);
#600 = VERTEX_POINT('',#601);
#601 = CARTESIAN_POINT('',(73.64253020301,-36.98741187308,0.));
#602 = CIRCLE('',#603,2.720294101747);
#603 = AXIS2_PLACEMENT_3D('',#604,#605,#606);
#604 = CARTESIAN_POINT('',(75.5,-35.,0.));
#605 = DIRECTION('',(0.,0.,1.));
#606 = DIRECTION('',(1.,0.,-0.));
#607 = ORIENTED_EDGE('',*,*,#608,.F.);
#608 = EDGE_CURVE('',#609,#600,#611,.T.);
#609 = VERTEX_POINT('',#610);
#610 = CARTESIAN_POINT('',(68.240911106533,-38.01362362303,0.));
#611 = CIRCLE('',#612,3.746453677112);
#612 = AXIS2_PLACEMENT_3D('',#613,#614,#615);
#613 = CARTESIAN_POINT('',(70.466666666667,-35.,0.));
#614 = DIRECTION('',(0.,0.,1.));
#615 = DIRECTION('',(1.,0.,-0.));
#616 = ORIENTED_EDGE('',*,*,#617,.F.);
#617 = EDGE_CURVE('',#618,#609,#620,.T.);
#618 = VERTEX_POINT('',#619);
#619 = CARTESIAN_POINT('',(62.981340522496,-38.30940350357,0.));
#620 = CIRCLE('',#621,4.118788692546);
#621 = AXIS2_PLACEMENT_3D('',#622,#623,#624);
#622 = CARTESIAN_POINT('',(65.433333333333,-35.,0.));
#623 = DIRECTION('',(0.,0.,1.));
#624 = DIRECTION('',(1.,0.,-0.));
#625 = ORIENTED_EDGE('',*,*,#626,.F.);
#626 = EDGE_CURVE('',#627,#618,#629,.T.);
#627 = VERTEX_POINT('',#628);
#628 = CARTESIAN_POINT('',(57.885739517988,-38.36064944186,0.));
#629 = CIRCLE('',#630,4.197078798703);
#630 = AXIS2_PLACEMENT_3D('',#631,#632,#633);
#631 = CARTESIAN_POINT('',(60.4,-35.,0.));
#632 = DIRECTION('',(0.,0.,1.));
#633 = DIRECTION('',(1.,0.,-0.));
#634 = ORIENTED_EDGE('',*,*,#635,.F.);
#635 = EDGE_CURVE('',#636,#627,#638,.T.);
#636 = VERTEX_POINT('',#637);
#637 = CARTESIAN_POINT('',(52.831772274979,-38.34873156947,0.));
#638 = CIRCLE('',#639,4.199963416672);
#639 = AXIS2_PLACEMENT_3D('',#640,#641,#642);
#640 = CARTESIAN_POINT('',(55.366666666667,-35.,0.));
#641 = DIRECTION('',(0.,0.,1.));
#642 = DIRECTION('',(1.,0.,-0.));
#643 = ORIENTED_EDGE('',*,*,#644,.F.);
#644 = EDGE_CURVE('',#645,#636,#647,.T.);
#645 = VERTEX_POINT('',#646);
#646 = CARTESIAN_POINT('',(47.66207812779,-38.21256842672,0.));
#647 = CIRCLE('',#648,4.178061783831);
#648 = AXIS2_PLACEMENT_3D('',#649,#650,#651);
#649 = CARTESIAN_POINT('',(50.333333333333,-35.,0.));
#650 = DIRECTION('',(0.,0.,1.));
#651 = DIRECTION('',(1.,0.,-0.));
#652 = ORIENTED_EDGE('',*,*,#653,.F.);
#653 = EDGE_CURVE('',#528,#645,#654,.T.);
#654 = CIRCLE('',#655,3.987481533268);
#655 = AXIS2_PLACEMENT_3D('',#656,#657,#658);
#656 = CARTESIAN_POINT('',(45.3,-35.,0.));
#657 = DIRECTION('',(0.,0.,1.));
#658 = DIRECTION('',(1.,0.,-0.));
#659 = FACE_BOUND('',#660,.F.);
#660 = EDGE_LOOP('',(#661));
#661 = ORIENTED_EDGE('',*,*,#662,.F.);
#662 = EDGE_CURVE('',#663,#663,#665,.T.);
#663 = VERTEX_POINT('',#664);
#664 = CARTESIAN_POINT('',(-72.77970589825,35.,-1.7763568394E-15));
#665 = CIRCLE('',#666,2.720294101747);
#666 = AXIS2_PLACEMENT_3D('',#667,#668,#669);
#667 = CARTESIAN_POINT('',(-75.5,35.,0.));
#668 = DIRECTION('',(0.,0.,1.));
#669 = DIRECTION('',(1.,0.,-0.));
#670 = FACE_BOUND('',#671,.F.);
#671 = EDGE_LOOP('',(#672));
#672 = ORIENTED_EDGE('',*,*,#673,.F.);
#673 = EDGE_CURVE('',#674,#674,#676,.T.);
#674 = VERTEX_POINT('',#675);
#675 = CARTESIAN_POINT('',(-38.62370552434,35.,-8.881784197001E-16));
#676 = CIRCLE('',#677,1.642961142323);
#677 = AXIS2_PLACEMENT_3D('',#678,#679,#680);
#678 = CARTESIAN_POINT('',(-40.26666666666,35.,0.));
#679 = DIRECTION('',(0.,0.,1.));
#680 = DIRECTION('',(1.,0.,-0.));
#681 = FACE_BOUND('',#682,.F.);
#682 = EDGE_LOOP('',(#683,#694,#703,#712,#721,#730,#739,#748,#757,#766,
    #775,#784,#793,#802,#811));
#683 = ORIENTED_EDGE('',*,*,#684,.F.);
#684 = EDGE_CURVE('',#685,#687,#689,.T.);
#685 = VERTEX_POINT('',#686);
#686 = CARTESIAN_POINT('',(-33.18202674683,37.647173107162,0.));
#687 = VERTEX_POINT('',#688);
#688 = CARTESIAN_POINT('',(-33.18202674683,32.352826892838,0.));
#689 = CIRCLE('',#690,3.348937767573);
#690 = AXIS2_PLACEMENT_3D('',#691,#692,#693);
#691 = CARTESIAN_POINT('',(-35.23333333333,35.,0.));
#692 = DIRECTION('',(0.,0.,1.));
#693 = DIRECTION('',(1.,0.,-0.));
#694 = ORIENTED_EDGE('',*,*,#695,.F.);
#695 = EDGE_CURVE('',#696,#685,#698,.T.);
#696 = VERTEX_POINT('',#697);
#697 = CARTESIAN_POINT('',(-27.83792187221,38.212568426721,0.));
#698 = CIRCLE('',#699,3.987481533268);
#699 = AXIS2_PLACEMENT_3D('',#700,#701,#702);
#700 = CARTESIAN_POINT('',(-30.2,35.,0.));
#701 = DIRECTION('',(0.,0.,1.));
#702 = DIRECTION('',(1.,0.,-0.));
#703 = ORIENTED_EDGE('',*,*,#704,.F.);
#704 = EDGE_CURVE('',#705,#696,#707,.T.);
#705 = VERTEX_POINT('',#706);
#706 = CARTESIAN_POINT('',(-22.66822772502,38.348731569471,0.));
#707 = CIRCLE('',#708,4.178061783831);
#708 = AXIS2_PLACEMENT_3D('',#709,#710,#711);
#709 = CARTESIAN_POINT('',(-25.16666666666,35.,0.));
#710 = DIRECTION('',(0.,0.,1.));
#711 = DIRECTION('',(1.,0.,-0.));
#712 = ORIENTED_EDGE('',*,*,#713,.F.);
#713 = EDGE_CURVE('',#714,#705,#716,.T.);
#714 = VERTEX_POINT('',#715);
#715 = CARTESIAN_POINT('',(-17.61426048201,38.360649441867,0.));
#716 = CIRCLE('',#717,4.199963416672);
#717 = AXIS2_PLACEMENT_3D('',#718,#719,#720);
#718 = CARTESIAN_POINT('',(-20.13333333333,35.,0.));
#719 = DIRECTION('',(0.,0.,1.));
#720 = DIRECTION('',(1.,0.,-0.));
#721 = ORIENTED_EDGE('',*,*,#722,.F.);
#722 = EDGE_CURVE('',#723,#714,#725,.T.);
#723 = VERTEX_POINT('',#724);
#724 = CARTESIAN_POINT('',(-12.5186594775,38.309403503571,0.));
#725 = CIRCLE('',#726,4.197078798703);
#726 = AXIS2_PLACEMENT_3D('',#727,#728,#729);
#727 = CARTESIAN_POINT('',(-15.1,35.,0.));
#728 = DIRECTION('',(0.,0.,1.));
#729 = DIRECTION('',(1.,0.,-0.));
#730 = ORIENTED_EDGE('',*,*,#731,.F.);
#731 = EDGE_CURVE('',#732,#723,#734,.T.);
#732 = VERTEX_POINT('',#733);
#733 = CARTESIAN_POINT('',(-7.259088893467,38.01362362303,0.));
#734 = CIRCLE('',#735,4.118788692546);
#735 = AXIS2_PLACEMENT_3D('',#736,#737,#738);
#736 = CARTESIAN_POINT('',(-10.06666666666,35.,0.));
#737 = DIRECTION('',(0.,0.,1.));
#738 = DIRECTION('',(1.,0.,-0.));
#739 = ORIENTED_EDGE('',*,*,#740,.F.);
#740 = EDGE_CURVE('',#741,#732,#743,.T.);
#741 = VERTEX_POINT('',#742);
#742 = CARTESIAN_POINT('',(-1.85746979699,36.987411873083,0.));
#743 = CIRCLE('',#744,3.746453677112);
#744 = AXIS2_PLACEMENT_3D('',#745,#746,#747);
#745 = CARTESIAN_POINT('',(-5.033333333333,35.,0.));
#746 = DIRECTION('',(0.,0.,1.));
#747 = DIRECTION('',(1.,0.,-0.));
#748 = ORIENTED_EDGE('',*,*,#749,.F.);
#749 = EDGE_CURVE('',#750,#741,#752,.T.);
#750 = VERTEX_POINT('',#751);
#751 = CARTESIAN_POINT('',(2.720294101747,35.,0.));
#752 = CIRCLE('',#753,2.720294101747);
#753 = AXIS2_PLACEMENT_3D('',#754,#755,#756);
#754 = CARTESIAN_POINT('',(0.,35.,0.));
#755 = DIRECTION('',(0.,0.,1.));
#756 = DIRECTION('',(1.,0.,-0.));
#757 = ORIENTED_EDGE('',*,*,#758,.F.);
#758 = EDGE_CURVE('',#759,#750,#761,.T.);
#759 = VERTEX_POINT('',#760);
#760 = CARTESIAN_POINT('',(-1.85746979699,33.012588126917,0.));
#761 = CIRCLE('',#762,2.720294101747);
#762 = AXIS2_PLACEMENT_3D('',#763,#764,#765);
#763 = CARTESIAN_POINT('',(0.,35.,0.));
#764 = DIRECTION('',(0.,0.,1.));
#765 = DIRECTION('',(1.,0.,-0.));
#766 = ORIENTED_EDGE('',*,*,#767,.F.);
#767 = EDGE_CURVE('',#768,#759,#770,.T.);
#768 = VERTEX_POINT('',#769);
#769 = CARTESIAN_POINT('',(-7.259088893467,31.98637637697,0.));
#770 = CIRCLE('',#771,3.746453677112);
#771 = AXIS2_PLACEMENT_3D('',#772,#773,#774);
#772 = CARTESIAN_POINT('',(-5.033333333333,35.,0.));
#773 = DIRECTION('',(0.,0.,1.));
#774 = DIRECTION('',(1.,0.,-0.));
#775 = ORIENTED_EDGE('',*,*,#776,.F.);
#776 = EDGE_CURVE('',#777,#768,#779,.T.);
#777 = VERTEX_POINT('',#778);
#778 = CARTESIAN_POINT('',(-12.5186594775,31.690596496429,0.));
#779 = CIRCLE('',#780,4.118788692546);
#780 = AXIS2_PLACEMENT_3D('',#781,#782,#783);
#781 = CARTESIAN_POINT('',(-10.06666666666,35.,0.));
#782 = DIRECTION('',(0.,0.,1.));
#783 = DIRECTION('',(1.,0.,-0.));
#784 = ORIENTED_EDGE('',*,*,#785,.F.);
#785 = EDGE_CURVE('',#786,#777,#788,.T.);
#786 = VERTEX_POINT('',#787);
#787 = CARTESIAN_POINT('',(-17.61426048201,31.639350558133,0.));
#788 = CIRCLE('',#789,4.197078798703);
#789 = AXIS2_PLACEMENT_3D('',#790,#791,#792);
#790 = CARTESIAN_POINT('',(-15.1,35.,0.));
#791 = DIRECTION('',(0.,0.,1.));
#792 = DIRECTION('',(1.,0.,-0.));
#793 = ORIENTED_EDGE('',*,*,#794,.F.);
#794 = EDGE_CURVE('',#795,#786,#797,.T.);
#795 = VERTEX_POINT('',#796);
#796 = CARTESIAN_POINT('',(-22.66822772502,31.651268430529,0.));
#797 = CIRCLE('',#798,4.199963416672);
#798 = AXIS2_PLACEMENT_3D('',#799,#800,#801);
#799 = CARTESIAN_POINT('',(-20.13333333333,35.,0.));
#800 = DIRECTION('',(0.,0.,1.));
#801 = DIRECTION('',(1.,0.,-0.));
#802 = ORIENTED_EDGE('',*,*,#803,.F.);
#803 = EDGE_CURVE('',#804,#795,#806,.T.);
#804 = VERTEX_POINT('',#805);
#805 = CARTESIAN_POINT('',(-27.83792187221,31.787431573279,0.));
#806 = CIRCLE('',#807,4.178061783831);
#807 = AXIS2_PLACEMENT_3D('',#808,#809,#810);
#808 = CARTESIAN_POINT('',(-25.16666666666,35.,0.));
#809 = DIRECTION('',(0.,0.,1.));
#810 = DIRECTION('',(1.,0.,-0.));
#811 = ORIENTED_EDGE('',*,*,#812,.F.);
#812 = EDGE_CURVE('',#687,#804,#813,.T.);
#813 = CIRCLE('',#814,3.987481533268);
#814 = AXIS2_PLACEMENT_3D('',#815,#816,#817);
#815 = CARTESIAN_POINT('',(-30.2,35.,0.));
#816 = DIRECTION('',(0.,0.,1.));
#817 = DIRECTION('',(1.,0.,-0.));
#818 = FACE_BOUND('',#819,.F.);
#819 = EDGE_LOOP('',(#820));
#820 = ORIENTED_EDGE('',*,*,#821,.F.);
#821 = EDGE_CURVE('',#822,#822,#824,.T.);
#822 = VERTEX_POINT('',#823);
#823 = CARTESIAN_POINT('',(36.876294475656,35.,-4.440892098501E-16));
#824 = CIRCLE('',#825,1.642961142323);
#825 = AXIS2_PLACEMENT_3D('',#826,#827,#828);
#826 = CARTESIAN_POINT('',(35.233333333333,35.,0.));
#827 = DIRECTION('',(0.,0.,1.));
#828 = DIRECTION('',(1.,0.,-0.));
#829 = FACE_BOUND('',#830,.F.);
#830 = EDGE_LOOP('',(#831,#842,#851,#860,#869,#878,#887,#896,#905,#914,
    #923,#932,#941,#950,#959));
#831 = ORIENTED_EDGE('',*,*,#832,.F.);
#832 = EDGE_CURVE('',#833,#835,#837,.T.);
#833 = VERTEX_POINT('',#834);
#834 = CARTESIAN_POINT('',(42.317973253161,37.647173107162,0.));
#835 = VERTEX_POINT('',#836);
#836 = CARTESIAN_POINT('',(42.317973253161,32.352826892838,0.));
#837 = CIRCLE('',#838,3.348937767573);
#838 = AXIS2_PLACEMENT_3D('',#839,#840,#841);
#839 = CARTESIAN_POINT('',(40.266666666667,35.,0.));
#840 = DIRECTION('',(0.,0.,1.));
#841 = DIRECTION('',(1.,0.,-0.));
#842 = ORIENTED_EDGE('',*,*,#843,.F.);
#843 = EDGE_CURVE('',#844,#833,#846,.T.);
#844 = VERTEX_POINT('',#845);
#845 = CARTESIAN_POINT('',(47.66207812779,38.212568426721,0.));
#846 = CIRCLE('',#847,3.987481533268);
#847 = AXIS2_PLACEMENT_3D('',#848,#849,#850);
#848 = CARTESIAN_POINT('',(45.3,35.,0.));
#849 = DIRECTION('',(0.,0.,1.));
#850 = DIRECTION('',(1.,0.,-0.));
#851 = ORIENTED_EDGE('',*,*,#852,.F.);
#852 = EDGE_CURVE('',#853,#844,#855,.T.);
#853 = VERTEX_POINT('',#854);
#854 = CARTESIAN_POINT('',(52.831772274979,38.348731569471,0.));
#855 = CIRCLE('',#856,4.178061783831);
#856 = AXIS2_PLACEMENT_3D('',#857,#858,#859);
#857 = CARTESIAN_POINT('',(50.333333333333,35.,0.));
#858 = DIRECTION('',(0.,0.,1.));
#859 = DIRECTION('',(1.,0.,-0.));
#860 = ORIENTED_EDGE('',*,*,#861,.F.);
#861 = EDGE_CURVE('',#862,#853,#864,.T.);
#862 = VERTEX_POINT('',#863);
#863 = CARTESIAN_POINT('',(57.885739517988,38.360649441867,0.));
#864 = CIRCLE('',#865,4.199963416672);
#865 = AXIS2_PLACEMENT_3D('',#866,#867,#868);
#866 = CARTESIAN_POINT('',(55.366666666667,35.,0.));
#867 = DIRECTION('',(0.,0.,1.));
#868 = DIRECTION('',(1.,0.,-0.));
#869 = ORIENTED_EDGE('',*,*,#870,.F.);
#870 = EDGE_CURVE('',#871,#862,#873,.T.);
#871 = VERTEX_POINT('',#872);
#872 = CARTESIAN_POINT('',(62.981340522496,38.309403503571,0.));
#873 = CIRCLE('',#874,4.197078798703);
#874 = AXIS2_PLACEMENT_3D('',#875,#876,#877);
#875 = CARTESIAN_POINT('',(60.4,35.,0.));
#876 = DIRECTION('',(0.,0.,1.));
#877 = DIRECTION('',(1.,0.,-0.));
#878 = ORIENTED_EDGE('',*,*,#879,.F.);
#879 = EDGE_CURVE('',#880,#871,#882,.T.);
#880 = VERTEX_POINT('',#881);
#881 = CARTESIAN_POINT('',(68.240911106533,38.01362362303,0.));
#882 = CIRCLE('',#883,4.118788692546);
#883 = AXIS2_PLACEMENT_3D('',#884,#885,#886);
#884 = CARTESIAN_POINT('',(65.433333333333,35.,0.));
#885 = DIRECTION('',(0.,0.,1.));
#886 = DIRECTION('',(1.,0.,-0.));
#887 = ORIENTED_EDGE('',*,*,#888,.F.);
#888 = EDGE_CURVE('',#889,#880,#891,.T.);
#889 = VERTEX_POINT('',#890);
#890 = CARTESIAN_POINT('',(73.64253020301,36.987411873083,0.));
#891 = CIRCLE('',#892,3.746453677112);
#892 = AXIS2_PLACEMENT_3D('',#893,#894,#895);
#893 = CARTESIAN_POINT('',(70.466666666667,35.,0.));
#894 = DIRECTION('',(0.,0.,1.));
#895 = DIRECTION('',(1.,0.,-0.));
#896 = ORIENTED_EDGE('',*,*,#897,.F.);
#897 = EDGE_CURVE('',#898,#889,#900,.T.);
#898 = VERTEX_POINT('',#899);
#899 = CARTESIAN_POINT('',(78.220294101747,35.,-8.881784197001E-16));
#900 = CIRCLE('',#901,2.720294101747);
#901 = AXIS2_PLACEMENT_3D('',#902,#903,#904);
#902 = CARTESIAN_POINT('',(75.5,35.,0.));
#903 = DIRECTION('',(0.,0.,1.));
#904 = DIRECTION('',(1.,0.,-0.));
#905 = ORIENTED_EDGE('',*,*,#906,.F.);
#906 = EDGE_CURVE('',#907,#898,#909,.T.);
#907 = VERTEX_POINT('',#908);
#908 = CARTESIAN_POINT('',(73.64253020301,33.012588126917,0.));
#909 = CIRCLE('',#910,2.720294101747);
#910 = AXIS2_PLACEMENT_3D('',#911,#912,#913);
#911 = CARTESIAN_POINT('',(75.5,35.,0.));
#912 = DIRECTION('',(0.,0.,1.));
#913 = DIRECTION('',(1.,0.,-0.));
#914 = ORIENTED_EDGE('',*,*,#915,.F.);
#915 = EDGE_CURVE('',#916,#907,#918,.T.);
#916 = VERTEX_POINT('',#917);
#917 = CARTESIAN_POINT('',(68.240911106533,31.98637637697,0.));
#918 = CIRCLE('',#919,3.746453677112);
#919 = AXIS2_PLACEMENT_3D('',#920,#921,#922);
#920 = CARTESIAN_POINT('',(70.466666666667,35.,0.));
#921 = DIRECTION('',(0.,0.,1.));
#922 = DIRECTION('',(1.,0.,-0.));
#923 = ORIENTED_EDGE('',*,*,#924,.F.);
#924 = EDGE_CURVE('',#925,#916,#927,.T.);
#925 = VERTEX_POINT('',#926);
#926 = CARTESIAN_POINT('',(62.981340522496,31.690596496429,0.));
#927 = CIRCLE('',#928,4.118788692546);
#928 = AXIS2_PLACEMENT_3D('',#929,#930,#931);
#929 = CARTESIAN_POINT('',(65.433333333333,35.,0.));
#930 = DIRECTION('',(0.,0.,1.));
#931 = DIRECTION('',(1.,0.,-0.));
#932 = ORIENTED_EDGE('',*,*,#933,.F.);
#933 = EDGE_CURVE('',#934,#925,#936,.T.);
#934 = VERTEX_POINT('',#935);
#935 = CARTESIAN_POINT('',(57.885739517988,31.639350558133,0.));
#936 = CIRCLE('',#937,4.197078798703);
#937 = AXIS2_PLACEMENT_3D('',#938,#939,#940);
#938 = CARTESIAN_POINT('',(60.4,35.,0.));
#939 = DIRECTION('',(0.,0.,1.));
#940 = DIRECTION('',(1.,0.,-0.));
#941 = ORIENTED_EDGE('',*,*,#942,.F.);
#942 = EDGE_CURVE('',#943,#934,#945,.T.);
#943 = VERTEX_POINT('',#944);
#944 = CARTESIAN_POINT('',(52.831772274979,31.651268430529,0.));
#945 = CIRCLE('',#946,4.199963416672);
#946 = AXIS2_PLACEMENT_3D('',#947,#948,#949);
#947 = CARTESIAN_POINT('',(55.366666666667,35.,0.));
#948 = DIRECTION('',(0.,0.,1.));
#949 = DIRECTION('',(1.,0.,-0.));
#950 = ORIENTED_EDGE('',*,*,#951,.F.);
#951 = EDGE_CURVE('',#952,#943,#954,.T.);
#952 = VERTEX_POINT('',#953);
#953 = CARTESIAN_POINT('',(47.66207812779,31.787431573279,0.));
#954 = CIRCLE('',#955,4.178061783831);
#955 = AXIS2_PLACEMENT_3D('',#956,#957,#958);
#956 = CARTESIAN_POINT('',(50.333333333333,35.,0.));
#957 = DIRECTION('',(0.,0.,1.));
#958 = DIRECTION('',(1.,0.,-0.));
#959 = ORIENTED_EDGE('',*,*,#960,.F.);
#960 = EDGE_CURVE('',#835,#952,#961,.T.);
#961 = CIRCLE('',#962,3.987481533268);
#962 = AXIS2_PLACEMENT_3D('',#963,#964,#965);
#963 = CARTESIAN_POINT('',(45.3,35.,0.));
#964 = DIRECTION('',(0.,0.,1.));
#965 = DIRECTION('',(1.,0.,-0.));
#966 = PLANE('',#967);
#967 = AXIS2_PLACEMENT_3D('',#968,#969,#970);
#968 = CARTESIAN_POINT('',(-99.5,-56.,0.));
#969 = DIRECTION('',(0.,0.,1.));
#970 = DIRECTION('',(1.,0.,-0.));
#971 = ADVANCED_FACE('',(#972),#983,.F.);
#972 = FACE_BOUND('',#973,.F.);
#973 = EDGE_LOOP('',(#974,#975,#976,#977));
#974 = ORIENTED_EDGE('',*,*,#312,.F.);
#975 = ORIENTED_EDGE('',*,*,#269,.T.);
#976 = ORIENTED_EDGE('',*,*,#71,.T.);
#977 = ORIENTED_EDGE('',*,*,#978,.F.);
#978 = EDGE_CURVE('',#313,#72,#979,.T.);
#979 = LINE('',#980,#981);
#980 = CARTESIAN_POINT('',(96.5,-56.,0.));
#981 = VECTOR('',#982,1.);
#982 = DIRECTION('',(0.,0.,1.));
#983 = PLANE('',#984);
#984 = AXIS2_PLACEMENT_3D('',#985,#986,#987);
#985 = CARTESIAN_POINT('',(-99.5,-56.,0.));
#986 = DIRECTION('',(-0.,1.,0.));
#987 = DIRECTION('',(0.,0.,1.));
#988 = ADVANCED_FACE('',(#989),#1000,.T.);
#989 = FACE_BOUND('',#990,.T.);
#990 = EDGE_LOOP('',(#991,#992,#993,#994));
#991 = ORIENTED_EDGE('',*,*,#346,.F.);
#992 = ORIENTED_EDGE('',*,*,#294,.T.);
#993 = ORIENTED_EDGE('',*,*,#105,.T.);
#994 = ORIENTED_EDGE('',*,*,#995,.F.);
#995 = EDGE_CURVE('',#338,#97,#996,.T.);
#996 = LINE('',#997,#998);
#997 = CARTESIAN_POINT('',(96.5,56.,0.));
#998 = VECTOR('',#999,1.);
#999 = DIRECTION('',(0.,0.,1.));
#1000 = PLANE('',#1001);
#1001 = AXIS2_PLACEMENT_3D('',#1002,#1003,#1004);
#1002 = CARTESIAN_POINT('',(-99.5,56.,0.));
#1003 = DIRECTION('',(-0.,1.,0.));
#1004 = DIRECTION('',(0.,0.,1.));
#1005 = ADVANCED_FACE('',(#1006),#1017,.T.);
#1006 = FACE_BOUND('',#1007,.F.);
#1007 = EDGE_LOOP('',(#1008,#1009,#1010,#1011));
#1008 = ORIENTED_EDGE('',*,*,#320,.T.);
#1009 = ORIENTED_EDGE('',*,*,#978,.T.);
#1010 = ORIENTED_EDGE('',*,*,#79,.F.);
#1011 = ORIENTED_EDGE('',*,*,#1012,.F.);
#1012 = EDGE_CURVE('',#321,#80,#1013,.T.);
#1013 = LINE('',#1014,#1015);
#1014 = CARTESIAN_POINT('',(99.5,-53.,0.));
#1015 = VECTOR('',#1016,1.);
#1016 = DIRECTION('',(0.,0.,1.));
#1017 = CYLINDRICAL_SURFACE('',#1018,3.);
#1018 = AXIS2_PLACEMENT_3D('',#1019,#1020,#1021);
#1019 = CARTESIAN_POINT('',(96.5,-53.,0.));
#1020 = DIRECTION('',(0.,0.,1.));
#1021 = DIRECTION('',(1.,0.,-0.));
#1022 = ADVANCED_FACE('',(#1023),#1034,.T.);
#1023 = FACE_BOUND('',#1024,.T.);
#1024 = EDGE_LOOP('',(#1025,#1026,#1027,#1028));
#1025 = ORIENTED_EDGE('',*,*,#337,.T.);
#1026 = ORIENTED_EDGE('',*,*,#995,.T.);
#1027 = ORIENTED_EDGE('',*,*,#96,.F.);
#1028 = ORIENTED_EDGE('',*,*,#1029,.F.);
#1029 = EDGE_CURVE('',#330,#89,#1030,.T.);
#1030 = LINE('',#1031,#1032);
#1031 = CARTESIAN_POINT('',(99.5,53.,0.));
#1032 = VECTOR('',#1033,1.);
#1033 = DIRECTION('',(0.,0.,1.));
#1034 = CYLINDRICAL_SURFACE('',#1035,3.);
#1035 = AXIS2_PLACEMENT_3D('',#1036,#1037,#1038);
#1036 = CARTESIAN_POINT('',(96.5,53.,0.));
#1037 = DIRECTION('',(0.,0.,1.));
#1038 = DIRECTION('',(1.,0.,-0.));
#1039 = ADVANCED_FACE('',(#1040),#1046,.T.);
#1040 = FACE_BOUND('',#1041,.T.);
#1041 = EDGE_LOOP('',(#1042,#1043,#1044,#1045));
#1042 = ORIENTED_EDGE('',*,*,#88,.F.);
#1043 = ORIENTED_EDGE('',*,*,#1012,.F.);
#1044 = ORIENTED_EDGE('',*,*,#329,.T.);
#1045 = ORIENTED_EDGE('',*,*,#1029,.T.);
#1046 = PLANE('',#1047);
#1047 = AXIS2_PLACEMENT_3D('',#1048,#1049,#1050);
#1048 = CARTESIAN_POINT('',(99.5,-56.,0.));
#1049 = DIRECTION('',(1.,0.,-0.));
#1050 = DIRECTION('',(0.,0.,1.));
#1051 = ADVANCED_FACE('',(#1052,#1091),#1111,.F.);
#1052 = FACE_BOUND('',#1053,.F.);
#1053 = EDGE_LOOP('',(#1054,#1065,#1072,#1073,#1074,#1081,#1090));
#1054 = ORIENTED_EDGE('',*,*,#1055,.F.);
#1055 = EDGE_CURVE('',#1056,#1058,#1060,.T.);
#1056 = VERTEX_POINT('',#1057);
#1057 = CARTESIAN_POINT('',(-57.97619597962,-35.,9.673420803922));
#1058 = VERTEX_POINT('',#1059);
#1059 = CARTESIAN_POINT('',(-57.79047068704,-35.,2.952430113401));
#1060 = CIRCLE('',#1061,3.361778165881);
#1061 = AXIS2_PLACEMENT_3D('',#1062,#1063,#1064);
#1062 = CARTESIAN_POINT('',(-57.88333333333,-35.,6.312925458661));
#1063 = DIRECTION('',(0.999618410092,0.,2.762307377364E-02));
#1064 = DIRECTION('',(-2.762307377364E-02,0.,0.999618410092));
#1065 = ORIENTED_EDGE('',*,*,#1066,.T.);
#1066 = EDGE_CURVE('',#1056,#123,#1067,.T.);
#1067 = CIRCLE('',#1068,4.2);
#1068 = AXIS2_PLACEMENT_3D('',#1069,#1070,#1071);
#1069 = CARTESIAN_POINT('',(-60.4,-35.,6.243380852144));
#1070 = DIRECTION('',(-2.449293598295E-16,-1.,0.));
#1071 = DIRECTION('',(1.,-2.449293598295E-16,0.));
#1072 = ORIENTED_EDGE('',*,*,#122,.F.);
#1073 = ORIENTED_EDGE('',*,*,#1066,.F.);
#1074 = ORIENTED_EDGE('',*,*,#1075,.F.);
#1075 = EDGE_CURVE('',#1058,#1056,#1076,.T.);
#1076 = CIRCLE('',#1077,3.361778165881);
#1077 = AXIS2_PLACEMENT_3D('',#1078,#1079,#1080);
#1078 = CARTESIAN_POINT('',(-57.88333333333,-35.,6.312925458661));
#1079 = DIRECTION('',(0.999618410092,0.,2.762307377364E-02));
#1080 = DIRECTION('',(-2.762307377364E-02,0.,0.999618410092));
#1081 = ORIENTED_EDGE('',*,*,#1082,.F.);
#1082 = EDGE_CURVE('',#1083,#1058,#1085,.T.);
#1083 = VERTEX_POINT('',#1084);
#1084 = CARTESIAN_POINT('',(-60.4,-35.,2.043380852144));
#1085 = CIRCLE('',#1086,4.2);
#1086 = AXIS2_PLACEMENT_3D('',#1087,#1088,#1089);
#1087 = CARTESIAN_POINT('',(-60.4,-35.,6.243380852144));
#1088 = DIRECTION('',(-2.449293598295E-16,-1.,0.));
#1089 = DIRECTION('',(1.,-2.449293598295E-16,0.));
#1090 = ORIENTED_EDGE('',*,*,#1082,.T.);
#1091 = FACE_BOUND('',#1092,.F.);
#1092 = EDGE_LOOP('',(#1093,#1104));
#1093 = ORIENTED_EDGE('',*,*,#1094,.T.);
#1094 = EDGE_CURVE('',#1095,#1097,#1099,.T.);
#1095 = VERTEX_POINT('',#1096);
#1096 = CARTESIAN_POINT('',(-62.47819848664,-35.,2.593573864082));
#1097 = VERTEX_POINT('',#1098);
#1098 = CARTESIAN_POINT('',(-63.35513484668,-35.,9.22787042959));
#1099 = CIRCLE('',#1100,3.346001654912);
#1100 = AXIS2_PLACEMENT_3D('',#1101,#1102,#1103);
#1101 = CARTESIAN_POINT('',(-62.91666666666,-35.,5.910722146836));
#1102 = DIRECTION('',(0.991376760942,0.,0.131042427722));
#1103 = DIRECTION('',(-0.131042427722,0.,0.991376760942));
#1104 = ORIENTED_EDGE('',*,*,#1105,.T.);
#1105 = EDGE_CURVE('',#1097,#1095,#1106,.T.);
#1106 = CIRCLE('',#1107,3.346001654912);
#1107 = AXIS2_PLACEMENT_3D('',#1108,#1109,#1110);
#1108 = CARTESIAN_POINT('',(-62.91666666666,-35.,5.910722146836));
#1109 = DIRECTION('',(0.991376760942,0.,0.131042427722));
#1110 = DIRECTION('',(-0.131042427722,0.,0.991376760942));
#1111 = SPHERICAL_SURFACE('',#1112,4.2);
#1112 = AXIS2_PLACEMENT_3D('',#1113,#1114,#1115);
#1113 = CARTESIAN_POINT('',(-60.4,-35.,6.243380852144));
#1114 = DIRECTION('',(0.,0.,1.));
#1115 = DIRECTION('',(1.,0.,-0.));
#1116 = ADVANCED_FACE('',(#1117,#1156),#1160,.F.);
#1117 = FACE_BOUND('',#1118,.F.);
#1118 = EDGE_LOOP('',(#1119,#1130,#1137,#1138,#1139,#1146,#1155));
#1119 = ORIENTED_EDGE('',*,*,#1120,.F.);
#1120 = EDGE_CURVE('',#1121,#1123,#1125,.T.);
#1121 = VERTEX_POINT('',#1122);
#1122 = CARTESIAN_POINT('',(-52.57673135023,-35.,9.521938321133));
#1123 = VERTEX_POINT('',#1124);
#1124 = CARTESIAN_POINT('',(-53.12326864976,-35.,2.831813036156));
#1125 = CIRCLE('',#1126,3.356206167254);
#1126 = AXIS2_PLACEMENT_3D('',#1127,#1128,#1129);
#1127 = CARTESIAN_POINT('',(-52.85,-35.,6.176875678644));
#1128 = DIRECTION('',(0.996679725794,0.,-8.14218901175E-02));
#1129 = DIRECTION('',(8.14218901175E-02,0.,0.996679725794));
#1130 = ORIENTED_EDGE('',*,*,#1131,.T.);
#1131 = EDGE_CURVE('',#1121,#134,#1132,.T.);
#1132 = CIRCLE('',#1133,4.2);
#1133 = AXIS2_PLACEMENT_3D('',#1134,#1135,#1136);
#1134 = CARTESIAN_POINT('',(-55.36666666666,-35.,6.382470065178));
#1135 = DIRECTION('',(-2.449293598295E-16,-1.,0.));
#1136 = DIRECTION('',(1.,-2.449293598295E-16,0.));
#1137 = ORIENTED_EDGE('',*,*,#133,.F.);
#1138 = ORIENTED_EDGE('',*,*,#1131,.F.);
#1139 = ORIENTED_EDGE('',*,*,#1140,.F.);
#1140 = EDGE_CURVE('',#1123,#1121,#1141,.T.);
#1141 = CIRCLE('',#1142,3.356206167254);
#1142 = AXIS2_PLACEMENT_3D('',#1143,#1144,#1145);
#1143 = CARTESIAN_POINT('',(-52.85,-35.,6.176875678644));
#1144 = DIRECTION('',(0.996679725794,0.,-8.14218901175E-02));
#1145 = DIRECTION('',(8.14218901175E-02,0.,0.996679725794));
#1146 = ORIENTED_EDGE('',*,*,#1147,.F.);
#1147 = EDGE_CURVE('',#1148,#1123,#1150,.T.);
#1148 = VERTEX_POINT('',#1149);
#1149 = CARTESIAN_POINT('',(-55.36666666666,-35.,2.182470065178));
#1150 = CIRCLE('',#1151,4.2);
#1151 = AXIS2_PLACEMENT_3D('',#1152,#1153,#1154);
#1152 = CARTESIAN_POINT('',(-55.36666666666,-35.,6.382470065178));
#1153 = DIRECTION('',(-2.449293598295E-16,-1.,0.));
#1154 = DIRECTION('',(1.,-2.449293598295E-16,0.));
#1155 = ORIENTED_EDGE('',*,*,#1147,.T.);
#1156 = FACE_BOUND('',#1157,.F.);
#1157 = EDGE_LOOP('',(#1158,#1159));
#1158 = ORIENTED_EDGE('',*,*,#1075,.T.);
#1159 = ORIENTED_EDGE('',*,*,#1055,.T.);
#1160 = SPHERICAL_SURFACE('',#1161,4.2);
#1161 = AXIS2_PLACEMENT_3D('',#1162,#1163,#1164);
#1162 = CARTESIAN_POINT('',(-55.36666666666,-35.,6.382470065178));
#1163 = DIRECTION('',(0.,0.,1.));
#1164 = DIRECTION('',(1.,0.,-0.));
#1165 = ADVANCED_FACE('',(#1166,#1205),#1209,.F.);
#1166 = FACE_BOUND('',#1167,.F.);
#1167 = EDGE_LOOP('',(#1168,#1179,#1186,#1187,#1188,#1195,#1204));
#1168 = ORIENTED_EDGE('',*,*,#1169,.F.);
#1169 = EDGE_CURVE('',#1170,#1172,#1174,.T.);
#1170 = VERTEX_POINT('',#1171);
#1171 = CARTESIAN_POINT('',(-47.23610924216,-35.,8.808040522131));
#1172 = VERTEX_POINT('',#1173);
#1173 = CARTESIAN_POINT('',(-48.39722409116,-35.,2.244153577315));
#1174 = CIRCLE('',#1175,3.332896619942);
#1175 = AXIS2_PLACEMENT_3D('',#1176,#1177,#1178);
#1176 = CARTESIAN_POINT('',(-47.81666666666,-35.,5.526097049723));
#1177 = DIRECTION('',(0.984712052804,0.,-0.174190048688));
#1178 = DIRECTION('',(0.174190048688,0.,0.984712052804));
#1179 = ORIENTED_EDGE('',*,*,#1180,.T.);
#1180 = EDGE_CURVE('',#1170,#145,#1181,.T.);
#1181 = CIRCLE('',#1182,4.2);
#1182 = AXIS2_PLACEMENT_3D('',#1183,#1184,#1185);
#1183 = CARTESIAN_POINT('',(-50.33333333333,-35.,5.97128129211));
#1184 = DIRECTION('',(-2.449293598295E-16,-1.,0.));
#1185 = DIRECTION('',(1.,-2.449293598295E-16,0.));
#1186 = ORIENTED_EDGE('',*,*,#144,.F.);
#1187 = ORIENTED_EDGE('',*,*,#1180,.F.);
#1188 = ORIENTED_EDGE('',*,*,#1189,.F.);
#1189 = EDGE_CURVE('',#1172,#1170,#1190,.T.);
#1190 = CIRCLE('',#1191,3.332896619942);
#1191 = AXIS2_PLACEMENT_3D('',#1192,#1193,#1194);
#1192 = CARTESIAN_POINT('',(-47.81666666666,-35.,5.526097049723));
#1193 = DIRECTION('',(0.984712052804,0.,-0.174190048688));
#1194 = DIRECTION('',(0.174190048688,0.,0.984712052804));
#1195 = ORIENTED_EDGE('',*,*,#1196,.F.);
#1196 = EDGE_CURVE('',#1197,#1172,#1199,.T.);
#1197 = VERTEX_POINT('',#1198);
#1198 = CARTESIAN_POINT('',(-50.33333333333,-35.,1.77128129211));
#1199 = CIRCLE('',#1200,4.2);
#1200 = AXIS2_PLACEMENT_3D('',#1201,#1202,#1203);
#1201 = CARTESIAN_POINT('',(-50.33333333333,-35.,5.97128129211));
#1202 = DIRECTION('',(-2.449293598295E-16,-1.,0.));
#1203 = DIRECTION('',(1.,-2.449293598295E-16,0.));
#1204 = ORIENTED_EDGE('',*,*,#1196,.T.);
#1205 = FACE_BOUND('',#1206,.F.);
#1206 = EDGE_LOOP('',(#1207,#1208));
#1207 = ORIENTED_EDGE('',*,*,#1140,.T.);
#1208 = ORIENTED_EDGE('',*,*,#1120,.T.);
#1209 = SPHERICAL_SURFACE('',#1210,4.2);
#1210 = AXIS2_PLACEMENT_3D('',#1211,#1212,#1213);
#1211 = CARTESIAN_POINT('',(-50.33333333333,-35.,5.97128129211));
#1212 = DIRECTION('',(0.,0.,1.));
#1213 = DIRECTION('',(1.,0.,-0.));
#1214 = ADVANCED_FACE('',(#1215,#1254),#1274,.F.);
#1215 = FACE_BOUND('',#1216,.F.);
#1216 = EDGE_LOOP('',(#1217,#1228,#1235,#1236,#1237,#1244,#1253));
#1217 = ORIENTED_EDGE('',*,*,#1218,.F.);
#1218 = EDGE_CURVE('',#1219,#1221,#1223,.T.);
#1219 = VERTEX_POINT('',#1220);
#1220 = CARTESIAN_POINT('',(17.52380402038,-35.,9.673420803922));
#1221 = VERTEX_POINT('',#1222);
#1222 = CARTESIAN_POINT('',(17.709529312953,-35.,2.952430113401));
#1223 = CIRCLE('',#1224,3.361778165881);
#1224 = AXIS2_PLACEMENT_3D('',#1225,#1226,#1227);
#1225 = CARTESIAN_POINT('',(17.616666666667,-35.,6.312925458661));
#1226 = DIRECTION('',(0.999618410092,0.,2.762307377364E-02));
#1227 = DIRECTION('',(-2.762307377364E-02,0.,0.999618410092));
#1228 = ORIENTED_EDGE('',*,*,#1229,.T.);
#1229 = EDGE_CURVE('',#1219,#156,#1230,.T.);
#1230 = CIRCLE('',#1231,4.2);
#1231 = AXIS2_PLACEMENT_3D('',#1232,#1233,#1234);
#1232 = CARTESIAN_POINT('',(15.1,-35.,6.243380852144));
#1233 = DIRECTION('',(-2.449293598295E-16,-1.,0.));
#1234 = DIRECTION('',(1.,-2.449293598295E-16,0.));
#1235 = ORIENTED_EDGE('',*,*,#155,.F.);
#1236 = ORIENTED_EDGE('',*,*,#1229,.F.);
#1237 = ORIENTED_EDGE('',*,*,#1238,.F.);
#1238 = EDGE_CURVE('',#1221,#1219,#1239,.T.);
#1239 = CIRCLE('',#1240,3.361778165881);
#1240 = AXIS2_PLACEMENT_3D('',#1241,#1242,#1243);
#1241 = CARTESIAN_POINT('',(17.616666666667,-35.,6.312925458661));
#1242 = DIRECTION('',(0.999618410092,0.,2.762307377364E-02));
#1243 = DIRECTION('',(-2.762307377364E-02,0.,0.999618410092));
#1244 = ORIENTED_EDGE('',*,*,#1245,.F.);
#1245 = EDGE_CURVE('',#1246,#1221,#1248,.T.);
#1246 = VERTEX_POINT('',#1247);
#1247 = CARTESIAN_POINT('',(15.1,-35.,2.043380852144));
#1248 = CIRCLE('',#1249,4.2);
#1249 = AXIS2_PLACEMENT_3D('',#1250,#1251,#1252);
#1250 = CARTESIAN_POINT('',(15.1,-35.,6.243380852144));
#1251 = DIRECTION('',(-2.449293598295E-16,-1.,0.));
#1252 = DIRECTION('',(1.,-2.449293598295E-16,0.));
#1253 = ORIENTED_EDGE('',*,*,#1245,.T.);
#1254 = FACE_BOUND('',#1255,.F.);
#1255 = EDGE_LOOP('',(#1256,#1267));
#1256 = ORIENTED_EDGE('',*,*,#1257,.T.);
#1257 = EDGE_CURVE('',#1258,#1260,#1262,.T.);
#1258 = VERTEX_POINT('',#1259);
#1259 = CARTESIAN_POINT('',(13.021801513356,-35.,2.593573864082));
#1260 = VERTEX_POINT('',#1261);
#1261 = CARTESIAN_POINT('',(12.144865153311,-35.,9.22787042959));
#1262 = CIRCLE('',#1263,3.346001654912);
#1263 = AXIS2_PLACEMENT_3D('',#1264,#1265,#1266);
#1264 = CARTESIAN_POINT('',(12.583333333333,-35.,5.910722146836));
#1265 = DIRECTION('',(0.991376760942,0.,0.131042427722));
#1266 = DIRECTION('',(-0.131042427722,0.,0.991376760942));
#1267 = ORIENTED_EDGE('',*,*,#1268,.T.);
#1268 = EDGE_CURVE('',#1260,#1258,#1269,.T.);
#1269 = CIRCLE('',#1270,3.346001654912);
#1270 = AXIS2_PLACEMENT_3D('',#1271,#1272,#1273);
#1271 = CARTESIAN_POINT('',(12.583333333333,-35.,5.910722146836));
#1272 = DIRECTION('',(0.991376760942,0.,0.131042427722));
#1273 = DIRECTION('',(-0.131042427722,0.,0.991376760942));
#1274 = SPHERICAL_SURFACE('',#1275,4.2);
#1275 = AXIS2_PLACEMENT_3D('',#1276,#1277,#1278);
#1276 = CARTESIAN_POINT('',(15.1,-35.,6.243380852144));
#1277 = DIRECTION('',(0.,0.,1.));
#1278 = DIRECTION('',(1.,0.,-0.));
#1279 = ADVANCED_FACE('',(#1280,#1319),#1323,.F.);
#1280 = FACE_BOUND('',#1281,.F.);
#1281 = EDGE_LOOP('',(#1282,#1293,#1300,#1301,#1302,#1309,#1318));
#1282 = ORIENTED_EDGE('',*,*,#1283,.F.);
#1283 = EDGE_CURVE('',#1284,#1286,#1288,.T.);
#1284 = VERTEX_POINT('',#1285);
#1285 = CARTESIAN_POINT('',(22.923268649762,-35.,9.521938321133));
#1286 = VERTEX_POINT('',#1287);
#1287 = CARTESIAN_POINT('',(22.376731350238,-35.,2.831813036156));
#1288 = CIRCLE('',#1289,3.356206167254);
#1289 = AXIS2_PLACEMENT_3D('',#1290,#1291,#1292);
#1290 = CARTESIAN_POINT('',(22.65,-35.,6.176875678644));
#1291 = DIRECTION('',(0.996679725794,0.,-8.14218901175E-02));
#1292 = DIRECTION('',(8.14218901175E-02,0.,0.996679725794));
#1293 = ORIENTED_EDGE('',*,*,#1294,.T.);
#1294 = EDGE_CURVE('',#1284,#167,#1295,.T.);
#1295 = CIRCLE('',#1296,4.2);
#1296 = AXIS2_PLACEMENT_3D('',#1297,#1298,#1299);
#1297 = CARTESIAN_POINT('',(20.133333333333,-35.,6.382470065178));
#1298 = DIRECTION('',(-2.449293598295E-16,-1.,0.));
#1299 = DIRECTION('',(1.,-2.449293598295E-16,0.));
#1300 = ORIENTED_EDGE('',*,*,#166,.F.);
#1301 = ORIENTED_EDGE('',*,*,#1294,.F.);
#1302 = ORIENTED_EDGE('',*,*,#1303,.F.);
#1303 = EDGE_CURVE('',#1286,#1284,#1304,.T.);
#1304 = CIRCLE('',#1305,3.356206167254);
#1305 = AXIS2_PLACEMENT_3D('',#1306,#1307,#1308);
#1306 = CARTESIAN_POINT('',(22.65,-35.,6.176875678644));
#1307 = DIRECTION('',(0.996679725794,0.,-8.14218901175E-02));
#1308 = DIRECTION('',(8.14218901175E-02,0.,0.996679725794));
#1309 = ORIENTED_EDGE('',*,*,#1310,.F.);
#1310 = EDGE_CURVE('',#1311,#1286,#1313,.T.);
#1311 = VERTEX_POINT('',#1312);
#1312 = CARTESIAN_POINT('',(20.133333333333,-35.,2.182470065178));
#1313 = CIRCLE('',#1314,4.2);
#1314 = AXIS2_PLACEMENT_3D('',#1315,#1316,#1317);
#1315 = CARTESIAN_POINT('',(20.133333333333,-35.,6.382470065178));
#1316 = DIRECTION('',(-2.449293598295E-16,-1.,0.));
#1317 = DIRECTION('',(1.,-2.449293598295E-16,0.));
#1318 = ORIENTED_EDGE('',*,*,#1310,.T.);
#1319 = FACE_BOUND('',#1320,.F.);
#1320 = EDGE_LOOP('',(#1321,#1322));
#1321 = ORIENTED_EDGE('',*,*,#1238,.T.);
#1322 = ORIENTED_EDGE('',*,*,#1218,.T.);
#1323 = SPHERICAL_SURFACE('',#1324,4.2);
#1324 = AXIS2_PLACEMENT_3D('',#1325,#1326,#1327);
#1325 = CARTESIAN_POINT('',(20.133333333333,-35.,6.382470065178));
#1326 = DIRECTION('',(0.,0.,1.));
#1327 = DIRECTION('',(1.,0.,-0.));
#1328 = ADVANCED_FACE('',(#1329,#1368),#1372,.F.);
#1329 = FACE_BOUND('',#1330,.F.);
#1330 = EDGE_LOOP('',(#1331,#1342,#1349,#1350,#1351,#1358,#1367));
#1331 = ORIENTED_EDGE('',*,*,#1332,.F.);
#1332 = EDGE_CURVE('',#1333,#1335,#1337,.T.);
#1333 = VERTEX_POINT('',#1334);
#1334 = CARTESIAN_POINT('',(28.263890757832,-35.,8.808040522131));
#1335 = VERTEX_POINT('',#1336);
#1336 = CARTESIAN_POINT('',(27.102775908835,-35.,2.244153577315));
#1337 = CIRCLE('',#1338,3.332896619942);
#1338 = AXIS2_PLACEMENT_3D('',#1339,#1340,#1341);
#1339 = CARTESIAN_POINT('',(27.683333333333,-35.,5.526097049723));
#1340 = DIRECTION('',(0.984712052804,0.,-0.174190048688));
#1341 = DIRECTION('',(0.174190048688,0.,0.984712052804));
#1342 = ORIENTED_EDGE('',*,*,#1343,.T.);
#1343 = EDGE_CURVE('',#1333,#178,#1344,.T.);
#1344 = CIRCLE('',#1345,4.2);
#1345 = AXIS2_PLACEMENT_3D('',#1346,#1347,#1348);
#1346 = CARTESIAN_POINT('',(25.166666666667,-35.,5.97128129211));
#1347 = DIRECTION('',(-2.449293598295E-16,-1.,0.));
#1348 = DIRECTION('',(1.,-2.449293598295E-16,0.));
#1349 = ORIENTED_EDGE('',*,*,#177,.F.);
#1350 = ORIENTED_EDGE('',*,*,#1343,.F.);
#1351 = ORIENTED_EDGE('',*,*,#1352,.F.);
#1352 = EDGE_CURVE('',#1335,#1333,#1353,.T.);
#1353 = CIRCLE('',#1354,3.332896619942);
#1354 = AXIS2_PLACEMENT_3D('',#1355,#1356,#1357);
#1355 = CARTESIAN_POINT('',(27.683333333333,-35.,5.526097049723));
#1356 = DIRECTION('',(0.984712052804,0.,-0.174190048688));
#1357 = DIRECTION('',(0.174190048688,0.,0.984712052804));
#1358 = ORIENTED_EDGE('',*,*,#1359,.F.);
#1359 = EDGE_CURVE('',#1360,#1335,#1362,.T.);
#1360 = VERTEX_POINT('',#1361);
#1361 = CARTESIAN_POINT('',(25.166666666667,-35.,1.77128129211));
#1362 = CIRCLE('',#1363,4.2);
#1363 = AXIS2_PLACEMENT_3D('',#1364,#1365,#1366);
#1364 = CARTESIAN_POINT('',(25.166666666667,-35.,5.97128129211));
#1365 = DIRECTION('',(-2.449293598295E-16,-1.,0.));
#1366 = DIRECTION('',(1.,-2.449293598295E-16,0.));
#1367 = ORIENTED_EDGE('',*,*,#1359,.T.);
#1368 = FACE_BOUND('',#1369,.F.);
#1369 = EDGE_LOOP('',(#1370,#1371));
#1370 = ORIENTED_EDGE('',*,*,#1303,.T.);
#1371 = ORIENTED_EDGE('',*,*,#1283,.T.);
#1372 = SPHERICAL_SURFACE('',#1373,4.2);
#1373 = AXIS2_PLACEMENT_3D('',#1374,#1375,#1376);
#1374 = CARTESIAN_POINT('',(25.166666666667,-35.,5.97128129211));
#1375 = DIRECTION('',(0.,0.,1.));
#1376 = DIRECTION('',(1.,0.,-0.));
#1377 = ADVANCED_FACE('',(#1378,#1417),#1437,.F.);
#1378 = FACE_BOUND('',#1379,.F.);
#1379 = EDGE_LOOP('',(#1380,#1391,#1398,#1399,#1400,#1407,#1416));
#1380 = ORIENTED_EDGE('',*,*,#1381,.F.);
#1381 = EDGE_CURVE('',#1382,#1384,#1386,.T.);
#1382 = VERTEX_POINT('',#1383);
#1383 = CARTESIAN_POINT('',(-57.97619597962,35.,9.673420803922));
#1384 = VERTEX_POINT('',#1385);
#1385 = CARTESIAN_POINT('',(-57.79047068704,35.,2.952430113401));
#1386 = CIRCLE('',#1387,3.361778165881);
#1387 = AXIS2_PLACEMENT_3D('',#1388,#1389,#1390);
#1388 = CARTESIAN_POINT('',(-57.88333333333,35.,6.312925458661));
#1389 = DIRECTION('',(0.999618410092,0.,2.762307377364E-02));
#1390 = DIRECTION('',(-2.762307377364E-02,0.,0.999618410092));
#1391 = ORIENTED_EDGE('',*,*,#1392,.T.);
#1392 = EDGE_CURVE('',#1382,#189,#1393,.T.);
#1393 = CIRCLE('',#1394,4.2);
#1394 = AXIS2_PLACEMENT_3D('',#1395,#1396,#1397);
#1395 = CARTESIAN_POINT('',(-60.4,35.,6.243380852144));
#1396 = DIRECTION('',(-2.449293598295E-16,-1.,0.));
#1397 = DIRECTION('',(1.,-2.449293598295E-16,0.));
#1398 = ORIENTED_EDGE('',*,*,#188,.F.);
#1399 = ORIENTED_EDGE('',*,*,#1392,.F.);
#1400 = ORIENTED_EDGE('',*,*,#1401,.F.);
#1401 = EDGE_CURVE('',#1384,#1382,#1402,.T.);
#1402 = CIRCLE('',#1403,3.361778165881);
#1403 = AXIS2_PLACEMENT_3D('',#1404,#1405,#1406);
#1404 = CARTESIAN_POINT('',(-57.88333333333,35.,6.312925458661));
#1405 = DIRECTION('',(0.999618410092,0.,2.762307377364E-02));
#1406 = DIRECTION('',(-2.762307377364E-02,0.,0.999618410092));
#1407 = ORIENTED_EDGE('',*,*,#1408,.F.);
#1408 = EDGE_CURVE('',#1409,#1384,#1411,.T.);
#1409 = VERTEX_POINT('',#1410);
#1410 = CARTESIAN_POINT('',(-60.4,35.,2.043380852144));
#1411 = CIRCLE('',#1412,4.2);
#1412 = AXIS2_PLACEMENT_3D('',#1413,#1414,#1415);
#1413 = CARTESIAN_POINT('',(-60.4,35.,6.243380852144));
#1414 = DIRECTION('',(-2.449293598295E-16,-1.,0.));
#1415 = DIRECTION('',(1.,-2.449293598295E-16,0.));
#1416 = ORIENTED_EDGE('',*,*,#1408,.T.);
#1417 = FACE_BOUND('',#1418,.F.);
#1418 = EDGE_LOOP('',(#1419,#1430));
#1419 = ORIENTED_EDGE('',*,*,#1420,.T.);
#1420 = EDGE_CURVE('',#1421,#1423,#1425,.T.);
#1421 = VERTEX_POINT('',#1422);
#1422 = CARTESIAN_POINT('',(-62.47819848664,35.,2.593573864082));
#1423 = VERTEX_POINT('',#1424);
#1424 = CARTESIAN_POINT('',(-63.35513484668,35.,9.22787042959));
#1425 = CIRCLE('',#1426,3.346001654912);
#1426 = AXIS2_PLACEMENT_3D('',#1427,#1428,#1429);
#1427 = CARTESIAN_POINT('',(-62.91666666666,35.,5.910722146836));
#1428 = DIRECTION('',(0.991376760942,0.,0.131042427722));
#1429 = DIRECTION('',(-0.131042427722,0.,0.991376760942));
#1430 = ORIENTED_EDGE('',*,*,#1431,.T.);
#1431 = EDGE_CURVE('',#1423,#1421,#1432,.T.);
#1432 = CIRCLE('',#1433,3.346001654912);
#1433 = AXIS2_PLACEMENT_3D('',#1434,#1435,#1436);
#1434 = CARTESIAN_POINT('',(-62.91666666666,35.,5.910722146836));
#1435 = DIRECTION('',(0.991376760942,0.,0.131042427722));
#1436 = DIRECTION('',(-0.131042427722,0.,0.991376760942));
#1437 = SPHERICAL_SURFACE('',#1438,4.2);
#1438 = AXIS2_PLACEMENT_3D('',#1439,#1440,#1441);
#1439 = CARTESIAN_POINT('',(-60.4,35.,6.243380852144));
#1440 = DIRECTION('',(0.,0.,1.));
#1441 = DIRECTION('',(1.,0.,-0.));
#1442 = ADVANCED_FACE('',(#1443,#1482),#1486,.F.);
#1443 = FACE_BOUND('',#1444,.F.);
#1444 = EDGE_LOOP('',(#1445,#1456,#1463,#1464,#1465,#1472,#1481));
#1445 = ORIENTED_EDGE('',*,*,#1446,.F.);
#1446 = EDGE_CURVE('',#1447,#1449,#1451,.T.);
#1447 = VERTEX_POINT('',#1448);
#1448 = CARTESIAN_POINT('',(-52.57673135023,35.,9.521938321133));
#1449 = VERTEX_POINT('',#1450);
#1450 = CARTESIAN_POINT('',(-53.12326864976,35.,2.831813036156));
#1451 = CIRCLE('',#1452,3.356206167254);
#1452 = AXIS2_PLACEMENT_3D('',#1453,#1454,#1455);
#1453 = CARTESIAN_POINT('',(-52.85,35.,6.176875678644));
#1454 = DIRECTION('',(0.996679725794,0.,-8.14218901175E-02));
#1455 = DIRECTION('',(8.14218901175E-02,0.,0.996679725794));
#1456 = ORIENTED_EDGE('',*,*,#1457,.T.);
#1457 = EDGE_CURVE('',#1447,#200,#1458,.T.);
#1458 = CIRCLE('',#1459,4.2);
#1459 = AXIS2_PLACEMENT_3D('',#1460,#1461,#1462);
#1460 = CARTESIAN_POINT('',(-55.36666666666,35.,6.382470065178));
#1461 = DIRECTION('',(-2.449293598295E-16,-1.,0.));
#1462 = DIRECTION('',(1.,-2.449293598295E-16,0.));
#1463 = ORIENTED_EDGE('',*,*,#199,.F.);
#1464 = ORIENTED_EDGE('',*,*,#1457,.F.);
#1465 = ORIENTED_EDGE('',*,*,#1466,.F.);
#1466 = EDGE_CURVE('',#1449,#1447,#1467,.T.);
#1467 = CIRCLE('',#1468,3.356206167254);
#1468 = AXIS2_PLACEMENT_3D('',#1469,#1470,#1471);
#1469 = CARTESIAN_POINT('',(-52.85,35.,6.176875678644));
#1470 = DIRECTION('',(0.996679725794,0.,-8.14218901175E-02));
#1471 = DIRECTION('',(8.14218901175E-02,0.,0.996679725794));
#1472 = ORIENTED_EDGE('',*,*,#1473,.F.);
#1473 = EDGE_CURVE('',#1474,#1449,#1476,.T.);
#1474 = VERTEX_POINT('',#1475);
#1475 = CARTESIAN_POINT('',(-55.36666666666,35.,2.182470065178));
#1476 = CIRCLE('',#1477,4.2);
#1477 = AXIS2_PLACEMENT_3D('',#1478,#1479,#1480);
#1478 = CARTESIAN_POINT('',(-55.36666666666,35.,6.382470065178));
#1479 = DIRECTION('',(-2.449293598295E-16,-1.,0.));
#1480 = DIRECTION('',(1.,-2.449293598295E-16,0.));
#1481 = ORIENTED_EDGE('',*,*,#1473,.T.);
#1482 = FACE_BOUND('',#1483,.F.);
#1483 = EDGE_LOOP('',(#1484,#1485));
#1484 = ORIENTED_EDGE('',*,*,#1401,.T.);
#1485 = ORIENTED_EDGE('',*,*,#1381,.T.);
#1486 = SPHERICAL_SURFACE('',#1487,4.2);
#1487 = AXIS2_PLACEMENT_3D('',#1488,#1489,#1490);
#1488 = CARTESIAN_POINT('',(-55.36666666666,35.,6.382470065178));
#1489 = DIRECTION('',(0.,0.,1.));
#1490 = DIRECTION('',(1.,0.,-0.));
#1491 = ADVANCED_FACE('',(#1492,#1531),#1535,.F.);
#1492 = FACE_BOUND('',#1493,.F.);
#1493 = EDGE_LOOP('',(#1494,#1505,#1512,#1513,#1514,#1521,#1530));
#1494 = ORIENTED_EDGE('',*,*,#1495,.F.);
#1495 = EDGE_CURVE('',#1496,#1498,#1500,.T.);
#1496 = VERTEX_POINT('',#1497);
#1497 = CARTESIAN_POINT('',(-47.23610924216,35.,8.808040522131));
#1498 = VERTEX_POINT('',#1499);
#1499 = CARTESIAN_POINT('',(-48.39722409116,35.,2.244153577315));
#1500 = CIRCLE('',#1501,3.332896619942);
#1501 = AXIS2_PLACEMENT_3D('',#1502,#1503,#1504);
#1502 = CARTESIAN_POINT('',(-47.81666666666,35.,5.526097049723));
#1503 = DIRECTION('',(0.984712052804,0.,-0.174190048688));
#1504 = DIRECTION('',(0.174190048688,0.,0.984712052804));
#1505 = ORIENTED_EDGE('',*,*,#1506,.T.);
#1506 = EDGE_CURVE('',#1496,#211,#1507,.T.);
#1507 = CIRCLE('',#1508,4.2);
#1508 = AXIS2_PLACEMENT_3D('',#1509,#1510,#1511);
#1509 = CARTESIAN_POINT('',(-50.33333333333,35.,5.97128129211));
#1510 = DIRECTION('',(-2.449293598295E-16,-1.,0.));
#1511 = DIRECTION('',(1.,-2.449293598295E-16,0.));
#1512 = ORIENTED_EDGE('',*,*,#210,.F.);
#1513 = ORIENTED_EDGE('',*,*,#1506,.F.);
#1514 = ORIENTED_EDGE('',*,*,#1515,.F.);
#1515 = EDGE_CURVE('',#1498,#1496,#1516,.T.);
#1516 = CIRCLE('',#1517,3.332896619942);
#1517 = AXIS2_PLACEMENT_3D('',#1518,#1519,#1520);
#1518 = CARTESIAN_POINT('',(-47.81666666666,35.,5.526097049723));
#1519 = DIRECTION('',(0.984712052804,0.,-0.174190048688));
#1520 = DIRECTION('',(0.174190048688,0.,0.984712052804));
#1521 = ORIENTED_EDGE('',*,*,#1522,.F.);
#1522 = EDGE_CURVE('',#1523,#1498,#1525,.T.);
#1523 = VERTEX_POINT('',#1524);
#1524 = CARTESIAN_POINT('',(-50.33333333333,35.,1.77128129211));
#1525 = CIRCLE('',#1526,4.2);
#1526 = AXIS2_PLACEMENT_3D('',#1527,#1528,#1529);
#1527 = CARTESIAN_POINT('',(-50.33333333333,35.,5.97128129211));
#1528 = DIRECTION('',(-2.449293598295E-16,-1.,0.));
#1529 = DIRECTION('',(1.,-2.449293598295E-16,0.));
#1530 = ORIENTED_EDGE('',*,*,#1522,.T.);
#1531 = FACE_BOUND('',#1532,.F.);
#1532 = EDGE_LOOP('',(#1533,#1534));
#1533 = ORIENTED_EDGE('',*,*,#1466,.T.);
#1534 = ORIENTED_EDGE('',*,*,#1446,.T.);
#1535 = SPHERICAL_SURFACE('',#1536,4.2);
#1536 = AXIS2_PLACEMENT_3D('',#1537,#1538,#1539);
#1537 = CARTESIAN_POINT('',(-50.33333333333,35.,5.97128129211));
#1538 = DIRECTION('',(0.,0.,1.));
#1539 = DIRECTION('',(1.,0.,-0.));
#1540 = ADVANCED_FACE('',(#1541,#1580),#1600,.F.);
#1541 = FACE_BOUND('',#1542,.F.);
#1542 = EDGE_LOOP('',(#1543,#1554,#1561,#1562,#1563,#1570,#1579));
#1543 = ORIENTED_EDGE('',*,*,#1544,.F.);
#1544 = EDGE_CURVE('',#1545,#1547,#1549,.T.);
#1545 = VERTEX_POINT('',#1546);
#1546 = CARTESIAN_POINT('',(17.52380402038,35.,9.673420803922));
#1547 = VERTEX_POINT('',#1548);
#1548 = CARTESIAN_POINT('',(17.709529312953,35.,2.952430113401));
#1549 = CIRCLE('',#1550,3.361778165881);
#1550 = AXIS2_PLACEMENT_3D('',#1551,#1552,#1553);
#1551 = CARTESIAN_POINT('',(17.616666666667,35.,6.312925458661));
#1552 = DIRECTION('',(0.999618410092,0.,2.762307377364E-02));
#1553 = DIRECTION('',(-2.762307377364E-02,0.,0.999618410092));
#1554 = ORIENTED_EDGE('',*,*,#1555,.T.);
#1555 = EDGE_CURVE('',#1545,#222,#1556,.T.);
#1556 = CIRCLE('',#1557,4.2);
#1557 = AXIS2_PLACEMENT_3D('',#1558,#1559,#1560);
#1558 = CARTESIAN_POINT('',(15.1,35.,6.243380852144));
#1559 = DIRECTION('',(-2.449293598295E-16,-1.,0.));
#1560 = DIRECTION('',(1.,-2.449293598295E-16,0.));
#1561 = ORIENTED_EDGE('',*,*,#221,.F.);
#1562 = ORIENTED_EDGE('',*,*,#1555,.F.);
#1563 = ORIENTED_EDGE('',*,*,#1564,.F.);
#1564 = EDGE_CURVE('',#1547,#1545,#1565,.T.);
#1565 = CIRCLE('',#1566,3.361778165881);
#1566 = AXIS2_PLACEMENT_3D('',#1567,#1568,#1569);
#1567 = CARTESIAN_POINT('',(17.616666666667,35.,6.312925458661));
#1568 = DIRECTION('',(0.999618410092,0.,2.762307377364E-02));
#1569 = DIRECTION('',(-2.762307377364E-02,0.,0.999618410092));
#1570 = ORIENTED_EDGE('',*,*,#1571,.F.);
#1571 = EDGE_CURVE('',#1572,#1547,#1574,.T.);
#1572 = VERTEX_POINT('',#1573);
#1573 = CARTESIAN_POINT('',(15.1,35.,2.043380852144));
#1574 = CIRCLE('',#1575,4.2);
#1575 = AXIS2_PLACEMENT_3D('',#1576,#1577,#1578);
#1576 = CARTESIAN_POINT('',(15.1,35.,6.243380852144));
#1577 = DIRECTION('',(-2.449293598295E-16,-1.,0.));
#1578 = DIRECTION('',(1.,-2.449293598295E-16,0.));
#1579 = ORIENTED_EDGE('',*,*,#1571,.T.);
#1580 = FACE_BOUND('',#1581,.F.);
#1581 = EDGE_LOOP('',(#1582,#1593));
#1582 = ORIENTED_EDGE('',*,*,#1583,.T.);
#1583 = EDGE_CURVE('',#1584,#1586,#1588,.T.);
#1584 = VERTEX_POINT('',#1585);
#1585 = CARTESIAN_POINT('',(13.021801513356,35.,2.593573864082));
#1586 = VERTEX_POINT('',#1587);
#1587 = CARTESIAN_POINT('',(12.144865153311,35.,9.22787042959));
#1588 = CIRCLE('',#1589,3.346001654912);
#1589 = AXIS2_PLACEMENT_3D('',#1590,#1591,#1592);
#1590 = CARTESIAN_POINT('',(12.583333333333,35.,5.910722146836));
#1591 = DIRECTION('',(0.991376760942,0.,0.131042427722));
#1592 = DIRECTION('',(-0.131042427722,0.,0.991376760942));
#1593 = ORIENTED_EDGE('',*,*,#1594,.T.);
#1594 = EDGE_CURVE('',#1586,#1584,#1595,.T.);
#1595 = CIRCLE('',#1596,3.346001654912);
#1596 = AXIS2_PLACEMENT_3D('',#1597,#1598,#1599);
#1597 = CARTESIAN_POINT('',(12.583333333333,35.,5.910722146836));
#1598 = DIRECTION('',(0.991376760942,0.,0.131042427722));
#1599 = DIRECTION('',(-0.131042427722,0.,0.991376760942));
#1600 = SPHERICAL_SURFACE('',#1601,4.2);
#1601 = AXIS2_PLACEMENT_3D('',#1602,#1603,#1604);
#1602 = CARTESIAN_POINT('',(15.1,35.,6.243380852144));
#1603 = DIRECTION('',(0.,0.,1.));
#1604 = DIRECTION('',(1.,0.,-0.));
#1605 = ADVANCED_FACE('',(#1606,#1645),#1649,.F.);
#1606 = FACE_BOUND('',#1607,.F.);
#1607 = EDGE_LOOP('',(#1608,#1619,#1626,#1627,#1628,#1635,#1644));
#1608 = ORIENTED_EDGE('',*,*,#1609,.F.);
#1609 = EDGE_CURVE('',#1610,#1612,#1614,.T.);
#1610 = VERTEX_POINT('',#1611);
#1611 = CARTESIAN_POINT('',(22.923268649762,35.,9.521938321133));
#1612 = VERTEX_POINT('',#1613);
#1613 = CARTESIAN_POINT('',(22.376731350238,35.,2.831813036156));
#1614 = CIRCLE('',#1615,3.356206167254);
#1615 = AXIS2_PLACEMENT_3D('',#1616,#1617,#1618);
#1616 = CARTESIAN_POINT('',(22.65,35.,6.176875678644));
#1617 = DIRECTION('',(0.996679725794,0.,-8.14218901175E-02));
#1618 = DIRECTION('',(8.14218901175E-02,0.,0.996679725794));
#1619 = ORIENTED_EDGE('',*,*,#1620,.T.);
#1620 = EDGE_CURVE('',#1610,#233,#1621,.T.);
#1621 = CIRCLE('',#1622,4.2);
#1622 = AXIS2_PLACEMENT_3D('',#1623,#1624,#1625);
#1623 = CARTESIAN_POINT('',(20.133333333333,35.,6.382470065178));
#1624 = DIRECTION('',(-2.449293598295E-16,-1.,0.));
#1625 = DIRECTION('',(1.,-2.449293598295E-16,0.));
#1626 = ORIENTED_EDGE('',*,*,#232,.F.);
#1627 = ORIENTED_EDGE('',*,*,#1620,.F.);
#1628 = ORIENTED_EDGE('',*,*,#1629,.F.);
#1629 = EDGE_CURVE('',#1612,#1610,#1630,.T.);
#1630 = CIRCLE('',#1631,3.356206167254);
#1631 = AXIS2_PLACEMENT_3D('',#1632,#1633,#1634);
#1632 = CARTESIAN_POINT('',(22.65,35.,6.176875678644));
#1633 = DIRECTION('',(0.996679725794,0.,-8.14218901175E-02));
#1634 = DIRECTION('',(8.14218901175E-02,0.,0.996679725794));
#1635 = ORIENTED_EDGE('',*,*,#1636,.F.);
#1636 = EDGE_CURVE('',#1637,#1612,#1639,.T.);
#1637 = VERTEX_POINT('',#1638);
#1638 = CARTESIAN_POINT('',(20.133333333333,35.,2.182470065178));
#1639 = CIRCLE('',#1640,4.2);
#1640 = AXIS2_PLACEMENT_3D('',#1641,#1642,#1643);
#1641 = CARTESIAN_POINT('',(20.133333333333,35.,6.382470065178));
#1642 = DIRECTION('',(-2.449293598295E-16,-1.,0.));
#1643 = DIRECTION('',(1.,-2.449293598295E-16,0.));
#1644 = ORIENTED_EDGE('',*,*,#1636,.T.);
#1645 = FACE_BOUND('',#1646,.F.);
#1646 = EDGE_LOOP('',(#1647,#1648));
#1647 = ORIENTED_EDGE('',*,*,#1564,.T.);
#1648 = ORIENTED_EDGE('',*,*,#1544,.T.);
#1649 = SPHERICAL_SURFACE('',#1650,4.2);
#1650 = AXIS2_PLACEMENT_3D('',#1651,#1652,#1653);
#1651 = CARTESIAN_POINT('',(20.133333333333,35.,6.382470065178));
#1652 = DIRECTION('',(0.,0.,1.));
#1653 = DIRECTION('',(1.,0.,-0.));
#1654 = ADVANCED_FACE('',(#1655,#1694),#1698,.F.);
#1655 = FACE_BOUND('',#1656,.F.);
#1656 = EDGE_LOOP('',(#1657,#1668,#1675,#1676,#1677,#1684,#1693));
#1657 = ORIENTED_EDGE('',*,*,#1658,.F.);
#1658 = EDGE_CURVE('',#1659,#1661,#1663,.T.);
#1659 = VERTEX_POINT('',#1660);
#1660 = CARTESIAN_POINT('',(28.263890757832,35.,8.808040522131));
#1661 = VERTEX_POINT('',#1662);
#1662 = CARTESIAN_POINT('',(27.102775908835,35.,2.244153577315));
#1663 = CIRCLE('',#1664,3.332896619942);
#1664 = AXIS2_PLACEMENT_3D('',#1665,#1666,#1667);
#1665 = CARTESIAN_POINT('',(27.683333333333,35.,5.526097049723));
#1666 = DIRECTION('',(0.984712052804,0.,-0.174190048688));
#1667 = DIRECTION('',(0.174190048688,0.,0.984712052804));
#1668 = ORIENTED_EDGE('',*,*,#1669,.T.);
#1669 = EDGE_CURVE('',#1659,#244,#1670,.T.);
#1670 = CIRCLE('',#1671,4.2);
#1671 = AXIS2_PLACEMENT_3D('',#1672,#1673,#1674);
#1672 = CARTESIAN_POINT('',(25.166666666667,35.,5.97128129211));
#1673 = DIRECTION('',(-2.449293598295E-16,-1.,0.));
#1674 = DIRECTION('',(1.,-2.449293598295E-16,0.));
#1675 = ORIENTED_EDGE('',*,*,#243,.F.);
#1676 = ORIENTED_EDGE('',*,*,#1669,.F.);
#1677 = ORIENTED_EDGE('',*,*,#1678,.F.);
#1678 = EDGE_CURVE('',#1661,#1659,#1679,.T.);
#1679 = CIRCLE('',#1680,3.332896619942);
#1680 = AXIS2_PLACEMENT_3D('',#1681,#1682,#1683);
#1681 = CARTESIAN_POINT('',(27.683333333333,35.,5.526097049723));
#1682 = DIRECTION('',(0.984712052804,0.,-0.174190048688));
#1683 = DIRECTION('',(0.174190048688,0.,0.984712052804));
#1684 = ORIENTED_EDGE('',*,*,#1685,.F.);
#1685 = EDGE_CURVE('',#1686,#1661,#1688,.T.);
#1686 = VERTEX_POINT('',#1687);
#1687 = CARTESIAN_POINT('',(25.166666666667,35.,1.77128129211));
#1688 = CIRCLE('',#1689,4.2);
#1689 = AXIS2_PLACEMENT_3D('',#1690,#1691,#1692);
#1690 = CARTESIAN_POINT('',(25.166666666667,35.,5.97128129211));
#1691 = DIRECTION('',(-2.449293598295E-16,-1.,0.));
#1692 = DIRECTION('',(1.,-2.449293598295E-16,0.));
#1693 = ORIENTED_EDGE('',*,*,#1685,.T.);
#1694 = FACE_BOUND('',#1695,.F.);
#1695 = EDGE_LOOP('',(#1696,#1697));
#1696 = ORIENTED_EDGE('',*,*,#1629,.T.);
#1697 = ORIENTED_EDGE('',*,*,#1609,.T.);
#1698 = SPHERICAL_SURFACE('',#1699,4.2);
#1699 = AXIS2_PLACEMENT_3D('',#1700,#1701,#1702);
#1700 = CARTESIAN_POINT('',(25.166666666667,35.,5.97128129211));
#1701 = DIRECTION('',(0.,0.,1.));
#1702 = DIRECTION('',(1.,0.,-0.));
#1703 = ADVANCED_FACE('',(#1704),#1743,.F.);
#1704 = FACE_BOUND('',#1705,.F.);
#1705 = EDGE_LOOP('',(#1706,#1715,#1716,#1717,#1726,#1735,#1736));
#1706 = ORIENTED_EDGE('',*,*,#1707,.F.);
#1707 = EDGE_CURVE('',#356,#1708,#1710,.T.);
#1708 = VERTEX_POINT('',#1709);
#1709 = CARTESIAN_POINT('',(-72.15743957866,-35.,0.65691332634));
#1710 = CIRCLE('',#1711,4.2);
#1711 = AXIS2_PLACEMENT_3D('',#1712,#1713,#1714);
#1712 = CARTESIAN_POINT('',(-75.5,-35.,3.2));
#1713 = DIRECTION('',(-2.449293598295E-16,-1.,0.));
#1714 = DIRECTION('',(1.,-2.449293598295E-16,0.));
#1715 = ORIENTED_EDGE('',*,*,#355,.T.);
#1716 = ORIENTED_EDGE('',*,*,#1707,.T.);
#1717 = ORIENTED_EDGE('',*,*,#1718,.F.);
#1718 = EDGE_CURVE('',#1719,#1708,#1721,.T.);
#1719 = VERTEX_POINT('',#1720);
#1720 = CARTESIAN_POINT('',(-73.80922708799,-35.,7.044643931503));
#1721 = CIRCLE('',#1722,3.29892043933);
#1722 = AXIS2_PLACEMENT_3D('',#1723,#1724,#1725);
#1723 = CARTESIAN_POINT('',(-72.98333333333,-35.,3.850778628921));
#1724 = DIRECTION('',(0.968154692215,0.,0.25035273504));
#1725 = DIRECTION('',(-0.25035273504,0.,0.968154692215));
#1726 = ORIENTED_EDGE('',*,*,#1727,.T.);
#1727 = EDGE_CURVE('',#1719,#1728,#1730,.T.);
#1728 = VERTEX_POINT('',#1729);
#1729 = CARTESIAN_POINT('',(-75.5,-35.,7.4));
#1730 = CIRCLE('',#1731,4.2);
#1731 = AXIS2_PLACEMENT_3D('',#1732,#1733,#1734);
#1732 = CARTESIAN_POINT('',(-75.5,-35.,3.2));
#1733 = DIRECTION('',(-2.449293598295E-16,-1.,0.));
#1734 = DIRECTION('',(1.,-2.449293598295E-16,0.));
#1735 = ORIENTED_EDGE('',*,*,#1727,.F.);
#1736 = ORIENTED_EDGE('',*,*,#1737,.F.);
#1737 = EDGE_CURVE('',#1708,#1719,#1738,.T.);
#1738 = CIRCLE('',#1739,3.29892043933);
#1739 = AXIS2_PLACEMENT_3D('',#1740,#1741,#1742);
#1740 = CARTESIAN_POINT('',(-72.98333333333,-35.,3.850778628921));
#1741 = DIRECTION('',(0.968154692215,0.,0.25035273504));
#1742 = DIRECTION('',(-0.25035273504,0.,0.968154692215));
#1743 = SPHERICAL_SURFACE('',#1744,4.2);
#1744 = AXIS2_PLACEMENT_3D('',#1745,#1746,#1747);
#1745 = CARTESIAN_POINT('',(-75.5,-35.,3.2));
#1746 = DIRECTION('',(0.,0.,1.));
#1747 = DIRECTION('',(1.,0.,-0.));
#1748 = ADVANCED_FACE('',(#1749,#1788),#1808,.F.);
#1749 = FACE_BOUND('',#1750,.F.);
#1750 = EDGE_LOOP('',(#1751,#1760,#1761,#1762,#1771,#1780,#1781));
#1751 = ORIENTED_EDGE('',*,*,#1752,.F.);
#1752 = EDGE_CURVE('',#367,#1753,#1755,.T.);
#1753 = VERTEX_POINT('',#1754);
#1754 = CARTESIAN_POINT('',(-38.59241021514,-35.,1.345223455833E-02));
#1755 = CIRCLE('',#1756,4.2);
#1756 = AXIS2_PLACEMENT_3D('',#1757,#1758,#1759);
#1757 = CARTESIAN_POINT('',(-40.26666666666,-35.,3.865317410617));
#1758 = DIRECTION('',(-2.449293598295E-16,-1.,0.));
#1759 = DIRECTION('',(1.,-2.449293598295E-16,0.));
#1760 = ORIENTED_EDGE('',*,*,#366,.T.);
#1761 = ORIENTED_EDGE('',*,*,#1752,.T.);
#1762 = ORIENTED_EDGE('',*,*,#1763,.F.);
#1763 = EDGE_CURVE('',#1764,#1753,#1766,.T.);
#1764 = VERTEX_POINT('',#1765);
#1765 = CARTESIAN_POINT('',(-36.90758978485,-35.,6.386547765442));
#1766 = CIRCLE('',#1767,3.2960190582);
#1767 = AXIS2_PLACEMENT_3D('',#1768,#1769,#1770);
#1768 = CARTESIAN_POINT('',(-37.75,-35.,3.2));
#1769 = DIRECTION('',(0.966786814389,0.,-0.255584145682));
#1770 = DIRECTION('',(0.255584145682,0.,0.966786814389));
#1771 = ORIENTED_EDGE('',*,*,#1772,.T.);
#1772 = EDGE_CURVE('',#1764,#1773,#1775,.T.);
#1773 = VERTEX_POINT('',#1774);
#1774 = CARTESIAN_POINT('',(-40.26666666666,-35.,8.065317410617));
#1775 = CIRCLE('',#1776,4.2);
#1776 = AXIS2_PLACEMENT_3D('',#1777,#1778,#1779);
#1777 = CARTESIAN_POINT('',(-40.26666666666,-35.,3.865317410617));
#1778 = DIRECTION('',(-2.449293598295E-16,-1.,0.));
#1779 = DIRECTION('',(1.,-2.449293598295E-16,0.));
#1780 = ORIENTED_EDGE('',*,*,#1772,.F.);
#1781 = ORIENTED_EDGE('',*,*,#1782,.F.);
#1782 = EDGE_CURVE('',#1753,#1764,#1783,.T.);
#1783 = CIRCLE('',#1784,3.2960190582);
#1784 = AXIS2_PLACEMENT_3D('',#1785,#1786,#1787);
#1785 = CARTESIAN_POINT('',(-37.75,-35.,3.2));
#1786 = DIRECTION('',(0.966786814389,0.,-0.255584145682));
#1787 = DIRECTION('',(0.255584145682,0.,0.966786814389));
#1788 = FACE_BOUND('',#1789,.F.);
#1789 = EDGE_LOOP('',(#1790,#1801));
#1790 = ORIENTED_EDGE('',*,*,#1791,.T.);
#1791 = EDGE_CURVE('',#1792,#1794,#1796,.T.);
#1792 = VERTEX_POINT('',#1793);
#1793 = CARTESIAN_POINT('',(-43.55970919497,-35.,1.258428286249));
#1794 = VERTEX_POINT('',#1795);
#1795 = CARTESIAN_POINT('',(-42.00695747169,-35.,7.687801931704));
#1796 = CIRCLE('',#1797,3.307109137413);
#1797 = AXIS2_PLACEMENT_3D('',#1798,#1799,#1800);
#1798 = CARTESIAN_POINT('',(-42.78333333333,-35.,4.473115108976));
#1799 = DIRECTION('',(0.972053442797,0.,-0.234759673595));
#1800 = DIRECTION('',(0.234759673595,0.,0.972053442797));
#1801 = ORIENTED_EDGE('',*,*,#1802,.T.);
#1802 = EDGE_CURVE('',#1794,#1792,#1803,.T.);
#1803 = CIRCLE('',#1804,3.307109137413);
#1804 = AXIS2_PLACEMENT_3D('',#1805,#1806,#1807);
#1805 = CARTESIAN_POINT('',(-42.78333333333,-35.,4.473115108976));
#1806 = DIRECTION('',(0.972053442797,0.,-0.234759673595));
#1807 = DIRECTION('',(0.234759673595,0.,0.972053442797));
#1808 = SPHERICAL_SURFACE('',#1809,4.2);
#1809 = AXIS2_PLACEMENT_3D('',#1810,#1811,#1812);
#1810 = CARTESIAN_POINT('',(-40.26666666666,-35.,3.865317410617));
#1811 = DIRECTION('',(0.,0.,1.));
#1812 = DIRECTION('',(1.,0.,-0.));
#1813 = ADVANCED_FACE('',(#1814,#1843),#1847,.F.);
#1814 = FACE_BOUND('',#1815,.F.);
#1815 = EDGE_LOOP('',(#1816,#1827,#1834,#1835,#1842));
#1816 = ORIENTED_EDGE('',*,*,#1817,.F.);
#1817 = EDGE_CURVE('',#1818,#1820,#1822,.T.);
#1818 = VERTEX_POINT('',#1819);
#1819 = CARTESIAN_POINT('',(-31.94029080502,-35.,5.141571713751));
#1820 = VERTEX_POINT('',#1821);
#1821 = CARTESIAN_POINT('',(-35.23333333333,-35.,6.734682589383));
#1822 = CIRCLE('',#1823,4.2);
#1823 = AXIS2_PLACEMENT_3D('',#1824,#1825,#1826);
#1824 = CARTESIAN_POINT('',(-35.23333333333,-35.,2.534682589383));
#1825 = DIRECTION('',(-2.449293598295E-16,-1.,0.));
#1826 = DIRECTION('',(1.,-2.449293598295E-16,0.));
#1827 = ORIENTED_EDGE('',*,*,#1828,.F.);
#1828 = EDGE_CURVE('',#378,#1818,#1829,.T.);
#1829 = CIRCLE('',#1830,3.307109137413);
#1830 = AXIS2_PLACEMENT_3D('',#1831,#1832,#1833);
#1831 = CARTESIAN_POINT('',(-32.71666666666,-35.,1.926884891024));
#1832 = DIRECTION('',(0.972053442797,0.,-0.234759673595));
#1833 = DIRECTION('',(0.234759673595,0.,0.972053442797));
#1834 = ORIENTED_EDGE('',*,*,#377,.T.);
#1835 = ORIENTED_EDGE('',*,*,#1836,.F.);
#1836 = EDGE_CURVE('',#1818,#380,#1837,.T.);
#1837 = CIRCLE('',#1838,3.307109137413);
#1838 = AXIS2_PLACEMENT_3D('',#1839,#1840,#1841);
#1839 = CARTESIAN_POINT('',(-32.71666666666,-35.,1.926884891024));
#1840 = DIRECTION('',(0.972053442797,0.,-0.234759673595));
#1841 = DIRECTION('',(0.234759673595,0.,0.972053442797));
#1842 = ORIENTED_EDGE('',*,*,#1817,.T.);
#1843 = FACE_BOUND('',#1844,.F.);
#1844 = EDGE_LOOP('',(#1845,#1846));
#1845 = ORIENTED_EDGE('',*,*,#1782,.T.);
#1846 = ORIENTED_EDGE('',*,*,#1763,.T.);
#1847 = SPHERICAL_SURFACE('',#1848,4.2);
#1848 = AXIS2_PLACEMENT_3D('',#1849,#1850,#1851);
#1849 = CARTESIAN_POINT('',(-35.23333333333,-35.,2.534682589383));
#1850 = DIRECTION('',(0.,0.,1.));
#1851 = DIRECTION('',(1.,0.,-0.));
#1852 = ADVANCED_FACE('',(#1853),#1885,.F.);
#1853 = FACE_BOUND('',#1854,.F.);
#1854 = EDGE_LOOP('',(#1855,#1856,#1857,#1858,#1867,#1876,#1877,#1884));
#1855 = ORIENTED_EDGE('',*,*,#1828,.T.);
#1856 = ORIENTED_EDGE('',*,*,#1836,.T.);
#1857 = ORIENTED_EDGE('',*,*,#505,.T.);
#1858 = ORIENTED_EDGE('',*,*,#1859,.F.);
#1859 = EDGE_CURVE('',#1860,#497,#1862,.T.);
#1860 = VERTEX_POINT('',#1861);
#1861 = CARTESIAN_POINT('',(-27.10277590883,-35.,4.155846422685));
#1862 = CIRCLE('',#1863,3.332896619942);
#1863 = AXIS2_PLACEMENT_3D('',#1864,#1865,#1866);
#1864 = CARTESIAN_POINT('',(-27.68333333333,-35.,0.873902950277));
#1865 = DIRECTION('',(0.984712052804,0.,-0.174190048688));
#1866 = DIRECTION('',(0.174190048688,0.,0.984712052804));
#1867 = ORIENTED_EDGE('',*,*,#1868,.T.);
#1868 = EDGE_CURVE('',#1860,#1869,#1871,.T.);
#1869 = VERTEX_POINT('',#1870);
#1870 = CARTESIAN_POINT('',(-30.2,-35.,5.519087192664));
#1871 = CIRCLE('',#1872,4.2);
#1872 = AXIS2_PLACEMENT_3D('',#1873,#1874,#1875);
#1873 = CARTESIAN_POINT('',(-30.2,-35.,1.319087192664));
#1874 = DIRECTION('',(-2.449293598295E-16,-1.,0.));
#1875 = DIRECTION('',(1.,-2.449293598295E-16,0.));
#1876 = ORIENTED_EDGE('',*,*,#1868,.F.);
#1877 = ORIENTED_EDGE('',*,*,#1878,.F.);
#1878 = EDGE_CURVE('',#389,#1860,#1879,.T.);
#1879 = CIRCLE('',#1880,3.332896619942);
#1880 = AXIS2_PLACEMENT_3D('',#1881,#1882,#1883);
#1881 = CARTESIAN_POINT('',(-27.68333333333,-35.,0.873902950277));
#1882 = DIRECTION('',(0.984712052804,0.,-0.174190048688));
#1883 = DIRECTION('',(0.174190048688,0.,0.984712052804));
#1884 = ORIENTED_EDGE('',*,*,#388,.T.);
#1885 = SPHERICAL_SURFACE('',#1886,4.2);
#1886 = AXIS2_PLACEMENT_3D('',#1887,#1888,#1889);
#1887 = CARTESIAN_POINT('',(-30.2,-35.,1.319087192664));
#1888 = DIRECTION('',(0.,0.,1.));
#1889 = DIRECTION('',(1.,0.,-0.));
#1890 = ADVANCED_FACE('',(#1891),#1923,.F.);
#1891 = FACE_BOUND('',#1892,.F.);
#1892 = EDGE_LOOP('',(#1893,#1894,#1895,#1896,#1905,#1914,#1915,#1922));
#1893 = ORIENTED_EDGE('',*,*,#1878,.T.);
#1894 = ORIENTED_EDGE('',*,*,#1859,.T.);
#1895 = ORIENTED_EDGE('',*,*,#496,.T.);
#1896 = ORIENTED_EDGE('',*,*,#1897,.F.);
#1897 = EDGE_CURVE('',#1898,#488,#1900,.T.);
#1898 = VERTEX_POINT('',#1899);
#1899 = CARTESIAN_POINT('',(-22.37673135023,-35.,3.568186963844));
#1900 = CIRCLE('',#1901,3.356206167254);
#1901 = AXIS2_PLACEMENT_3D('',#1902,#1903,#1904);
#1902 = CARTESIAN_POINT('',(-22.65,-35.,0.223124321356));
#1903 = DIRECTION('',(0.996679725794,0.,-8.14218901175E-02));
#1904 = DIRECTION('',(8.14218901175E-02,0.,0.996679725794));
#1905 = ORIENTED_EDGE('',*,*,#1906,.T.);
#1906 = EDGE_CURVE('',#1898,#1907,#1909,.T.);
#1907 = VERTEX_POINT('',#1908);
#1908 = CARTESIAN_POINT('',(-25.16666666666,-35.,4.62871870789));
#1909 = CIRCLE('',#1910,4.2);
#1910 = AXIS2_PLACEMENT_3D('',#1911,#1912,#1913);
#1911 = CARTESIAN_POINT('',(-25.16666666666,-35.,0.42871870789));
#1912 = DIRECTION('',(-2.449293598295E-16,-1.,0.));
#1913 = DIRECTION('',(1.,-2.449293598295E-16,0.));
#1914 = ORIENTED_EDGE('',*,*,#1906,.F.);
#1915 = ORIENTED_EDGE('',*,*,#1916,.F.);
#1916 = EDGE_CURVE('',#398,#1898,#1917,.T.);
#1917 = CIRCLE('',#1918,3.356206167254);
#1918 = AXIS2_PLACEMENT_3D('',#1919,#1920,#1921);
#1919 = CARTESIAN_POINT('',(-22.65,-35.,0.223124321356));
#1920 = DIRECTION('',(0.996679725794,0.,-8.14218901175E-02));
#1921 = DIRECTION('',(8.14218901175E-02,0.,0.996679725794));
#1922 = ORIENTED_EDGE('',*,*,#397,.T.);
#1923 = SPHERICAL_SURFACE('',#1924,4.2);
#1924 = AXIS2_PLACEMENT_3D('',#1925,#1926,#1927);
#1925 = CARTESIAN_POINT('',(-25.16666666666,-35.,0.42871870789));
#1926 = DIRECTION('',(0.,0.,1.));
#1927 = DIRECTION('',(1.,0.,-0.));
#1928 = ADVANCED_FACE('',(#1929),#1961,.F.);
#1929 = FACE_BOUND('',#1930,.F.);
#1930 = EDGE_LOOP('',(#1931,#1932,#1933,#1934,#1943,#1952,#1953,#1960));
#1931 = ORIENTED_EDGE('',*,*,#1916,.T.);
#1932 = ORIENTED_EDGE('',*,*,#1897,.T.);
#1933 = ORIENTED_EDGE('',*,*,#487,.T.);
#1934 = ORIENTED_EDGE('',*,*,#1935,.F.);
#1935 = EDGE_CURVE('',#1936,#479,#1938,.T.);
#1936 = VERTEX_POINT('',#1937);
#1937 = CARTESIAN_POINT('',(-17.70952931295,-35.,3.447569886599));
#1938 = CIRCLE('',#1939,3.361778165881);
#1939 = AXIS2_PLACEMENT_3D('',#1940,#1941,#1942);
#1940 = CARTESIAN_POINT('',(-17.61666666666,-35.,8.707454133852E-02));
#1941 = DIRECTION('',(0.999618410092,0.,2.762307377364E-02));
#1942 = DIRECTION('',(-2.762307377364E-02,0.,0.999618410092));
#1943 = ORIENTED_EDGE('',*,*,#1944,.T.);
#1944 = EDGE_CURVE('',#1936,#1945,#1947,.T.);
#1945 = VERTEX_POINT('',#1946);
#1946 = CARTESIAN_POINT('',(-20.13333333333,-35.,4.217529934822));
#1947 = CIRCLE('',#1948,4.2);
#1948 = AXIS2_PLACEMENT_3D('',#1949,#1950,#1951);
#1949 = CARTESIAN_POINT('',(-20.13333333333,-35.,1.752993482153E-02));
#1950 = DIRECTION('',(-2.449293598295E-16,-1.,0.));
#1951 = DIRECTION('',(1.,-2.449293598295E-16,0.));
#1952 = ORIENTED_EDGE('',*,*,#1944,.F.);
#1953 = ORIENTED_EDGE('',*,*,#1954,.F.);
#1954 = EDGE_CURVE('',#407,#1936,#1955,.T.);
#1955 = CIRCLE('',#1956,3.361778165881);
#1956 = AXIS2_PLACEMENT_3D('',#1957,#1958,#1959);
#1957 = CARTESIAN_POINT('',(-17.61666666666,-35.,8.707454133852E-02));
#1958 = DIRECTION('',(0.999618410092,0.,2.762307377364E-02));
#1959 = DIRECTION('',(-2.762307377364E-02,0.,0.999618410092));
#1960 = ORIENTED_EDGE('',*,*,#406,.T.);
#1961 = SPHERICAL_SURFACE('',#1962,4.2);
#1962 = AXIS2_PLACEMENT_3D('',#1963,#1964,#1965);
#1963 = CARTESIAN_POINT('',(-20.13333333333,-35.,1.752993482153E-02));
#1964 = DIRECTION('',(0.,0.,1.));
#1965 = DIRECTION('',(1.,0.,-0.));
#1966 = ADVANCED_FACE('',(#1967),#1999,.F.);
#1967 = FACE_BOUND('',#1968,.F.);
#1968 = EDGE_LOOP('',(#1969,#1970,#1971,#1972,#1981,#1990,#1991,#1998));
#1969 = ORIENTED_EDGE('',*,*,#1954,.T.);
#1970 = ORIENTED_EDGE('',*,*,#1935,.T.);
#1971 = ORIENTED_EDGE('',*,*,#478,.T.);
#1972 = ORIENTED_EDGE('',*,*,#1973,.F.);
#1973 = EDGE_CURVE('',#1974,#470,#1976,.T.);
#1974 = VERTEX_POINT('',#1975);
#1975 = CARTESIAN_POINT('',(-13.02180151335,-35.,3.806426135918));
#1976 = CIRCLE('',#1977,3.346001654912);
#1977 = AXIS2_PLACEMENT_3D('',#1978,#1979,#1980);
#1978 = CARTESIAN_POINT('',(-12.58333333333,-35.,0.489277853164));
#1979 = DIRECTION('',(0.991376760942,0.,0.131042427722));
#1980 = DIRECTION('',(-0.131042427722,0.,0.991376760942));
#1981 = ORIENTED_EDGE('',*,*,#1982,.T.);
#1982 = EDGE_CURVE('',#1974,#1983,#1985,.T.);
#1983 = VERTEX_POINT('',#1984);
#1984 = CARTESIAN_POINT('',(-15.1,-35.,4.356619147856));
#1985 = CIRCLE('',#1986,4.2);
#1986 = AXIS2_PLACEMENT_3D('',#1987,#1988,#1989);
#1987 = CARTESIAN_POINT('',(-15.1,-35.,0.156619147856));
#1988 = DIRECTION('',(-2.449293598295E-16,-1.,0.));
#1989 = DIRECTION('',(1.,-2.449293598295E-16,0.));
#1990 = ORIENTED_EDGE('',*,*,#1982,.F.);
#1991 = ORIENTED_EDGE('',*,*,#1992,.F.);
#1992 = EDGE_CURVE('',#416,#1974,#1993,.T.);
#1993 = CIRCLE('',#1994,3.346001654912);
#1994 = AXIS2_PLACEMENT_3D('',#1995,#1996,#1997);
#1995 = CARTESIAN_POINT('',(-12.58333333333,-35.,0.489277853164));
#1996 = DIRECTION('',(0.991376760942,0.,0.131042427722));
#1997 = DIRECTION('',(-0.131042427722,0.,0.991376760942));
#1998 = ORIENTED_EDGE('',*,*,#415,.T.);
#1999 = SPHERICAL_SURFACE('',#2000,4.2);
#2000 = AXIS2_PLACEMENT_3D('',#2001,#2002,#2003);
#2001 = CARTESIAN_POINT('',(-15.1,-35.,0.156619147856));
#2002 = DIRECTION('',(0.,0.,1.));
#2003 = DIRECTION('',(1.,0.,-0.));
#2004 = ADVANCED_FACE('',(#2005),#2037,.F.);
#2005 = FACE_BOUND('',#2006,.F.);
#2006 = EDGE_LOOP('',(#2007,#2008,#2009,#2010,#2019,#2028,#2029,#2036));
#2007 = ORIENTED_EDGE('',*,*,#1992,.T.);
#2008 = ORIENTED_EDGE('',*,*,#1973,.T.);
#2009 = ORIENTED_EDGE('',*,*,#469,.T.);
#2010 = ORIENTED_EDGE('',*,*,#2011,.F.);
#2011 = EDGE_CURVE('',#2012,#461,#2014,.T.);
#2012 = VERTEX_POINT('',#2013);
#2013 = CARTESIAN_POINT('',(-8.244182462501,-35.,4.605922727259));
#2014 = CIRCLE('',#2015,3.319137312316);
#2015 = AXIS2_PLACEMENT_3D('',#2016,#2017,#2018);
#2016 = CARTESIAN_POINT('',(-7.55,-35.,1.360189650315));
#2017 = DIRECTION('',(0.977884543945,0.,0.209145448706));
#2018 = DIRECTION('',(-0.209145448706,0.,0.977884543945));
#2019 = ORIENTED_EDGE('',*,*,#2020,.T.);
#2020 = EDGE_CURVE('',#2012,#2021,#2023,.T.);
#2021 = VERTEX_POINT('',#2022);
#2022 = CARTESIAN_POINT('',(-10.06666666666,-35.,5.021936558472));
#2023 = CIRCLE('',#2024,4.2);
#2024 = AXIS2_PLACEMENT_3D('',#2025,#2026,#2027);
#2025 = CARTESIAN_POINT('',(-10.06666666666,-35.,0.821936558472));
#2026 = DIRECTION('',(-2.449293598295E-16,-1.,0.));
#2027 = DIRECTION('',(1.,-2.449293598295E-16,0.));
#2028 = ORIENTED_EDGE('',*,*,#2020,.F.);
#2029 = ORIENTED_EDGE('',*,*,#2030,.F.);
#2030 = EDGE_CURVE('',#425,#2012,#2031,.T.);
#2031 = CIRCLE('',#2032,3.319137312316);
#2032 = AXIS2_PLACEMENT_3D('',#2033,#2034,#2035);
#2033 = CARTESIAN_POINT('',(-7.55,-35.,1.360189650315));
#2034 = DIRECTION('',(0.977884543945,0.,0.209145448706));
#2035 = DIRECTION('',(-0.209145448706,0.,0.977884543945));
#2036 = ORIENTED_EDGE('',*,*,#424,.T.);
#2037 = SPHERICAL_SURFACE('',#2038,4.2);
#2038 = AXIS2_PLACEMENT_3D('',#2039,#2040,#2041);
#2039 = CARTESIAN_POINT('',(-10.06666666666,-35.,0.821936558472));
#2040 = DIRECTION('',(0.,0.,1.));
#2041 = DIRECTION('',(1.,0.,-0.));
#2042 = ADVANCED_FACE('',(#2043),#2075,.F.);
#2043 = FACE_BOUND('',#2044,.F.);
#2044 = EDGE_LOOP('',(#2045,#2046,#2047,#2048,#2057,#2066,#2067,#2074));
#2045 = ORIENTED_EDGE('',*,*,#2030,.T.);
#2046 = ORIENTED_EDGE('',*,*,#2011,.T.);
#2047 = ORIENTED_EDGE('',*,*,#460,.T.);
#2048 = ORIENTED_EDGE('',*,*,#2049,.F.);
#2049 = EDGE_CURVE('',#2050,#452,#2052,.T.);
#2050 = VERTEX_POINT('',#2051);
#2051 = CARTESIAN_POINT('',(-3.342560421332,-35.,5.74308667366));
#2052 = CIRCLE('',#2053,3.29892043933);
#2053 = AXIS2_PLACEMENT_3D('',#2054,#2055,#2056);
#2054 = CARTESIAN_POINT('',(-2.516666666667,-35.,2.549221371079));
#2055 = DIRECTION('',(0.968154692215,0.,0.25035273504));
#2056 = DIRECTION('',(-0.25035273504,0.,0.968154692215));
#2057 = ORIENTED_EDGE('',*,*,#2058,.T.);
#2058 = EDGE_CURVE('',#2050,#2059,#2061,.T.);
#2059 = VERTEX_POINT('',#2060);
#2060 = CARTESIAN_POINT('',(-5.033333333333,-35.,6.098442742157));
#2061 = CIRCLE('',#2062,4.2);
#2062 = AXIS2_PLACEMENT_3D('',#2063,#2064,#2065);
#2063 = CARTESIAN_POINT('',(-5.033333333333,-35.,1.898442742157));
#2064 = DIRECTION('',(-2.449293598295E-16,-1.,0.));
#2065 = DIRECTION('',(1.,-2.449293598295E-16,0.));
#2066 = ORIENTED_EDGE('',*,*,#2058,.F.);
#2067 = ORIENTED_EDGE('',*,*,#2068,.F.);
#2068 = EDGE_CURVE('',#434,#2050,#2069,.T.);
#2069 = CIRCLE('',#2070,3.29892043933);
#2070 = AXIS2_PLACEMENT_3D('',#2071,#2072,#2073);
#2071 = CARTESIAN_POINT('',(-2.516666666667,-35.,2.549221371079));
#2072 = DIRECTION('',(0.968154692215,0.,0.25035273504));
#2073 = DIRECTION('',(-0.25035273504,0.,0.968154692215));
#2074 = ORIENTED_EDGE('',*,*,#433,.T.);
#2075 = SPHERICAL_SURFACE('',#2076,4.2);
#2076 = AXIS2_PLACEMENT_3D('',#2077,#2078,#2079);
#2077 = CARTESIAN_POINT('',(-5.033333333333,-35.,1.898442742157));
#2078 = DIRECTION('',(0.,0.,1.));
#2079 = DIRECTION('',(1.,0.,-0.));
#2080 = ADVANCED_FACE('',(#2081),#2123,.F.);
#2081 = FACE_BOUND('',#2082,.F.);
#2082 = EDGE_LOOP('',(#2083,#2084,#2085,#2086,#2095,#2104,#2113,#2114,
    #2121,#2122));
#2083 = ORIENTED_EDGE('',*,*,#2068,.T.);
#2084 = ORIENTED_EDGE('',*,*,#2049,.T.);
#2085 = ORIENTED_EDGE('',*,*,#451,.T.);
#2086 = ORIENTED_EDGE('',*,*,#2087,.T.);
#2087 = EDGE_CURVE('',#443,#2088,#2090,.T.);
#2088 = VERTEX_POINT('',#2089);
#2089 = CARTESIAN_POINT('',(3.342560421332,-35.,0.65691332634));
#2090 = CIRCLE('',#2091,4.2);
#2091 = AXIS2_PLACEMENT_3D('',#2092,#2093,#2094);
#2092 = CARTESIAN_POINT('',(0.,-35.,3.2));
#2093 = DIRECTION('',(-2.449293598295E-16,-1.,0.));
#2094 = DIRECTION('',(1.,-2.449293598295E-16,0.));
#2095 = ORIENTED_EDGE('',*,*,#2096,.F.);
#2096 = EDGE_CURVE('',#2097,#2088,#2099,.T.);
#2097 = VERTEX_POINT('',#2098);
#2098 = CARTESIAN_POINT('',(1.690772912002,-35.,7.044643931503));
#2099 = CIRCLE('',#2100,3.29892043933);
#2100 = AXIS2_PLACEMENT_3D('',#2101,#2102,#2103);
#2101 = CARTESIAN_POINT('',(2.516666666667,-35.,3.850778628921));
#2102 = DIRECTION('',(0.968154692215,0.,0.25035273504));
#2103 = DIRECTION('',(-0.25035273504,0.,0.968154692215));
#2104 = ORIENTED_EDGE('',*,*,#2105,.T.);
#2105 = EDGE_CURVE('',#2097,#2106,#2108,.T.);
#2106 = VERTEX_POINT('',#2107);
#2107 = CARTESIAN_POINT('',(2.571758278209E-16,-35.,7.4));
#2108 = CIRCLE('',#2109,4.2);
#2109 = AXIS2_PLACEMENT_3D('',#2110,#2111,#2112);
#2110 = CARTESIAN_POINT('',(0.,-35.,3.2));
#2111 = DIRECTION('',(-2.449293598295E-16,-1.,0.));
#2112 = DIRECTION('',(1.,-2.449293598295E-16,0.));
#2113 = ORIENTED_EDGE('',*,*,#2105,.F.);
#2114 = ORIENTED_EDGE('',*,*,#2115,.F.);
#2115 = EDGE_CURVE('',#2088,#2097,#2116,.T.);
#2116 = CIRCLE('',#2117,3.29892043933);
#2117 = AXIS2_PLACEMENT_3D('',#2118,#2119,#2120);
#2118 = CARTESIAN_POINT('',(2.516666666667,-35.,3.850778628921));
#2119 = DIRECTION('',(0.968154692215,0.,0.25035273504));
#2120 = DIRECTION('',(-0.25035273504,0.,0.968154692215));
#2121 = ORIENTED_EDGE('',*,*,#2087,.F.);
#2122 = ORIENTED_EDGE('',*,*,#442,.T.);
#2123 = SPHERICAL_SURFACE('',#2124,4.2);
#2124 = AXIS2_PLACEMENT_3D('',#2125,#2126,#2127);
#2125 = CARTESIAN_POINT('',(0.,-35.,3.2));
#2126 = DIRECTION('',(0.,0.,1.));
#2127 = DIRECTION('',(1.,0.,-0.));
#2128 = ADVANCED_FACE('',(#2129,#2168),#2188,.F.);
#2129 = FACE_BOUND('',#2130,.F.);
#2130 = EDGE_LOOP('',(#2131,#2140,#2141,#2142,#2151,#2160,#2161));
#2131 = ORIENTED_EDGE('',*,*,#2132,.F.);
#2132 = EDGE_CURVE('',#515,#2133,#2135,.T.);
#2133 = VERTEX_POINT('',#2134);
#2134 = CARTESIAN_POINT('',(36.907589784857,-35.,1.345223455833E-02));
#2135 = CIRCLE('',#2136,4.2);
#2136 = AXIS2_PLACEMENT_3D('',#2137,#2138,#2139);
#2137 = CARTESIAN_POINT('',(35.233333333333,-35.,3.865317410617));
#2138 = DIRECTION('',(-2.449293598295E-16,-1.,0.));
#2139 = DIRECTION('',(1.,-2.449293598295E-16,0.));
#2140 = ORIENTED_EDGE('',*,*,#514,.T.);
#2141 = ORIENTED_EDGE('',*,*,#2132,.T.);
#2142 = ORIENTED_EDGE('',*,*,#2143,.F.);
#2143 = EDGE_CURVE('',#2144,#2133,#2146,.T.);
#2144 = VERTEX_POINT('',#2145);
#2145 = CARTESIAN_POINT('',(38.592410215143,-35.,6.386547765442));
#2146 = CIRCLE('',#2147,3.2960190582);
#2147 = AXIS2_PLACEMENT_3D('',#2148,#2149,#2150);
#2148 = CARTESIAN_POINT('',(37.75,-35.,3.2));
#2149 = DIRECTION('',(0.966786814389,0.,-0.255584145682));
#2150 = DIRECTION('',(0.255584145682,0.,0.966786814389));
#2151 = ORIENTED_EDGE('',*,*,#2152,.T.);
#2152 = EDGE_CURVE('',#2144,#2153,#2155,.T.);
#2153 = VERTEX_POINT('',#2154);
#2154 = CARTESIAN_POINT('',(35.233333333333,-35.,8.065317410617));
#2155 = CIRCLE('',#2156,4.2);
#2156 = AXIS2_PLACEMENT_3D('',#2157,#2158,#2159);
#2157 = CARTESIAN_POINT('',(35.233333333333,-35.,3.865317410617));
#2158 = DIRECTION('',(-2.449293598295E-16,-1.,0.));
#2159 = DIRECTION('',(1.,-2.449293598295E-16,0.));
#2160 = ORIENTED_EDGE('',*,*,#2152,.F.);
#2161 = ORIENTED_EDGE('',*,*,#2162,.F.);
#2162 = EDGE_CURVE('',#2133,#2144,#2163,.T.);
#2163 = CIRCLE('',#2164,3.2960190582);
#2164 = AXIS2_PLACEMENT_3D('',#2165,#2166,#2167);
#2165 = CARTESIAN_POINT('',(37.75,-35.,3.2));
#2166 = DIRECTION('',(0.966786814389,0.,-0.255584145682));
#2167 = DIRECTION('',(0.255584145682,0.,0.966786814389));
#2168 = FACE_BOUND('',#2169,.F.);
#2169 = EDGE_LOOP('',(#2170,#2181));
#2170 = ORIENTED_EDGE('',*,*,#2171,.T.);
#2171 = EDGE_CURVE('',#2172,#2174,#2176,.T.);
#2172 = VERTEX_POINT('',#2173);
#2173 = CARTESIAN_POINT('',(31.940290805024,-35.,1.258428286249));
#2174 = VERTEX_POINT('',#2175);
#2175 = CARTESIAN_POINT('',(33.493042528309,-35.,7.687801931704));
#2176 = CIRCLE('',#2177,3.307109137413);
#2177 = AXIS2_PLACEMENT_3D('',#2178,#2179,#2180);
#2178 = CARTESIAN_POINT('',(32.716666666667,-35.,4.473115108976));
#2179 = DIRECTION('',(0.972053442797,0.,-0.234759673595));
#2180 = DIRECTION('',(0.234759673595,0.,0.972053442797));
#2181 = ORIENTED_EDGE('',*,*,#2182,.T.);
#2182 = EDGE_CURVE('',#2174,#2172,#2183,.T.);
#2183 = CIRCLE('',#2184,3.307109137413);
#2184 = AXIS2_PLACEMENT_3D('',#2185,#2186,#2187);
#2185 = CARTESIAN_POINT('',(32.716666666667,-35.,4.473115108976));
#2186 = DIRECTION('',(0.972053442797,0.,-0.234759673595));
#2187 = DIRECTION('',(0.234759673595,0.,0.972053442797));
#2188 = SPHERICAL_SURFACE('',#2189,4.2);
#2189 = AXIS2_PLACEMENT_3D('',#2190,#2191,#2192);
#2190 = CARTESIAN_POINT('',(35.233333333333,-35.,3.865317410617));
#2191 = DIRECTION('',(0.,0.,1.));
#2192 = DIRECTION('',(1.,0.,-0.));
#2193 = ADVANCED_FACE('',(#2194,#2223),#2227,.F.);
#2194 = FACE_BOUND('',#2195,.F.);
#2195 = EDGE_LOOP('',(#2196,#2207,#2214,#2215,#2222));
#2196 = ORIENTED_EDGE('',*,*,#2197,.F.);
#2197 = EDGE_CURVE('',#2198,#2200,#2202,.T.);
#2198 = VERTEX_POINT('',#2199);
#2199 = CARTESIAN_POINT('',(43.559709194976,-35.,5.141571713751));
#2200 = VERTEX_POINT('',#2201);
#2201 = CARTESIAN_POINT('',(40.266666666667,-35.,6.734682589383));
#2202 = CIRCLE('',#2203,4.2);
#2203 = AXIS2_PLACEMENT_3D('',#2204,#2205,#2206);
#2204 = CARTESIAN_POINT('',(40.266666666667,-35.,2.534682589383));
#2205 = DIRECTION('',(-2.449293598295E-16,-1.,0.));
#2206 = DIRECTION('',(1.,-2.449293598295E-16,0.));
#2207 = ORIENTED_EDGE('',*,*,#2208,.F.);
#2208 = EDGE_CURVE('',#526,#2198,#2209,.T.);
#2209 = CIRCLE('',#2210,3.307109137413);
#2210 = AXIS2_PLACEMENT_3D('',#2211,#2212,#2213);
#2211 = CARTESIAN_POINT('',(42.783333333333,-35.,1.926884891024));
#2212 = DIRECTION('',(0.972053442797,0.,-0.234759673595));
#2213 = DIRECTION('',(0.234759673595,0.,0.972053442797));
#2214 = ORIENTED_EDGE('',*,*,#525,.T.);
#2215 = ORIENTED_EDGE('',*,*,#2216,.F.);
#2216 = EDGE_CURVE('',#2198,#528,#2217,.T.);
#2217 = CIRCLE('',#2218,3.307109137413);
#2218 = AXIS2_PLACEMENT_3D('',#2219,#2220,#2221);
#2219 = CARTESIAN_POINT('',(42.783333333333,-35.,1.926884891024));
#2220 = DIRECTION('',(0.972053442797,0.,-0.234759673595));
#2221 = DIRECTION('',(0.234759673595,0.,0.972053442797));
#2222 = ORIENTED_EDGE('',*,*,#2197,.T.);
#2223 = FACE_BOUND('',#2224,.F.);
#2224 = EDGE_LOOP('',(#2225,#2226));
#2225 = ORIENTED_EDGE('',*,*,#2162,.T.);
#2226 = ORIENTED_EDGE('',*,*,#2143,.T.);
#2227 = SPHERICAL_SURFACE('',#2228,4.2);
#2228 = AXIS2_PLACEMENT_3D('',#2229,#2230,#2231);
#2229 = CARTESIAN_POINT('',(40.266666666667,-35.,2.534682589383));
#2230 = DIRECTION('',(0.,0.,1.));
#2231 = DIRECTION('',(1.,0.,-0.));
#2232 = ADVANCED_FACE('',(#2233),#2265,.F.);
#2233 = FACE_BOUND('',#2234,.F.);
#2234 = EDGE_LOOP('',(#2235,#2236,#2237,#2238,#2247,#2256,#2257,#2264));
#2235 = ORIENTED_EDGE('',*,*,#2208,.T.);
#2236 = ORIENTED_EDGE('',*,*,#2216,.T.);
#2237 = ORIENTED_EDGE('',*,*,#653,.T.);
#2238 = ORIENTED_EDGE('',*,*,#2239,.F.);
#2239 = EDGE_CURVE('',#2240,#645,#2242,.T.);
#2240 = VERTEX_POINT('',#2241);
#2241 = CARTESIAN_POINT('',(48.397224091165,-35.,4.155846422685));
#2242 = CIRCLE('',#2243,3.332896619942);
#2243 = AXIS2_PLACEMENT_3D('',#2244,#2245,#2246);
#2244 = CARTESIAN_POINT('',(47.816666666667,-35.,0.873902950277));
#2245 = DIRECTION('',(0.984712052804,0.,-0.174190048688));
#2246 = DIRECTION('',(0.174190048688,0.,0.984712052804));
#2247 = ORIENTED_EDGE('',*,*,#2248,.T.);
#2248 = EDGE_CURVE('',#2240,#2249,#2251,.T.);
#2249 = VERTEX_POINT('',#2250);
#2250 = CARTESIAN_POINT('',(45.3,-35.,5.519087192664));
#2251 = CIRCLE('',#2252,4.2);
#2252 = AXIS2_PLACEMENT_3D('',#2253,#2254,#2255);
#2253 = CARTESIAN_POINT('',(45.3,-35.,1.319087192664));
#2254 = DIRECTION('',(-2.449293598295E-16,-1.,0.));
#2255 = DIRECTION('',(1.,-2.449293598295E-16,0.));
#2256 = ORIENTED_EDGE('',*,*,#2248,.F.);
#2257 = ORIENTED_EDGE('',*,*,#2258,.F.);
#2258 = EDGE_CURVE('',#537,#2240,#2259,.T.);
#2259 = CIRCLE('',#2260,3.332896619942);
#2260 = AXIS2_PLACEMENT_3D('',#2261,#2262,#2263);
#2261 = CARTESIAN_POINT('',(47.816666666667,-35.,0.873902950277));
#2262 = DIRECTION('',(0.984712052804,0.,-0.174190048688));
#2263 = DIRECTION('',(0.174190048688,0.,0.984712052804));
#2264 = ORIENTED_EDGE('',*,*,#536,.T.);
#2265 = SPHERICAL_SURFACE('',#2266,4.2);
#2266 = AXIS2_PLACEMENT_3D('',#2267,#2268,#2269);
#2267 = CARTESIAN_POINT('',(45.3,-35.,1.319087192664));
#2268 = DIRECTION('',(0.,0.,1.));
#2269 = DIRECTION('',(1.,0.,-0.));
#2270 = ADVANCED_FACE('',(#2271),#2303,.F.);
#2271 = FACE_BOUND('',#2272,.F.);
#2272 = EDGE_LOOP('',(#2273,#2274,#2275,#2276,#2285,#2294,#2295,#2302));
#2273 = ORIENTED_EDGE('',*,*,#2258,.T.);
#2274 = ORIENTED_EDGE('',*,*,#2239,.T.);
#2275 = ORIENTED_EDGE('',*,*,#644,.T.);
#2276 = ORIENTED_EDGE('',*,*,#2277,.F.);
#2277 = EDGE_CURVE('',#2278,#636,#2280,.T.);
#2278 = VERTEX_POINT('',#2279);
#2279 = CARTESIAN_POINT('',(53.123268649762,-35.,3.568186963844));
#2280 = CIRCLE('',#2281,3.356206167254);
#2281 = AXIS2_PLACEMENT_3D('',#2282,#2283,#2284);
#2282 = CARTESIAN_POINT('',(52.85,-35.,0.223124321356));
#2283 = DIRECTION('',(0.996679725794,0.,-8.14218901175E-02));
#2284 = DIRECTION('',(8.14218901175E-02,0.,0.996679725794));
#2285 = ORIENTED_EDGE('',*,*,#2286,.T.);
#2286 = EDGE_CURVE('',#2278,#2287,#2289,.T.);
#2287 = VERTEX_POINT('',#2288);
#2288 = CARTESIAN_POINT('',(50.333333333333,-35.,4.62871870789));
#2289 = CIRCLE('',#2290,4.2);
#2290 = AXIS2_PLACEMENT_3D('',#2291,#2292,#2293);
#2291 = CARTESIAN_POINT('',(50.333333333333,-35.,0.42871870789));
#2292 = DIRECTION('',(-2.449293598295E-16,-1.,0.));
#2293 = DIRECTION('',(1.,-2.449293598295E-16,0.));
#2294 = ORIENTED_EDGE('',*,*,#2286,.F.);
#2295 = ORIENTED_EDGE('',*,*,#2296,.F.);
#2296 = EDGE_CURVE('',#546,#2278,#2297,.T.);
#2297 = CIRCLE('',#2298,3.356206167254);
#2298 = AXIS2_PLACEMENT_3D('',#2299,#2300,#2301);
#2299 = CARTESIAN_POINT('',(52.85,-35.,0.223124321356));
#2300 = DIRECTION('',(0.996679725794,0.,-8.14218901175E-02));
#2301 = DIRECTION('',(8.14218901175E-02,0.,0.996679725794));
#2302 = ORIENTED_EDGE('',*,*,#545,.T.);
#2303 = SPHERICAL_SURFACE('',#2304,4.2);
#2304 = AXIS2_PLACEMENT_3D('',#2305,#2306,#2307);
#2305 = CARTESIAN_POINT('',(50.333333333333,-35.,0.42871870789));
#2306 = DIRECTION('',(0.,0.,1.));
#2307 = DIRECTION('',(1.,0.,-0.));
#2308 = ADVANCED_FACE('',(#2309),#2341,.F.);
#2309 = FACE_BOUND('',#2310,.F.);
#2310 = EDGE_LOOP('',(#2311,#2312,#2313,#2314,#2323,#2332,#2333,#2340));
#2311 = ORIENTED_EDGE('',*,*,#2296,.T.);
#2312 = ORIENTED_EDGE('',*,*,#2277,.T.);
#2313 = ORIENTED_EDGE('',*,*,#635,.T.);
#2314 = ORIENTED_EDGE('',*,*,#2315,.F.);
#2315 = EDGE_CURVE('',#2316,#627,#2318,.T.);
#2316 = VERTEX_POINT('',#2317);
#2317 = CARTESIAN_POINT('',(57.790470687047,-35.,3.447569886599));
#2318 = CIRCLE('',#2319,3.361778165881);
#2319 = AXIS2_PLACEMENT_3D('',#2320,#2321,#2322);
#2320 = CARTESIAN_POINT('',(57.883333333333,-35.,8.707454133852E-02));
#2321 = DIRECTION('',(0.999618410092,0.,2.762307377364E-02));
#2322 = DIRECTION('',(-2.762307377364E-02,0.,0.999618410092));
#2323 = ORIENTED_EDGE('',*,*,#2324,.T.);
#2324 = EDGE_CURVE('',#2316,#2325,#2327,.T.);
#2325 = VERTEX_POINT('',#2326);
#2326 = CARTESIAN_POINT('',(55.366666666667,-35.,4.217529934822));
#2327 = CIRCLE('',#2328,4.2);
#2328 = AXIS2_PLACEMENT_3D('',#2329,#2330,#2331);
#2329 = CARTESIAN_POINT('',(55.366666666667,-35.,1.752993482153E-02));
#2330 = DIRECTION('',(-2.449293598295E-16,-1.,0.));
#2331 = DIRECTION('',(1.,-2.449293598295E-16,0.));
#2332 = ORIENTED_EDGE('',*,*,#2324,.F.);
#2333 = ORIENTED_EDGE('',*,*,#2334,.F.);
#2334 = EDGE_CURVE('',#555,#2316,#2335,.T.);
#2335 = CIRCLE('',#2336,3.361778165881);
#2336 = AXIS2_PLACEMENT_3D('',#2337,#2338,#2339);
#2337 = CARTESIAN_POINT('',(57.883333333333,-35.,8.707454133852E-02));
#2338 = DIRECTION('',(0.999618410092,0.,2.762307377364E-02));
#2339 = DIRECTION('',(-2.762307377364E-02,0.,0.999618410092));
#2340 = ORIENTED_EDGE('',*,*,#554,.T.);
#2341 = SPHERICAL_SURFACE('',#2342,4.2);
#2342 = AXIS2_PLACEMENT_3D('',#2343,#2344,#2345);
#2343 = CARTESIAN_POINT('',(55.366666666667,-35.,1.752993482153E-02));
#2344 = DIRECTION('',(0.,0.,1.));
#2345 = DIRECTION('',(1.,0.,-0.));
#2346 = ADVANCED_FACE('',(#2347),#2379,.F.);
#2347 = FACE_BOUND('',#2348,.F.);
#2348 = EDGE_LOOP('',(#2349,#2350,#2351,#2352,#2361,#2370,#2371,#2378));
#2349 = ORIENTED_EDGE('',*,*,#2334,.T.);
#2350 = ORIENTED_EDGE('',*,*,#2315,.T.);
#2351 = ORIENTED_EDGE('',*,*,#626,.T.);
#2352 = ORIENTED_EDGE('',*,*,#2353,.F.);
#2353 = EDGE_CURVE('',#2354,#618,#2356,.T.);
#2354 = VERTEX_POINT('',#2355);
#2355 = CARTESIAN_POINT('',(62.478198486644,-35.,3.806426135918));
#2356 = CIRCLE('',#2357,3.346001654912);
#2357 = AXIS2_PLACEMENT_3D('',#2358,#2359,#2360);
#2358 = CARTESIAN_POINT('',(62.916666666667,-35.,0.489277853164));
#2359 = DIRECTION('',(0.991376760942,0.,0.131042427722));
#2360 = DIRECTION('',(-0.131042427722,0.,0.991376760942));
#2361 = ORIENTED_EDGE('',*,*,#2362,.T.);
#2362 = EDGE_CURVE('',#2354,#2363,#2365,.T.);
#2363 = VERTEX_POINT('',#2364);
#2364 = CARTESIAN_POINT('',(60.4,-35.,4.356619147856));
#2365 = CIRCLE('',#2366,4.2);
#2366 = AXIS2_PLACEMENT_3D('',#2367,#2368,#2369);
#2367 = CARTESIAN_POINT('',(60.4,-35.,0.156619147856));
#2368 = DIRECTION('',(-2.449293598295E-16,-1.,0.));
#2369 = DIRECTION('',(1.,-2.449293598295E-16,0.));
#2370 = ORIENTED_EDGE('',*,*,#2362,.F.);
#2371 = ORIENTED_EDGE('',*,*,#2372,.F.);
#2372 = EDGE_CURVE('',#564,#2354,#2373,.T.);
#2373 = CIRCLE('',#2374,3.346001654912);
#2374 = AXIS2_PLACEMENT_3D('',#2375,#2376,#2377);
#2375 = CARTESIAN_POINT('',(62.916666666667,-35.,0.489277853164));
#2376 = DIRECTION('',(0.991376760942,0.,0.131042427722));
#2377 = DIRECTION('',(-0.131042427722,0.,0.991376760942));
#2378 = ORIENTED_EDGE('',*,*,#563,.T.);
#2379 = SPHERICAL_SURFACE('',#2380,4.2);
#2380 = AXIS2_PLACEMENT_3D('',#2381,#2382,#2383);
#2381 = CARTESIAN_POINT('',(60.4,-35.,0.156619147856));
#2382 = DIRECTION('',(0.,0.,1.));
#2383 = DIRECTION('',(1.,0.,-0.));
#2384 = ADVANCED_FACE('',(#2385),#2417,.F.);
#2385 = FACE_BOUND('',#2386,.F.);
#2386 = EDGE_LOOP('',(#2387,#2388,#2389,#2390,#2399,#2408,#2409,#2416));
#2387 = ORIENTED_EDGE('',*,*,#2372,.T.);
#2388 = ORIENTED_EDGE('',*,*,#2353,.T.);
#2389 = ORIENTED_EDGE('',*,*,#617,.T.);
#2390 = ORIENTED_EDGE('',*,*,#2391,.F.);
#2391 = EDGE_CURVE('',#2392,#609,#2394,.T.);
#2392 = VERTEX_POINT('',#2393);
#2393 = CARTESIAN_POINT('',(67.255817537499,-35.,4.605922727259));
#2394 = CIRCLE('',#2395,3.319137312316);
#2395 = AXIS2_PLACEMENT_3D('',#2396,#2397,#2398);
#2396 = CARTESIAN_POINT('',(67.95,-35.,1.360189650315));
#2397 = DIRECTION('',(0.977884543945,0.,0.209145448706));
#2398 = DIRECTION('',(-0.209145448706,0.,0.977884543945));
#2399 = ORIENTED_EDGE('',*,*,#2400,.T.);
#2400 = EDGE_CURVE('',#2392,#2401,#2403,.T.);
#2401 = VERTEX_POINT('',#2402);
#2402 = CARTESIAN_POINT('',(65.433333333333,-35.,5.021936558472));
#2403 = CIRCLE('',#2404,4.2);
#2404 = AXIS2_PLACEMENT_3D('',#2405,#2406,#2407);
#2405 = CARTESIAN_POINT('',(65.433333333333,-35.,0.821936558472));
#2406 = DIRECTION('',(-2.449293598295E-16,-1.,0.));
#2407 = DIRECTION('',(1.,-2.449293598295E-16,0.));
#2408 = ORIENTED_EDGE('',*,*,#2400,.F.);
#2409 = ORIENTED_EDGE('',*,*,#2410,.F.);
#2410 = EDGE_CURVE('',#573,#2392,#2411,.T.);
#2411 = CIRCLE('',#2412,3.319137312316);
#2412 = AXIS2_PLACEMENT_3D('',#2413,#2414,#2415);
#2413 = CARTESIAN_POINT('',(67.95,-35.,1.360189650315));
#2414 = DIRECTION('',(0.977884543945,0.,0.209145448706));
#2415 = DIRECTION('',(-0.209145448706,0.,0.977884543945));
#2416 = ORIENTED_EDGE('',*,*,#572,.T.);
#2417 = SPHERICAL_SURFACE('',#2418,4.2);
#2418 = AXIS2_PLACEMENT_3D('',#2419,#2420,#2421);
#2419 = CARTESIAN_POINT('',(65.433333333333,-35.,0.821936558472));
#2420 = DIRECTION('',(0.,0.,1.));
#2421 = DIRECTION('',(1.,0.,-0.));
#2422 = ADVANCED_FACE('',(#2423),#2455,.F.);
#2423 = FACE_BOUND('',#2424,.F.);
#2424 = EDGE_LOOP('',(#2425,#2426,#2427,#2436,#2445,#2446,#2453,#2454));
#2425 = ORIENTED_EDGE('',*,*,#2391,.T.);
#2426 = ORIENTED_EDGE('',*,*,#608,.T.);
#2427 = ORIENTED_EDGE('',*,*,#2428,.F.);
#2428 = EDGE_CURVE('',#2429,#600,#2431,.T.);
#2429 = VERTEX_POINT('',#2430);
#2430 = CARTESIAN_POINT('',(72.157439578668,-35.,5.74308667366));
#2431 = CIRCLE('',#2432,3.29892043933);
#2432 = AXIS2_PLACEMENT_3D('',#2433,#2434,#2435);
#2433 = CARTESIAN_POINT('',(72.983333333333,-35.,2.549221371079));
#2434 = DIRECTION('',(0.968154692215,0.,0.25035273504));
#2435 = DIRECTION('',(-0.25035273504,0.,0.968154692215));
#2436 = ORIENTED_EDGE('',*,*,#2437,.T.);
#2437 = EDGE_CURVE('',#2429,#2438,#2440,.T.);
#2438 = VERTEX_POINT('',#2439);
#2439 = CARTESIAN_POINT('',(70.466666666667,-35.,6.098442742157));
#2440 = CIRCLE('',#2441,4.2);
#2441 = AXIS2_PLACEMENT_3D('',#2442,#2443,#2444);
#2442 = CARTESIAN_POINT('',(70.466666666667,-35.,1.898442742157));
#2443 = DIRECTION('',(-2.449293598295E-16,-1.,0.));
#2444 = DIRECTION('',(1.,-2.449293598295E-16,0.));
#2445 = ORIENTED_EDGE('',*,*,#2437,.F.);
#2446 = ORIENTED_EDGE('',*,*,#2447,.F.);
#2447 = EDGE_CURVE('',#582,#2429,#2448,.T.);
#2448 = CIRCLE('',#2449,3.29892043933);
#2449 = AXIS2_PLACEMENT_3D('',#2450,#2451,#2452);
#2450 = CARTESIAN_POINT('',(72.983333333333,-35.,2.549221371079));
#2451 = DIRECTION('',(0.968154692215,0.,0.25035273504));
#2452 = DIRECTION('',(-0.25035273504,0.,0.968154692215));
#2453 = ORIENTED_EDGE('',*,*,#581,.T.);
#2454 = ORIENTED_EDGE('',*,*,#2410,.T.);
#2455 = SPHERICAL_SURFACE('',#2456,4.2);
#2456 = AXIS2_PLACEMENT_3D('',#2457,#2458,#2459);
#2457 = CARTESIAN_POINT('',(70.466666666667,-35.,1.898442742157));
#2458 = DIRECTION('',(0.,0.,1.));
#2459 = DIRECTION('',(1.,0.,-0.));
#2460 = ADVANCED_FACE('',(#2461),#2477,.F.);
#2461 = FACE_BOUND('',#2462,.F.);
#2462 = EDGE_LOOP('',(#2463,#2472,#2473,#2474,#2475,#2476));
#2463 = ORIENTED_EDGE('',*,*,#2464,.T.);
#2464 = EDGE_CURVE('',#591,#2465,#2467,.T.);
#2465 = VERTEX_POINT('',#2466);
#2466 = CARTESIAN_POINT('',(75.5,-35.,7.4));
#2467 = CIRCLE('',#2468,4.2);
#2468 = AXIS2_PLACEMENT_3D('',#2469,#2470,#2471);
#2469 = CARTESIAN_POINT('',(75.5,-35.,3.2));
#2470 = DIRECTION('',(-2.449293598295E-16,-1.,0.));
#2471 = DIRECTION('',(1.,-2.449293598295E-16,0.));
#2472 = ORIENTED_EDGE('',*,*,#2464,.F.);
#2473 = ORIENTED_EDGE('',*,*,#590,.T.);
#2474 = ORIENTED_EDGE('',*,*,#2447,.T.);
#2475 = ORIENTED_EDGE('',*,*,#2428,.T.);
#2476 = ORIENTED_EDGE('',*,*,#599,.T.);
#2477 = SPHERICAL_SURFACE('',#2478,4.2);
#2478 = AXIS2_PLACEMENT_3D('',#2479,#2480,#2481);
#2479 = CARTESIAN_POINT('',(75.5,-35.,3.2));
#2480 = DIRECTION('',(0.,0.,1.));
#2481 = DIRECTION('',(1.,0.,-0.));
#2482 = ADVANCED_FACE('',(#2483),#2522,.F.);
#2483 = FACE_BOUND('',#2484,.F.);
#2484 = EDGE_LOOP('',(#2485,#2494,#2495,#2496,#2505,#2514,#2515));
#2485 = ORIENTED_EDGE('',*,*,#2486,.F.);
#2486 = EDGE_CURVE('',#663,#2487,#2489,.T.);
#2487 = VERTEX_POINT('',#2488);
#2488 = CARTESIAN_POINT('',(-72.15743957866,35.,0.65691332634));
#2489 = CIRCLE('',#2490,4.2);
#2490 = AXIS2_PLACEMENT_3D('',#2491,#2492,#2493);
#2491 = CARTESIAN_POINT('',(-75.5,35.,3.2));
#2492 = DIRECTION('',(-2.449293598295E-16,-1.,0.));
#2493 = DIRECTION('',(1.,-2.449293598295E-16,0.));
#2494 = ORIENTED_EDGE('',*,*,#662,.T.);
#2495 = ORIENTED_EDGE('',*,*,#2486,.T.);
#2496 = ORIENTED_EDGE('',*,*,#2497,.F.);
#2497 = EDGE_CURVE('',#2498,#2487,#2500,.T.);
#2498 = VERTEX_POINT('',#2499);
#2499 = CARTESIAN_POINT('',(-73.80922708799,35.,7.044643931503));
#2500 = CIRCLE('',#2501,3.29892043933);
#2501 = AXIS2_PLACEMENT_3D('',#2502,#2503,#2504);
#2502 = CARTESIAN_POINT('',(-72.98333333333,35.,3.850778628921));
#2503 = DIRECTION('',(0.968154692215,0.,0.25035273504));
#2504 = DIRECTION('',(-0.25035273504,0.,0.968154692215));
#2505 = ORIENTED_EDGE('',*,*,#2506,.T.);
#2506 = EDGE_CURVE('',#2498,#2507,#2509,.T.);
#2507 = VERTEX_POINT('',#2508);
#2508 = CARTESIAN_POINT('',(-75.5,35.,7.4));
#2509 = CIRCLE('',#2510,4.2);
#2510 = AXIS2_PLACEMENT_3D('',#2511,#2512,#2513);
#2511 = CARTESIAN_POINT('',(-75.5,35.,3.2));
#2512 = DIRECTION('',(-2.449293598295E-16,-1.,0.));
#2513 = DIRECTION('',(1.,-2.449293598295E-16,0.));
#2514 = ORIENTED_EDGE('',*,*,#2506,.F.);
#2515 = ORIENTED_EDGE('',*,*,#2516,.F.);
#2516 = EDGE_CURVE('',#2487,#2498,#2517,.T.);
#2517 = CIRCLE('',#2518,3.29892043933);
#2518 = AXIS2_PLACEMENT_3D('',#2519,#2520,#2521);
#2519 = CARTESIAN_POINT('',(-72.98333333333,35.,3.850778628921));
#2520 = DIRECTION('',(0.968154692215,0.,0.25035273504));
#2521 = DIRECTION('',(-0.25035273504,0.,0.968154692215));
#2522 = SPHERICAL_SURFACE('',#2523,4.2);
#2523 = AXIS2_PLACEMENT_3D('',#2524,#2525,#2526);
#2524 = CARTESIAN_POINT('',(-75.5,35.,3.2));
#2525 = DIRECTION('',(0.,0.,1.));
#2526 = DIRECTION('',(1.,0.,-0.));
#2527 = ADVANCED_FACE('',(#2528,#2567),#2587,.F.);
#2528 = FACE_BOUND('',#2529,.F.);
#2529 = EDGE_LOOP('',(#2530,#2539,#2540,#2541,#2550,#2559,#2560));
#2530 = ORIENTED_EDGE('',*,*,#2531,.F.);
#2531 = EDGE_CURVE('',#674,#2532,#2534,.T.);
#2532 = VERTEX_POINT('',#2533);
#2533 = CARTESIAN_POINT('',(-38.59241021514,35.,1.345223455833E-02));
#2534 = CIRCLE('',#2535,4.2);
#2535 = AXIS2_PLACEMENT_3D('',#2536,#2537,#2538);
#2536 = CARTESIAN_POINT('',(-40.26666666666,35.,3.865317410617));
#2537 = DIRECTION('',(-2.449293598295E-16,-1.,0.));
#2538 = DIRECTION('',(1.,-2.449293598295E-16,0.));
#2539 = ORIENTED_EDGE('',*,*,#673,.T.);
#2540 = ORIENTED_EDGE('',*,*,#2531,.T.);
#2541 = ORIENTED_EDGE('',*,*,#2542,.F.);
#2542 = EDGE_CURVE('',#2543,#2532,#2545,.T.);
#2543 = VERTEX_POINT('',#2544);
#2544 = CARTESIAN_POINT('',(-36.90758978485,35.,6.386547765442));
#2545 = CIRCLE('',#2546,3.2960190582);
#2546 = AXIS2_PLACEMENT_3D('',#2547,#2548,#2549);
#2547 = CARTESIAN_POINT('',(-37.75,35.,3.2));
#2548 = DIRECTION('',(0.966786814389,0.,-0.255584145682));
#2549 = DIRECTION('',(0.255584145682,0.,0.966786814389));
#2550 = ORIENTED_EDGE('',*,*,#2551,.T.);
#2551 = EDGE_CURVE('',#2543,#2552,#2554,.T.);
#2552 = VERTEX_POINT('',#2553);
#2553 = CARTESIAN_POINT('',(-40.26666666666,35.,8.065317410617));
#2554 = CIRCLE('',#2555,4.2);
#2555 = AXIS2_PLACEMENT_3D('',#2556,#2557,#2558);
#2556 = CARTESIAN_POINT('',(-40.26666666666,35.,3.865317410617));
#2557 = DIRECTION('',(-2.449293598295E-16,-1.,0.));
#2558 = DIRECTION('',(1.,-2.449293598295E-16,0.));
#2559 = ORIENTED_EDGE('',*,*,#2551,.F.);
#2560 = ORIENTED_EDGE('',*,*,#2561,.F.);
#2561 = EDGE_CURVE('',#2532,#2543,#2562,.T.);
#2562 = CIRCLE('',#2563,3.2960190582);
#2563 = AXIS2_PLACEMENT_3D('',#2564,#2565,#2566);
#2564 = CARTESIAN_POINT('',(-37.75,35.,3.2));
#2565 = DIRECTION('',(0.966786814389,0.,-0.255584145682));
#2566 = DIRECTION('',(0.255584145682,0.,0.966786814389));
#2567 = FACE_BOUND('',#2568,.F.);
#2568 = EDGE_LOOP('',(#2569,#2580));
#2569 = ORIENTED_EDGE('',*,*,#2570,.T.);
#2570 = EDGE_CURVE('',#2571,#2573,#2575,.T.);
#2571 = VERTEX_POINT('',#2572);
#2572 = CARTESIAN_POINT('',(-43.55970919497,35.,1.258428286249));
#2573 = VERTEX_POINT('',#2574);
#2574 = CARTESIAN_POINT('',(-42.00695747169,35.,7.687801931704));
#2575 = CIRCLE('',#2576,3.307109137413);
#2576 = AXIS2_PLACEMENT_3D('',#2577,#2578,#2579);
#2577 = CARTESIAN_POINT('',(-42.78333333333,35.,4.473115108976));
#2578 = DIRECTION('',(0.972053442797,0.,-0.234759673595));
#2579 = DIRECTION('',(0.234759673595,0.,0.972053442797));
#2580 = ORIENTED_EDGE('',*,*,#2581,.T.);
#2581 = EDGE_CURVE('',#2573,#2571,#2582,.T.);
#2582 = CIRCLE('',#2583,3.307109137413);
#2583 = AXIS2_PLACEMENT_3D('',#2584,#2585,#2586);
#2584 = CARTESIAN_POINT('',(-42.78333333333,35.,4.473115108976));
#2585 = DIRECTION('',(0.972053442797,0.,-0.234759673595));
#2586 = DIRECTION('',(0.234759673595,0.,0.972053442797));
#2587 = SPHERICAL_SURFACE('',#2588,4.2);
#2588 = AXIS2_PLACEMENT_3D('',#2589,#2590,#2591);
#2589 = CARTESIAN_POINT('',(-40.26666666666,35.,3.865317410617));
#2590 = DIRECTION('',(0.,0.,1.));
#2591 = DIRECTION('',(1.,0.,-0.));
#2592 = ADVANCED_FACE('',(#2593,#2622),#2626,.F.);
#2593 = FACE_BOUND('',#2594,.F.);
#2594 = EDGE_LOOP('',(#2595,#2606,#2613,#2614,#2621));
#2595 = ORIENTED_EDGE('',*,*,#2596,.F.);
#2596 = EDGE_CURVE('',#2597,#2599,#2601,.T.);
#2597 = VERTEX_POINT('',#2598);
#2598 = CARTESIAN_POINT('',(-31.94029080502,35.,5.141571713751));
#2599 = VERTEX_POINT('',#2600);
#2600 = CARTESIAN_POINT('',(-35.23333333333,35.,6.734682589383));
#2601 = CIRCLE('',#2602,4.2);
#2602 = AXIS2_PLACEMENT_3D('',#2603,#2604,#2605);
#2603 = CARTESIAN_POINT('',(-35.23333333333,35.,2.534682589383));
#2604 = DIRECTION('',(-2.449293598295E-16,-1.,0.));
#2605 = DIRECTION('',(1.,-2.449293598295E-16,0.));
#2606 = ORIENTED_EDGE('',*,*,#2607,.F.);
#2607 = EDGE_CURVE('',#685,#2597,#2608,.T.);
#2608 = CIRCLE('',#2609,3.307109137413);
#2609 = AXIS2_PLACEMENT_3D('',#2610,#2611,#2612);
#2610 = CARTESIAN_POINT('',(-32.71666666666,35.,1.926884891024));
#2611 = DIRECTION('',(0.972053442797,0.,-0.234759673595));
#2612 = DIRECTION('',(0.234759673595,0.,0.972053442797));
#2613 = ORIENTED_EDGE('',*,*,#684,.T.);
#2614 = ORIENTED_EDGE('',*,*,#2615,.F.);
#2615 = EDGE_CURVE('',#2597,#687,#2616,.T.);
#2616 = CIRCLE('',#2617,3.307109137413);
#2617 = AXIS2_PLACEMENT_3D('',#2618,#2619,#2620);
#2618 = CARTESIAN_POINT('',(-32.71666666666,35.,1.926884891024));
#2619 = DIRECTION('',(0.972053442797,0.,-0.234759673595));
#2620 = DIRECTION('',(0.234759673595,0.,0.972053442797));
#2621 = ORIENTED_EDGE('',*,*,#2596,.T.);
#2622 = FACE_BOUND('',#2623,.F.);
#2623 = EDGE_LOOP('',(#2624,#2625));
#2624 = ORIENTED_EDGE('',*,*,#2561,.T.);
#2625 = ORIENTED_EDGE('',*,*,#2542,.T.);
#2626 = SPHERICAL_SURFACE('',#2627,4.2);
#2627 = AXIS2_PLACEMENT_3D('',#2628,#2629,#2630);
#2628 = CARTESIAN_POINT('',(-35.23333333333,35.,2.534682589383));
#2629 = DIRECTION('',(0.,0.,1.));
#2630 = DIRECTION('',(1.,0.,-0.));
#2631 = ADVANCED_FACE('',(#2632),#2664,.F.);
#2632 = FACE_BOUND('',#2633,.F.);
#2633 = EDGE_LOOP('',(#2634,#2635,#2636,#2637,#2646,#2655,#2656,#2663));
#2634 = ORIENTED_EDGE('',*,*,#2607,.T.);
#2635 = ORIENTED_EDGE('',*,*,#2615,.T.);
#2636 = ORIENTED_EDGE('',*,*,#812,.T.);
#2637 = ORIENTED_EDGE('',*,*,#2638,.F.);
#2638 = EDGE_CURVE('',#2639,#804,#2641,.T.);
#2639 = VERTEX_POINT('',#2640);
#2640 = CARTESIAN_POINT('',(-27.10277590883,35.,4.155846422685));
#2641 = CIRCLE('',#2642,3.332896619942);
#2642 = AXIS2_PLACEMENT_3D('',#2643,#2644,#2645);
#2643 = CARTESIAN_POINT('',(-27.68333333333,35.,0.873902950277));
#2644 = DIRECTION('',(0.984712052804,0.,-0.174190048688));
#2645 = DIRECTION('',(0.174190048688,0.,0.984712052804));
#2646 = ORIENTED_EDGE('',*,*,#2647,.T.);
#2647 = EDGE_CURVE('',#2639,#2648,#2650,.T.);
#2648 = VERTEX_POINT('',#2649);
#2649 = CARTESIAN_POINT('',(-30.2,35.,5.519087192664));
#2650 = CIRCLE('',#2651,4.2);
#2651 = AXIS2_PLACEMENT_3D('',#2652,#2653,#2654);
#2652 = CARTESIAN_POINT('',(-30.2,35.,1.319087192664));
#2653 = DIRECTION('',(-2.449293598295E-16,-1.,0.));
#2654 = DIRECTION('',(1.,-2.449293598295E-16,0.));
#2655 = ORIENTED_EDGE('',*,*,#2647,.F.);
#2656 = ORIENTED_EDGE('',*,*,#2657,.F.);
#2657 = EDGE_CURVE('',#696,#2639,#2658,.T.);
#2658 = CIRCLE('',#2659,3.332896619942);
#2659 = AXIS2_PLACEMENT_3D('',#2660,#2661,#2662);
#2660 = CARTESIAN_POINT('',(-27.68333333333,35.,0.873902950277));
#2661 = DIRECTION('',(0.984712052804,0.,-0.174190048688));
#2662 = DIRECTION('',(0.174190048688,0.,0.984712052804));
#2663 = ORIENTED_EDGE('',*,*,#695,.T.);
#2664 = SPHERICAL_SURFACE('',#2665,4.2);
#2665 = AXIS2_PLACEMENT_3D('',#2666,#2667,#2668);
#2666 = CARTESIAN_POINT('',(-30.2,35.,1.319087192664));
#2667 = DIRECTION('',(0.,0.,1.));
#2668 = DIRECTION('',(1.,0.,-0.));
#2669 = ADVANCED_FACE('',(#2670),#2702,.F.);
#2670 = FACE_BOUND('',#2671,.F.);
#2671 = EDGE_LOOP('',(#2672,#2673,#2674,#2675,#2684,#2693,#2694,#2701));
#2672 = ORIENTED_EDGE('',*,*,#2657,.T.);
#2673 = ORIENTED_EDGE('',*,*,#2638,.T.);
#2674 = ORIENTED_EDGE('',*,*,#803,.T.);
#2675 = ORIENTED_EDGE('',*,*,#2676,.F.);
#2676 = EDGE_CURVE('',#2677,#795,#2679,.T.);
#2677 = VERTEX_POINT('',#2678);
#2678 = CARTESIAN_POINT('',(-22.37673135023,35.,3.568186963844));
#2679 = CIRCLE('',#2680,3.356206167254);
#2680 = AXIS2_PLACEMENT_3D('',#2681,#2682,#2683);
#2681 = CARTESIAN_POINT('',(-22.65,35.,0.223124321356));
#2682 = DIRECTION('',(0.996679725794,0.,-8.14218901175E-02));
#2683 = DIRECTION('',(8.14218901175E-02,0.,0.996679725794));
#2684 = ORIENTED_EDGE('',*,*,#2685,.T.);
#2685 = EDGE_CURVE('',#2677,#2686,#2688,.T.);
#2686 = VERTEX_POINT('',#2687);
#2687 = CARTESIAN_POINT('',(-25.16666666666,35.,4.62871870789));
#2688 = CIRCLE('',#2689,4.2);
#2689 = AXIS2_PLACEMENT_3D('',#2690,#2691,#2692);
#2690 = CARTESIAN_POINT('',(-25.16666666666,35.,0.42871870789));
#2691 = DIRECTION('',(-2.449293598295E-16,-1.,0.));
#2692 = DIRECTION('',(1.,-2.449293598295E-16,0.));
#2693 = ORIENTED_EDGE('',*,*,#2685,.F.);
#2694 = ORIENTED_EDGE('',*,*,#2695,.F.);
#2695 = EDGE_CURVE('',#705,#2677,#2696,.T.);
#2696 = CIRCLE('',#2697,3.356206167254);
#2697 = AXIS2_PLACEMENT_3D('',#2698,#2699,#2700);
#2698 = CARTESIAN_POINT('',(-22.65,35.,0.223124321356));
#2699 = DIRECTION('',(0.996679725794,0.,-8.14218901175E-02));
#2700 = DIRECTION('',(8.14218901175E-02,0.,0.996679725794));
#2701 = ORIENTED_EDGE('',*,*,#704,.T.);
#2702 = SPHERICAL_SURFACE('',#2703,4.2);
#2703 = AXIS2_PLACEMENT_3D('',#2704,#2705,#2706);
#2704 = CARTESIAN_POINT('',(-25.16666666666,35.,0.42871870789));
#2705 = DIRECTION('',(0.,0.,1.));
#2706 = DIRECTION('',(1.,0.,-0.));
#2707 = ADVANCED_FACE('',(#2708),#2740,.F.);
#2708 = FACE_BOUND('',#2709,.F.);
#2709 = EDGE_LOOP('',(#2710,#2711,#2712,#2713,#2722,#2731,#2732,#2739));
#2710 = ORIENTED_EDGE('',*,*,#2695,.T.);
#2711 = ORIENTED_EDGE('',*,*,#2676,.T.);
#2712 = ORIENTED_EDGE('',*,*,#794,.T.);
#2713 = ORIENTED_EDGE('',*,*,#2714,.F.);
#2714 = EDGE_CURVE('',#2715,#786,#2717,.T.);
#2715 = VERTEX_POINT('',#2716);
#2716 = CARTESIAN_POINT('',(-17.70952931295,35.,3.447569886599));
#2717 = CIRCLE('',#2718,3.361778165881);
#2718 = AXIS2_PLACEMENT_3D('',#2719,#2720,#2721);
#2719 = CARTESIAN_POINT('',(-17.61666666666,35.,8.707454133852E-02));
#2720 = DIRECTION('',(0.999618410092,0.,2.762307377364E-02));
#2721 = DIRECTION('',(-2.762307377364E-02,0.,0.999618410092));
#2722 = ORIENTED_EDGE('',*,*,#2723,.T.);
#2723 = EDGE_CURVE('',#2715,#2724,#2726,.T.);
#2724 = VERTEX_POINT('',#2725);
#2725 = CARTESIAN_POINT('',(-20.13333333333,35.,4.217529934822));
#2726 = CIRCLE('',#2727,4.2);
#2727 = AXIS2_PLACEMENT_3D('',#2728,#2729,#2730);
#2728 = CARTESIAN_POINT('',(-20.13333333333,35.,1.752993482153E-02));
#2729 = DIRECTION('',(-2.449293598295E-16,-1.,0.));
#2730 = DIRECTION('',(1.,-2.449293598295E-16,0.));
#2731 = ORIENTED_EDGE('',*,*,#2723,.F.);
#2732 = ORIENTED_EDGE('',*,*,#2733,.F.);
#2733 = EDGE_CURVE('',#714,#2715,#2734,.T.);
#2734 = CIRCLE('',#2735,3.361778165881);
#2735 = AXIS2_PLACEMENT_3D('',#2736,#2737,#2738);
#2736 = CARTESIAN_POINT('',(-17.61666666666,35.,8.707454133852E-02));
#2737 = DIRECTION('',(0.999618410092,0.,2.762307377364E-02));
#2738 = DIRECTION('',(-2.762307377364E-02,0.,0.999618410092));
#2739 = ORIENTED_EDGE('',*,*,#713,.T.);
#2740 = SPHERICAL_SURFACE('',#2741,4.2);
#2741 = AXIS2_PLACEMENT_3D('',#2742,#2743,#2744);
#2742 = CARTESIAN_POINT('',(-20.13333333333,35.,1.752993482153E-02));
#2743 = DIRECTION('',(0.,0.,1.));
#2744 = DIRECTION('',(1.,0.,-0.));
#2745 = ADVANCED_FACE('',(#2746),#2778,.F.);
#2746 = FACE_BOUND('',#2747,.F.);
#2747 = EDGE_LOOP('',(#2748,#2749,#2750,#2751,#2760,#2769,#2770,#2777));
#2748 = ORIENTED_EDGE('',*,*,#2733,.T.);
#2749 = ORIENTED_EDGE('',*,*,#2714,.T.);
#2750 = ORIENTED_EDGE('',*,*,#785,.T.);
#2751 = ORIENTED_EDGE('',*,*,#2752,.F.);
#2752 = EDGE_CURVE('',#2753,#777,#2755,.T.);
#2753 = VERTEX_POINT('',#2754);
#2754 = CARTESIAN_POINT('',(-13.02180151335,35.,3.806426135918));
#2755 = CIRCLE('',#2756,3.346001654912);
#2756 = AXIS2_PLACEMENT_3D('',#2757,#2758,#2759);
#2757 = CARTESIAN_POINT('',(-12.58333333333,35.,0.489277853164));
#2758 = DIRECTION('',(0.991376760942,0.,0.131042427722));
#2759 = DIRECTION('',(-0.131042427722,0.,0.991376760942));
#2760 = ORIENTED_EDGE('',*,*,#2761,.T.);
#2761 = EDGE_CURVE('',#2753,#2762,#2764,.T.);
#2762 = VERTEX_POINT('',#2763);
#2763 = CARTESIAN_POINT('',(-15.1,35.,4.356619147856));
#2764 = CIRCLE('',#2765,4.2);
#2765 = AXIS2_PLACEMENT_3D('',#2766,#2767,#2768);
#2766 = CARTESIAN_POINT('',(-15.1,35.,0.156619147856));
#2767 = DIRECTION('',(-2.449293598295E-16,-1.,0.));
#2768 = DIRECTION('',(1.,-2.449293598295E-16,0.));
#2769 = ORIENTED_EDGE('',*,*,#2761,.F.);
#2770 = ORIENTED_EDGE('',*,*,#2771,.F.);
#2771 = EDGE_CURVE('',#723,#2753,#2772,.T.);
#2772 = CIRCLE('',#2773,3.346001654912);
#2773 = AXIS2_PLACEMENT_3D('',#2774,#2775,#2776);
#2774 = CARTESIAN_POINT('',(-12.58333333333,35.,0.489277853164));
#2775 = DIRECTION('',(0.991376760942,0.,0.131042427722));
#2776 = DIRECTION('',(-0.131042427722,0.,0.991376760942));
#2777 = ORIENTED_EDGE('',*,*,#722,.T.);
#2778 = SPHERICAL_SURFACE('',#2779,4.2);
#2779 = AXIS2_PLACEMENT_3D('',#2780,#2781,#2782);
#2780 = CARTESIAN_POINT('',(-15.1,35.,0.156619147856));
#2781 = DIRECTION('',(0.,0.,1.));
#2782 = DIRECTION('',(1.,0.,-0.));
#2783 = ADVANCED_FACE('',(#2784),#2816,.F.);
#2784 = FACE_BOUND('',#2785,.F.);
#2785 = EDGE_LOOP('',(#2786,#2787,#2788,#2789,#2798,#2807,#2808,#2815));
#2786 = ORIENTED_EDGE('',*,*,#2771,.T.);
#2787 = ORIENTED_EDGE('',*,*,#2752,.T.);
#2788 = ORIENTED_EDGE('',*,*,#776,.T.);
#2789 = ORIENTED_EDGE('',*,*,#2790,.F.);
#2790 = EDGE_CURVE('',#2791,#768,#2793,.T.);
#2791 = VERTEX_POINT('',#2792);
#2792 = CARTESIAN_POINT('',(-8.244182462501,35.,4.605922727259));
#2793 = CIRCLE('',#2794,3.319137312316);
#2794 = AXIS2_PLACEMENT_3D('',#2795,#2796,#2797);
#2795 = CARTESIAN_POINT('',(-7.55,35.,1.360189650315));
#2796 = DIRECTION('',(0.977884543945,0.,0.209145448706));
#2797 = DIRECTION('',(-0.209145448706,0.,0.977884543945));
#2798 = ORIENTED_EDGE('',*,*,#2799,.T.);
#2799 = EDGE_CURVE('',#2791,#2800,#2802,.T.);
#2800 = VERTEX_POINT('',#2801);
#2801 = CARTESIAN_POINT('',(-10.06666666666,35.,5.021936558472));
#2802 = CIRCLE('',#2803,4.2);
#2803 = AXIS2_PLACEMENT_3D('',#2804,#2805,#2806);
#2804 = CARTESIAN_POINT('',(-10.06666666666,35.,0.821936558472));
#2805 = DIRECTION('',(-2.449293598295E-16,-1.,0.));
#2806 = DIRECTION('',(1.,-2.449293598295E-16,0.));
#2807 = ORIENTED_EDGE('',*,*,#2799,.F.);
#2808 = ORIENTED_EDGE('',*,*,#2809,.F.);
#2809 = EDGE_CURVE('',#732,#2791,#2810,.T.);
#2810 = CIRCLE('',#2811,3.319137312316);
#2811 = AXIS2_PLACEMENT_3D('',#2812,#2813,#2814);
#2812 = CARTESIAN_POINT('',(-7.55,35.,1.360189650315));
#2813 = DIRECTION('',(0.977884543945,0.,0.209145448706));
#2814 = DIRECTION('',(-0.209145448706,0.,0.977884543945));
#2815 = ORIENTED_EDGE('',*,*,#731,.T.);
#2816 = SPHERICAL_SURFACE('',#2817,4.2);
#2817 = AXIS2_PLACEMENT_3D('',#2818,#2819,#2820);
#2818 = CARTESIAN_POINT('',(-10.06666666666,35.,0.821936558472));
#2819 = DIRECTION('',(0.,0.,1.));
#2820 = DIRECTION('',(1.,0.,-0.));
#2821 = ADVANCED_FACE('',(#2822),#2854,.F.);
#2822 = FACE_BOUND('',#2823,.F.);
#2823 = EDGE_LOOP('',(#2824,#2825,#2826,#2827,#2836,#2845,#2846,#2853));
#2824 = ORIENTED_EDGE('',*,*,#2809,.T.);
#2825 = ORIENTED_EDGE('',*,*,#2790,.T.);
#2826 = ORIENTED_EDGE('',*,*,#767,.T.);
#2827 = ORIENTED_EDGE('',*,*,#2828,.F.);
#2828 = EDGE_CURVE('',#2829,#759,#2831,.T.);
#2829 = VERTEX_POINT('',#2830);
#2830 = CARTESIAN_POINT('',(-3.342560421332,35.,5.74308667366));
#2831 = CIRCLE('',#2832,3.29892043933);
#2832 = AXIS2_PLACEMENT_3D('',#2833,#2834,#2835);
#2833 = CARTESIAN_POINT('',(-2.516666666667,35.,2.549221371079));
#2834 = DIRECTION('',(0.968154692215,0.,0.25035273504));
#2835 = DIRECTION('',(-0.25035273504,0.,0.968154692215));
#2836 = ORIENTED_EDGE('',*,*,#2837,.T.);
#2837 = EDGE_CURVE('',#2829,#2838,#2840,.T.);
#2838 = VERTEX_POINT('',#2839);
#2839 = CARTESIAN_POINT('',(-5.033333333333,35.,6.098442742157));
#2840 = CIRCLE('',#2841,4.2);
#2841 = AXIS2_PLACEMENT_3D('',#2842,#2843,#2844);
#2842 = CARTESIAN_POINT('',(-5.033333333333,35.,1.898442742157));
#2843 = DIRECTION('',(-2.449293598295E-16,-1.,0.));
#2844 = DIRECTION('',(1.,-2.449293598295E-16,0.));
#2845 = ORIENTED_EDGE('',*,*,#2837,.F.);
#2846 = ORIENTED_EDGE('',*,*,#2847,.F.);
#2847 = EDGE_CURVE('',#741,#2829,#2848,.T.);
#2848 = CIRCLE('',#2849,3.29892043933);
#2849 = AXIS2_PLACEMENT_3D('',#2850,#2851,#2852);
#2850 = CARTESIAN_POINT('',(-2.516666666667,35.,2.549221371079));
#2851 = DIRECTION('',(0.968154692215,0.,0.25035273504));
#2852 = DIRECTION('',(-0.25035273504,0.,0.968154692215));
#2853 = ORIENTED_EDGE('',*,*,#740,.T.);
#2854 = SPHERICAL_SURFACE('',#2855,4.2);
#2855 = AXIS2_PLACEMENT_3D('',#2856,#2857,#2858);
#2856 = CARTESIAN_POINT('',(-5.033333333333,35.,1.898442742157));
#2857 = DIRECTION('',(0.,0.,1.));
#2858 = DIRECTION('',(1.,0.,-0.));
#2859 = ADVANCED_FACE('',(#2860),#2902,.F.);
#2860 = FACE_BOUND('',#2861,.F.);
#2861 = EDGE_LOOP('',(#2862,#2863,#2864,#2865,#2874,#2883,#2892,#2893,
    #2900,#2901));
#2862 = ORIENTED_EDGE('',*,*,#2847,.T.);
#2863 = ORIENTED_EDGE('',*,*,#2828,.T.);
#2864 = ORIENTED_EDGE('',*,*,#758,.T.);
#2865 = ORIENTED_EDGE('',*,*,#2866,.T.);
#2866 = EDGE_CURVE('',#750,#2867,#2869,.T.);
#2867 = VERTEX_POINT('',#2868);
#2868 = CARTESIAN_POINT('',(3.342560421332,35.,0.65691332634));
#2869 = CIRCLE('',#2870,4.2);
#2870 = AXIS2_PLACEMENT_3D('',#2871,#2872,#2873);
#2871 = CARTESIAN_POINT('',(0.,35.,3.2));
#2872 = DIRECTION('',(-2.449293598295E-16,-1.,0.));
#2873 = DIRECTION('',(1.,-2.449293598295E-16,0.));
#2874 = ORIENTED_EDGE('',*,*,#2875,.F.);
#2875 = EDGE_CURVE('',#2876,#2867,#2878,.T.);
#2876 = VERTEX_POINT('',#2877);
#2877 = CARTESIAN_POINT('',(1.690772912002,35.,7.044643931503));
#2878 = CIRCLE('',#2879,3.29892043933);
#2879 = AXIS2_PLACEMENT_3D('',#2880,#2881,#2882);
#2880 = CARTESIAN_POINT('',(2.516666666667,35.,3.850778628921));
#2881 = DIRECTION('',(0.968154692215,0.,0.25035273504));
#2882 = DIRECTION('',(-0.25035273504,0.,0.968154692215));
#2883 = ORIENTED_EDGE('',*,*,#2884,.T.);
#2884 = EDGE_CURVE('',#2876,#2885,#2887,.T.);
#2885 = VERTEX_POINT('',#2886);
#2886 = CARTESIAN_POINT('',(2.571758278209E-16,35.,7.4));
#2887 = CIRCLE('',#2888,4.2);
#2888 = AXIS2_PLACEMENT_3D('',#2889,#2890,#2891);
#2889 = CARTESIAN_POINT('',(0.,35.,3.2));
#2890 = DIRECTION('',(-2.449293598295E-16,-1.,0.));
#2891 = DIRECTION('',(1.,-2.449293598295E-16,0.));
#2892 = ORIENTED_EDGE('',*,*,#2884,.F.);
#2893 = ORIENTED_EDGE('',*,*,#2894,.F.);
#2894 = EDGE_CURVE('',#2867,#2876,#2895,.T.);
#2895 = CIRCLE('',#2896,3.29892043933);
#2896 = AXIS2_PLACEMENT_3D('',#2897,#2898,#2899);
#2897 = CARTESIAN_POINT('',(2.516666666667,35.,3.850778628921));
#2898 = DIRECTION('',(0.968154692215,0.,0.25035273504));
#2899 = DIRECTION('',(-0.25035273504,0.,0.968154692215));
#2900 = ORIENTED_EDGE('',*,*,#2866,.F.);
#2901 = ORIENTED_EDGE('',*,*,#749,.T.);
#2902 = SPHERICAL_SURFACE('',#2903,4.2);
#2903 = AXIS2_PLACEMENT_3D('',#2904,#2905,#2906);
#2904 = CARTESIAN_POINT('',(0.,35.,3.2));
#2905 = DIRECTION('',(0.,0.,1.));
#2906 = DIRECTION('',(1.,0.,-0.));
#2907 = ADVANCED_FACE('',(#2908,#2947),#2967,.F.);
#2908 = FACE_BOUND('',#2909,.F.);
#2909 = EDGE_LOOP('',(#2910,#2919,#2920,#2921,#2930,#2939,#2940));
#2910 = ORIENTED_EDGE('',*,*,#2911,.F.);
#2911 = EDGE_CURVE('',#822,#2912,#2914,.T.);
#2912 = VERTEX_POINT('',#2913);
#2913 = CARTESIAN_POINT('',(36.907589784857,35.,1.345223455833E-02));
#2914 = CIRCLE('',#2915,4.2);
#2915 = AXIS2_PLACEMENT_3D('',#2916,#2917,#2918);
#2916 = CARTESIAN_POINT('',(35.233333333333,35.,3.865317410617));
#2917 = DIRECTION('',(-2.449293598295E-16,-1.,0.));
#2918 = DIRECTION('',(1.,-2.449293598295E-16,0.));
#2919 = ORIENTED_EDGE('',*,*,#821,.T.);
#2920 = ORIENTED_EDGE('',*,*,#2911,.T.);
#2921 = ORIENTED_EDGE('',*,*,#2922,.F.);
#2922 = EDGE_CURVE('',#2923,#2912,#2925,.T.);
#2923 = VERTEX_POINT('',#2924);
#2924 = CARTESIAN_POINT('',(38.592410215143,35.,6.386547765442));
#2925 = CIRCLE('',#2926,3.2960190582);
#2926 = AXIS2_PLACEMENT_3D('',#2927,#2928,#2929);
#2927 = CARTESIAN_POINT('',(37.75,35.,3.2));
#2928 = DIRECTION('',(0.966786814389,0.,-0.255584145682));
#2929 = DIRECTION('',(0.255584145682,0.,0.966786814389));
#2930 = ORIENTED_EDGE('',*,*,#2931,.T.);
#2931 = EDGE_CURVE('',#2923,#2932,#2934,.T.);
#2932 = VERTEX_POINT('',#2933);
#2933 = CARTESIAN_POINT('',(35.233333333333,35.,8.065317410617));
#2934 = CIRCLE('',#2935,4.2);
#2935 = AXIS2_PLACEMENT_3D('',#2936,#2937,#2938);
#2936 = CARTESIAN_POINT('',(35.233333333333,35.,3.865317410617));
#2937 = DIRECTION('',(-2.449293598295E-16,-1.,0.));
#2938 = DIRECTION('',(1.,-2.449293598295E-16,0.));
#2939 = ORIENTED_EDGE('',*,*,#2931,.F.);
#2940 = ORIENTED_EDGE('',*,*,#2941,.F.);
#2941 = EDGE_CURVE('',#2912,#2923,#2942,.T.);
#2942 = CIRCLE('',#2943,3.2960190582);
#2943 = AXIS2_PLACEMENT_3D('',#2944,#2945,#2946);
#2944 = CARTESIAN_POINT('',(37.75,35.,3.2));
#2945 = DIRECTION('',(0.966786814389,0.,-0.255584145682));
#2946 = DIRECTION('',(0.255584145682,0.,0.966786814389));
#2947 = FACE_BOUND('',#2948,.F.);
#2948 = EDGE_LOOP('',(#2949,#2960));
#2949 = ORIENTED_EDGE('',*,*,#2950,.T.);
#2950 = EDGE_CURVE('',#2951,#2953,#2955,.T.);
#2951 = VERTEX_POINT('',#2952);
#2952 = CARTESIAN_POINT('',(31.940290805024,35.,1.258428286249));
#2953 = VERTEX_POINT('',#2954);
#2954 = CARTESIAN_POINT('',(33.493042528309,35.,7.687801931704));
#2955 = CIRCLE('',#2956,3.307109137413);
#2956 = AXIS2_PLACEMENT_3D('',#2957,#2958,#2959);
#2957 = CARTESIAN_POINT('',(32.716666666667,35.,4.473115108976));
#2958 = DIRECTION('',(0.972053442797,0.,-0.234759673595));
#2959 = DIRECTION('',(0.234759673595,0.,0.972053442797));
#2960 = ORIENTED_EDGE('',*,*,#2961,.T.);
#2961 = EDGE_CURVE('',#2953,#2951,#2962,.T.);
#2962 = CIRCLE('',#2963,3.307109137413);
#2963 = AXIS2_PLACEMENT_3D('',#2964,#2965,#2966);
#2964 = CARTESIAN_POINT('',(32.716666666667,35.,4.473115108976));
#2965 = DIRECTION('',(0.972053442797,0.,-0.234759673595));
#2966 = DIRECTION('',(0.234759673595,0.,0.972053442797));
#2967 = SPHERICAL_SURFACE('',#2968,4.2);
#2968 = AXIS2_PLACEMENT_3D('',#2969,#2970,#2971);
#2969 = CARTESIAN_POINT('',(35.233333333333,35.,3.865317410617));
#2970 = DIRECTION('',(0.,0.,1.));
#2971 = DIRECTION('',(1.,0.,-0.));
#2972 = ADVANCED_FACE('',(#2973,#3002),#3006,.F.);
#2973 = FACE_BOUND('',#2974,.F.);
#2974 = EDGE_LOOP('',(#2975,#2986,#2993,#2994,#3001));
#2975 = ORIENTED_EDGE('',*,*,#2976,.F.);
#2976 = EDGE_CURVE('',#2977,#2979,#2981,.T.);
#2977 = VERTEX_POINT('',#2978);
#2978 = CARTESIAN_POINT('',(43.559709194976,35.,5.141571713751));
#2979 = VERTEX_POINT('',#2980);
#2980 = CARTESIAN_POINT('',(40.266666666667,35.,6.734682589383));
#2981 = CIRCLE('',#2982,4.2);
#2982 = AXIS2_PLACEMENT_3D('',#2983,#2984,#2985);
#2983 = CARTESIAN_POINT('',(40.266666666667,35.,2.534682589383));
#2984 = DIRECTION('',(-2.449293598295E-16,-1.,0.));
#2985 = DIRECTION('',(1.,-2.449293598295E-16,0.));
#2986 = ORIENTED_EDGE('',*,*,#2987,.F.);
#2987 = EDGE_CURVE('',#833,#2977,#2988,.T.);
#2988 = CIRCLE('',#2989,3.307109137413);
#2989 = AXIS2_PLACEMENT_3D('',#2990,#2991,#2992);
#2990 = CARTESIAN_POINT('',(42.783333333333,35.,1.926884891024));
#2991 = DIRECTION('',(0.972053442797,0.,-0.234759673595));
#2992 = DIRECTION('',(0.234759673595,0.,0.972053442797));
#2993 = ORIENTED_EDGE('',*,*,#832,.T.);
#2994 = ORIENTED_EDGE('',*,*,#2995,.F.);
#2995 = EDGE_CURVE('',#2977,#835,#2996,.T.);
#2996 = CIRCLE('',#2997,3.307109137413);
#2997 = AXIS2_PLACEMENT_3D('',#2998,#2999,#3000);
#2998 = CARTESIAN_POINT('',(42.783333333333,35.,1.926884891024));
#2999 = DIRECTION('',(0.972053442797,0.,-0.234759673595));
#3000 = DIRECTION('',(0.234759673595,0.,0.972053442797));
#3001 = ORIENTED_EDGE('',*,*,#2976,.T.);
#3002 = FACE_BOUND('',#3003,.F.);
#3003 = EDGE_LOOP('',(#3004,#3005));
#3004 = ORIENTED_EDGE('',*,*,#2941,.T.);
#3005 = ORIENTED_EDGE('',*,*,#2922,.T.);
#3006 = SPHERICAL_SURFACE('',#3007,4.2);
#3007 = AXIS2_PLACEMENT_3D('',#3008,#3009,#3010);
#3008 = CARTESIAN_POINT('',(40.266666666667,35.,2.534682589383));
#3009 = DIRECTION('',(0.,0.,1.));
#3010 = DIRECTION('',(1.,0.,-0.));
#3011 = ADVANCED_FACE('',(#3012),#3044,.F.);
#3012 = FACE_BOUND('',#3013,.F.);
#3013 = EDGE_LOOP('',(#3014,#3015,#3016,#3017,#3026,#3035,#3036,#3043));
#3014 = ORIENTED_EDGE('',*,*,#2987,.T.);
#3015 = ORIENTED_EDGE('',*,*,#2995,.T.);
#3016 = ORIENTED_EDGE('',*,*,#960,.T.);
#3017 = ORIENTED_EDGE('',*,*,#3018,.F.);
#3018 = EDGE_CURVE('',#3019,#952,#3021,.T.);
#3019 = VERTEX_POINT('',#3020);
#3020 = CARTESIAN_POINT('',(48.397224091165,35.,4.155846422685));
#3021 = CIRCLE('',#3022,3.332896619942);
#3022 = AXIS2_PLACEMENT_3D('',#3023,#3024,#3025);
#3023 = CARTESIAN_POINT('',(47.816666666667,35.,0.873902950277));
#3024 = DIRECTION('',(0.984712052804,0.,-0.174190048688));
#3025 = DIRECTION('',(0.174190048688,0.,0.984712052804));
#3026 = ORIENTED_EDGE('',*,*,#3027,.T.);
#3027 = EDGE_CURVE('',#3019,#3028,#3030,.T.);
#3028 = VERTEX_POINT('',#3029);
#3029 = CARTESIAN_POINT('',(45.3,35.,5.519087192664));
#3030 = CIRCLE('',#3031,4.2);
#3031 = AXIS2_PLACEMENT_3D('',#3032,#3033,#3034);
#3032 = CARTESIAN_POINT('',(45.3,35.,1.319087192664));
#3033 = DIRECTION('',(-2.449293598295E-16,-1.,0.));
#3034 = DIRECTION('',(1.,-2.449293598295E-16,0.));
#3035 = ORIENTED_EDGE('',*,*,#3027,.F.);
#3036 = ORIENTED_EDGE('',*,*,#3037,.F.);
#3037 = EDGE_CURVE('',#844,#3019,#3038,.T.);
#3038 = CIRCLE('',#3039,3.332896619942);
#3039 = AXIS2_PLACEMENT_3D('',#3040,#3041,#3042);
#3040 = CARTESIAN_POINT('',(47.816666666667,35.,0.873902950277));
#3041 = DIRECTION('',(0.984712052804,0.,-0.174190048688));
#3042 = DIRECTION('',(0.174190048688,0.,0.984712052804));
#3043 = ORIENTED_EDGE('',*,*,#843,.T.);
#3044 = SPHERICAL_SURFACE('',#3045,4.2);
#3045 = AXIS2_PLACEMENT_3D('',#3046,#3047,#3048);
#3046 = CARTESIAN_POINT('',(45.3,35.,1.319087192664));
#3047 = DIRECTION('',(0.,0.,1.));
#3048 = DIRECTION('',(1.,0.,-0.));
#3049 = ADVANCED_FACE('',(#3050),#3082,.F.);
#3050 = FACE_BOUND('',#3051,.F.);
#3051 = EDGE_LOOP('',(#3052,#3053,#3054,#3055,#3064,#3073,#3074,#3081));
#3052 = ORIENTED_EDGE('',*,*,#3037,.T.);
#3053 = ORIENTED_EDGE('',*,*,#3018,.T.);
#3054 = ORIENTED_EDGE('',*,*,#951,.T.);
#3055 = ORIENTED_EDGE('',*,*,#3056,.F.);
#3056 = EDGE_CURVE('',#3057,#943,#3059,.T.);
#3057 = VERTEX_POINT('',#3058);
#3058 = CARTESIAN_POINT('',(53.123268649762,35.,3.568186963844));
#3059 = CIRCLE('',#3060,3.356206167254);
#3060 = AXIS2_PLACEMENT_3D('',#3061,#3062,#3063);
#3061 = CARTESIAN_POINT('',(52.85,35.,0.223124321356));
#3062 = DIRECTION('',(0.996679725794,0.,-8.14218901175E-02));
#3063 = DIRECTION('',(8.14218901175E-02,0.,0.996679725794));
#3064 = ORIENTED_EDGE('',*,*,#3065,.T.);
#3065 = EDGE_CURVE('',#3057,#3066,#3068,.T.);
#3066 = VERTEX_POINT('',#3067);
#3067 = CARTESIAN_POINT('',(50.333333333333,35.,4.62871870789));
#3068 = CIRCLE('',#3069,4.2);
#3069 = AXIS2_PLACEMENT_3D('',#3070,#3071,#3072);
#3070 = CARTESIAN_POINT('',(50.333333333333,35.,0.42871870789));
#3071 = DIRECTION('',(-2.449293598295E-16,-1.,0.));
#3072 = DIRECTION('',(1.,-2.449293598295E-16,0.));
#3073 = ORIENTED_EDGE('',*,*,#3065,.F.);
#3074 = ORIENTED_EDGE('',*,*,#3075,.F.);
#3075 = EDGE_CURVE('',#853,#3057,#3076,.T.);
#3076 = CIRCLE('',#3077,3.356206167254);
#3077 = AXIS2_PLACEMENT_3D('',#3078,#3079,#3080);
#3078 = CARTESIAN_POINT('',(52.85,35.,0.223124321356));
#3079 = DIRECTION('',(0.996679725794,0.,-8.14218901175E-02));
#3080 = DIRECTION('',(8.14218901175E-02,0.,0.996679725794));
#3081 = ORIENTED_EDGE('',*,*,#852,.T.);
#3082 = SPHERICAL_SURFACE('',#3083,4.2);
#3083 = AXIS2_PLACEMENT_3D('',#3084,#3085,#3086);
#3084 = CARTESIAN_POINT('',(50.333333333333,35.,0.42871870789));
#3085 = DIRECTION('',(0.,0.,1.));
#3086 = DIRECTION('',(1.,0.,-0.));
#3087 = ADVANCED_FACE('',(#3088),#3120,.F.);
#3088 = FACE_BOUND('',#3089,.F.);
#3089 = EDGE_LOOP('',(#3090,#3091,#3092,#3093,#3102,#3111,#3112,#3119));
#3090 = ORIENTED_EDGE('',*,*,#3075,.T.);
#3091 = ORIENTED_EDGE('',*,*,#3056,.T.);
#3092 = ORIENTED_EDGE('',*,*,#942,.T.);
#3093 = ORIENTED_EDGE('',*,*,#3094,.F.);
#3094 = EDGE_CURVE('',#3095,#934,#3097,.T.);
#3095 = VERTEX_POINT('',#3096);
#3096 = CARTESIAN_POINT('',(57.790470687047,35.,3.447569886599));
#3097 = CIRCLE('',#3098,3.361778165881);
#3098 = AXIS2_PLACEMENT_3D('',#3099,#3100,#3101);
#3099 = CARTESIAN_POINT('',(57.883333333333,35.,8.707454133852E-02));
#3100 = DIRECTION('',(0.999618410092,0.,2.762307377364E-02));
#3101 = DIRECTION('',(-2.762307377364E-02,0.,0.999618410092));
#3102 = ORIENTED_EDGE('',*,*,#3103,.T.);
#3103 = EDGE_CURVE('',#3095,#3104,#3106,.T.);
#3104 = VERTEX_POINT('',#3105);
#3105 = CARTESIAN_POINT('',(55.366666666667,35.,4.217529934822));
#3106 = CIRCLE('',#3107,4.2);
#3107 = AXIS2_PLACEMENT_3D('',#3108,#3109,#3110);
#3108 = CARTESIAN_POINT('',(55.366666666667,35.,1.752993482153E-02));
#3109 = DIRECTION('',(-2.449293598295E-16,-1.,0.));
#3110 = DIRECTION('',(1.,-2.449293598295E-16,0.));
#3111 = ORIENTED_EDGE('',*,*,#3103,.F.);
#3112 = ORIENTED_EDGE('',*,*,#3113,.F.);
#3113 = EDGE_CURVE('',#862,#3095,#3114,.T.);
#3114 = CIRCLE('',#3115,3.361778165881);
#3115 = AXIS2_PLACEMENT_3D('',#3116,#3117,#3118);
#3116 = CARTESIAN_POINT('',(57.883333333333,35.,8.707454133852E-02));
#3117 = DIRECTION('',(0.999618410092,0.,2.762307377364E-02));
#3118 = DIRECTION('',(-2.762307377364E-02,0.,0.999618410092));
#3119 = ORIENTED_EDGE('',*,*,#861,.T.);
#3120 = SPHERICAL_SURFACE('',#3121,4.2);
#3121 = AXIS2_PLACEMENT_3D('',#3122,#3123,#3124);
#3122 = CARTESIAN_POINT('',(55.366666666667,35.,1.752993482153E-02));
#3123 = DIRECTION('',(0.,0.,1.));
#3124 = DIRECTION('',(1.,0.,-0.));
#3125 = ADVANCED_FACE('',(#3126),#3158,.F.);
#3126 = FACE_BOUND('',#3127,.F.);
#3127 = EDGE_LOOP('',(#3128,#3129,#3130,#3131,#3140,#3149,#3150,#3157));
#3128 = ORIENTED_EDGE('',*,*,#3113,.T.);
#3129 = ORIENTED_EDGE('',*,*,#3094,.T.);
#3130 = ORIENTED_EDGE('',*,*,#933,.T.);
#3131 = ORIENTED_EDGE('',*,*,#3132,.F.);
#3132 = EDGE_CURVE('',#3133,#925,#3135,.T.);
#3133 = VERTEX_POINT('',#3134);
#3134 = CARTESIAN_POINT('',(62.478198486644,35.,3.806426135918));
#3135 = CIRCLE('',#3136,3.346001654912);
#3136 = AXIS2_PLACEMENT_3D('',#3137,#3138,#3139);
#3137 = CARTESIAN_POINT('',(62.916666666667,35.,0.489277853164));
#3138 = DIRECTION('',(0.991376760942,0.,0.131042427722));
#3139 = DIRECTION('',(-0.131042427722,0.,0.991376760942));
#3140 = ORIENTED_EDGE('',*,*,#3141,.T.);
#3141 = EDGE_CURVE('',#3133,#3142,#3144,.T.);
#3142 = VERTEX_POINT('',#3143);
#3143 = CARTESIAN_POINT('',(60.4,35.,4.356619147856));
#3144 = CIRCLE('',#3145,4.2);
#3145 = AXIS2_PLACEMENT_3D('',#3146,#3147,#3148);
#3146 = CARTESIAN_POINT('',(60.4,35.,0.156619147856));
#3147 = DIRECTION('',(-2.449293598295E-16,-1.,0.));
#3148 = DIRECTION('',(1.,-2.449293598295E-16,0.));
#3149 = ORIENTED_EDGE('',*,*,#3141,.F.);
#3150 = ORIENTED_EDGE('',*,*,#3151,.F.);
#3151 = EDGE_CURVE('',#871,#3133,#3152,.T.);
#3152 = CIRCLE('',#3153,3.346001654912);
#3153 = AXIS2_PLACEMENT_3D('',#3154,#3155,#3156);
#3154 = CARTESIAN_POINT('',(62.916666666667,35.,0.489277853164));
#3155 = DIRECTION('',(0.991376760942,0.,0.131042427722));
#3156 = DIRECTION('',(-0.131042427722,0.,0.991376760942));
#3157 = ORIENTED_EDGE('',*,*,#870,.T.);
#3158 = SPHERICAL_SURFACE('',#3159,4.2);
#3159 = AXIS2_PLACEMENT_3D('',#3160,#3161,#3162);
#3160 = CARTESIAN_POINT('',(60.4,35.,0.156619147856));
#3161 = DIRECTION('',(0.,0.,1.));
#3162 = DIRECTION('',(1.,0.,-0.));
#3163 = ADVANCED_FACE('',(#3164),#3196,.F.);
#3164 = FACE_BOUND('',#3165,.F.);
#3165 = EDGE_LOOP('',(#3166,#3167,#3168,#3169,#3178,#3187,#3188,#3195));
#3166 = ORIENTED_EDGE('',*,*,#3151,.T.);
#3167 = ORIENTED_EDGE('',*,*,#3132,.T.);
#3168 = ORIENTED_EDGE('',*,*,#924,.T.);
#3169 = ORIENTED_EDGE('',*,*,#3170,.F.);
#3170 = EDGE_CURVE('',#3171,#916,#3173,.T.);
#3171 = VERTEX_POINT('',#3172);
#3172 = CARTESIAN_POINT('',(67.255817537499,35.,4.605922727259));
#3173 = CIRCLE('',#3174,3.319137312316);
#3174 = AXIS2_PLACEMENT_3D('',#3175,#3176,#3177);
#3175 = CARTESIAN_POINT('',(67.95,35.,1.360189650315));
#3176 = DIRECTION('',(0.977884543945,0.,0.209145448706));
#3177 = DIRECTION('',(-0.209145448706,0.,0.977884543945));
#3178 = ORIENTED_EDGE('',*,*,#3179,.T.);
#3179 = EDGE_CURVE('',#3171,#3180,#3182,.T.);
#3180 = VERTEX_POINT('',#3181);
#3181 = CARTESIAN_POINT('',(65.433333333333,35.,5.021936558472));
#3182 = CIRCLE('',#3183,4.2);
#3183 = AXIS2_PLACEMENT_3D('',#3184,#3185,#3186);
#3184 = CARTESIAN_POINT('',(65.433333333333,35.,0.821936558472));
#3185 = DIRECTION('',(-2.449293598295E-16,-1.,0.));
#3186 = DIRECTION('',(1.,-2.449293598295E-16,0.));
#3187 = ORIENTED_EDGE('',*,*,#3179,.F.);
#3188 = ORIENTED_EDGE('',*,*,#3189,.F.);
#3189 = EDGE_CURVE('',#880,#3171,#3190,.T.);
#3190 = CIRCLE('',#3191,3.319137312316);
#3191 = AXIS2_PLACEMENT_3D('',#3192,#3193,#3194);
#3192 = CARTESIAN_POINT('',(67.95,35.,1.360189650315));
#3193 = DIRECTION('',(0.977884543945,0.,0.209145448706));
#3194 = DIRECTION('',(-0.209145448706,0.,0.977884543945));
#3195 = ORIENTED_EDGE('',*,*,#879,.T.);
#3196 = SPHERICAL_SURFACE('',#3197,4.2);
#3197 = AXIS2_PLACEMENT_3D('',#3198,#3199,#3200);
#3198 = CARTESIAN_POINT('',(65.433333333333,35.,0.821936558472));
#3199 = DIRECTION('',(0.,0.,1.));
#3200 = DIRECTION('',(1.,0.,-0.));
#3201 = ADVANCED_FACE('',(#3202),#3234,.F.);
#3202 = FACE_BOUND('',#3203,.F.);
#3203 = EDGE_LOOP('',(#3204,#3205,#3206,#3215,#3224,#3225,#3232,#3233));
#3204 = ORIENTED_EDGE('',*,*,#3170,.T.);
#3205 = ORIENTED_EDGE('',*,*,#915,.T.);
#3206 = ORIENTED_EDGE('',*,*,#3207,.F.);
#3207 = EDGE_CURVE('',#3208,#907,#3210,.T.);
#3208 = VERTEX_POINT('',#3209);
#3209 = CARTESIAN_POINT('',(72.157439578668,35.,5.74308667366));
#3210 = CIRCLE('',#3211,3.29892043933);
#3211 = AXIS2_PLACEMENT_3D('',#3212,#3213,#3214);
#3212 = CARTESIAN_POINT('',(72.983333333333,35.,2.549221371079));
#3213 = DIRECTION('',(0.968154692215,0.,0.25035273504));
#3214 = DIRECTION('',(-0.25035273504,0.,0.968154692215));
#3215 = ORIENTED_EDGE('',*,*,#3216,.T.);
#3216 = EDGE_CURVE('',#3208,#3217,#3219,.T.);
#3217 = VERTEX_POINT('',#3218);
#3218 = CARTESIAN_POINT('',(70.466666666667,35.,6.098442742157));
#3219 = CIRCLE('',#3220,4.2);
#3220 = AXIS2_PLACEMENT_3D('',#3221,#3222,#3223);
#3221 = CARTESIAN_POINT('',(70.466666666667,35.,1.898442742157));
#3222 = DIRECTION('',(-2.449293598295E-16,-1.,0.));
#3223 = DIRECTION('',(1.,-2.449293598295E-16,0.));
#3224 = ORIENTED_EDGE('',*,*,#3216,.F.);
#3225 = ORIENTED_EDGE('',*,*,#3226,.F.);
#3226 = EDGE_CURVE('',#889,#3208,#3227,.T.);
#3227 = CIRCLE('',#3228,3.29892043933);
#3228 = AXIS2_PLACEMENT_3D('',#3229,#3230,#3231);
#3229 = CARTESIAN_POINT('',(72.983333333333,35.,2.549221371079));
#3230 = DIRECTION('',(0.968154692215,0.,0.25035273504));
#3231 = DIRECTION('',(-0.25035273504,0.,0.968154692215));
#3232 = ORIENTED_EDGE('',*,*,#888,.T.);
#3233 = ORIENTED_EDGE('',*,*,#3189,.T.);
#3234 = SPHERICAL_SURFACE('',#3235,4.2);
#3235 = AXIS2_PLACEMENT_3D('',#3236,#3237,#3238);
#3236 = CARTESIAN_POINT('',(70.466666666667,35.,1.898442742157));
#3237 = DIRECTION('',(0.,0.,1.));
#3238 = DIRECTION('',(1.,0.,-0.));
#3239 = ADVANCED_FACE('',(#3240),#3256,.F.);
#3240 = FACE_BOUND('',#3241,.F.);
#3241 = EDGE_LOOP('',(#3242,#3251,#3252,#3253,#3254,#3255));
#3242 = ORIENTED_EDGE('',*,*,#3243,.T.);
#3243 = EDGE_CURVE('',#898,#3244,#3246,.T.);
#3244 = VERTEX_POINT('',#3245);
#3245 = CARTESIAN_POINT('',(75.5,35.,7.4));
#3246 = CIRCLE('',#3247,4.2);
#3247 = AXIS2_PLACEMENT_3D('',#3248,#3249,#3250);
#3248 = CARTESIAN_POINT('',(75.5,35.,3.2));
#3249 = DIRECTION('',(-2.449293598295E-16,-1.,0.));
#3250 = DIRECTION('',(1.,-2.449293598295E-16,0.));
#3251 = ORIENTED_EDGE('',*,*,#3243,.F.);
#3252 = ORIENTED_EDGE('',*,*,#897,.T.);
#3253 = ORIENTED_EDGE('',*,*,#3226,.T.);
#3254 = ORIENTED_EDGE('',*,*,#3207,.T.);
#3255 = ORIENTED_EDGE('',*,*,#906,.T.);
#3256 = SPHERICAL_SURFACE('',#3257,4.2);
#3257 = AXIS2_PLACEMENT_3D('',#3258,#3259,#3260);
#3258 = CARTESIAN_POINT('',(75.5,35.,3.2));
#3259 = DIRECTION('',(0.,0.,1.));
#3260 = DIRECTION('',(1.,0.,-0.));
#3261 = ADVANCED_FACE('',(#3262,#3286),#3306,.F.);
#3262 = FACE_BOUND('',#3263,.F.);
#3263 = EDGE_LOOP('',(#3264,#3273,#3274,#3275,#3284,#3285));
#3264 = ORIENTED_EDGE('',*,*,#3265,.F.);
#3265 = EDGE_CURVE('',#3266,#1095,#3268,.T.);
#3266 = VERTEX_POINT('',#3267);
#3267 = CARTESIAN_POINT('',(-65.43333333333,-35.,1.378063441528));
#3268 = CIRCLE('',#3269,4.2);
#3269 = AXIS2_PLACEMENT_3D('',#3270,#3271,#3272);
#3270 = CARTESIAN_POINT('',(-65.43333333333,-35.,5.578063441528));
#3271 = DIRECTION('',(-2.449293598295E-16,-1.,0.));
#3272 = DIRECTION('',(1.,-2.449293598295E-16,0.));
#3273 = ORIENTED_EDGE('',*,*,#3265,.T.);
#3274 = ORIENTED_EDGE('',*,*,#1105,.F.);
#3275 = ORIENTED_EDGE('',*,*,#3276,.T.);
#3276 = EDGE_CURVE('',#1097,#3277,#3279,.T.);
#3277 = VERTEX_POINT('',#3278);
#3278 = CARTESIAN_POINT('',(-65.43333333333,-35.,9.778063441528));
#3279 = CIRCLE('',#3280,4.2);
#3280 = AXIS2_PLACEMENT_3D('',#3281,#3282,#3283);
#3281 = CARTESIAN_POINT('',(-65.43333333333,-35.,5.578063441528));
#3282 = DIRECTION('',(-2.449293598295E-16,-1.,0.));
#3283 = DIRECTION('',(1.,-2.449293598295E-16,0.));
#3284 = ORIENTED_EDGE('',*,*,#3276,.F.);
#3285 = ORIENTED_EDGE('',*,*,#1094,.F.);
#3286 = FACE_BOUND('',#3287,.F.);
#3287 = EDGE_LOOP('',(#3288,#3299));
#3288 = ORIENTED_EDGE('',*,*,#3289,.T.);
#3289 = EDGE_CURVE('',#3290,#3292,#3294,.T.);
#3290 = VERTEX_POINT('',#3291);
#3291 = CARTESIAN_POINT('',(-67.25581753749,-35.,1.794077272741));
#3292 = VERTEX_POINT('',#3293);
#3293 = CARTESIAN_POINT('',(-68.6441824625,-35.,8.285543426629));
#3294 = CIRCLE('',#3295,3.319137312316);
#3295 = AXIS2_PLACEMENT_3D('',#3296,#3297,#3298);
#3296 = CARTESIAN_POINT('',(-67.95,-35.,5.039810349685));
#3297 = DIRECTION('',(0.977884543945,0.,0.209145448706));
#3298 = DIRECTION('',(-0.209145448706,0.,0.977884543945));
#3299 = ORIENTED_EDGE('',*,*,#3300,.T.);
#3300 = EDGE_CURVE('',#3292,#3290,#3301,.T.);
#3301 = CIRCLE('',#3302,3.319137312316);
#3302 = AXIS2_PLACEMENT_3D('',#3303,#3304,#3305);
#3303 = CARTESIAN_POINT('',(-67.95,-35.,5.039810349685));
#3304 = DIRECTION('',(0.977884543945,0.,0.209145448706));
#3305 = DIRECTION('',(-0.209145448706,0.,0.977884543945));
#3306 = SPHERICAL_SURFACE('',#3307,4.2);
#3307 = AXIS2_PLACEMENT_3D('',#3308,#3309,#3310);
#3308 = CARTESIAN_POINT('',(-65.43333333333,-35.,5.578063441528));
#3309 = DIRECTION('',(0.,0.,1.));
#3310 = DIRECTION('',(1.,0.,-0.));
#3311 = ADVANCED_FACE('',(#3312,#3336),#3340,.F.);
#3312 = FACE_BOUND('',#3313,.F.);
#3313 = EDGE_LOOP('',(#3314,#3323,#3324,#3325,#3334,#3335));
#3314 = ORIENTED_EDGE('',*,*,#3315,.F.);
#3315 = EDGE_CURVE('',#3316,#1792,#3318,.T.);
#3316 = VERTEX_POINT('',#3317);
#3317 = CARTESIAN_POINT('',(-45.3,-35.,0.880912807336));
#3318 = CIRCLE('',#3319,4.2);
#3319 = AXIS2_PLACEMENT_3D('',#3320,#3321,#3322);
#3320 = CARTESIAN_POINT('',(-45.3,-35.,5.080912807336));
#3321 = DIRECTION('',(-2.449293598295E-16,-1.,0.));
#3322 = DIRECTION('',(1.,-2.449293598295E-16,0.));
#3323 = ORIENTED_EDGE('',*,*,#3315,.T.);
#3324 = ORIENTED_EDGE('',*,*,#1802,.F.);
#3325 = ORIENTED_EDGE('',*,*,#3326,.T.);
#3326 = EDGE_CURVE('',#1794,#3327,#3329,.T.);
#3327 = VERTEX_POINT('',#3328);
#3328 = CARTESIAN_POINT('',(-45.3,-35.,9.280912807336));
#3329 = CIRCLE('',#3330,4.2);
#3330 = AXIS2_PLACEMENT_3D('',#3331,#3332,#3333);
#3331 = CARTESIAN_POINT('',(-45.3,-35.,5.080912807336));
#3332 = DIRECTION('',(-2.449293598295E-16,-1.,0.));
#3333 = DIRECTION('',(1.,-2.449293598295E-16,0.));
#3334 = ORIENTED_EDGE('',*,*,#3326,.F.);
#3335 = ORIENTED_EDGE('',*,*,#1791,.F.);
#3336 = FACE_BOUND('',#3337,.F.);
#3337 = EDGE_LOOP('',(#3338,#3339));
#3338 = ORIENTED_EDGE('',*,*,#1189,.T.);
#3339 = ORIENTED_EDGE('',*,*,#1169,.T.);
#3340 = SPHERICAL_SURFACE('',#3341,4.2);
#3341 = AXIS2_PLACEMENT_3D('',#3342,#3343,#3344);
#3342 = CARTESIAN_POINT('',(-45.3,-35.,5.080912807336));
#3343 = DIRECTION('',(0.,0.,1.));
#3344 = DIRECTION('',(1.,0.,-0.));
#3345 = ADVANCED_FACE('',(#3346,#3370),#3390,.F.);
#3346 = FACE_BOUND('',#3347,.F.);
#3347 = EDGE_LOOP('',(#3348,#3357,#3358,#3359,#3368,#3369));
#3348 = ORIENTED_EDGE('',*,*,#3349,.F.);
#3349 = EDGE_CURVE('',#3350,#1258,#3352,.T.);
#3350 = VERTEX_POINT('',#3351);
#3351 = CARTESIAN_POINT('',(10.066666666667,-35.,1.378063441528));
#3352 = CIRCLE('',#3353,4.2);
#3353 = AXIS2_PLACEMENT_3D('',#3354,#3355,#3356);
#3354 = CARTESIAN_POINT('',(10.066666666667,-35.,5.578063441528));
#3355 = DIRECTION('',(-2.449293598295E-16,-1.,0.));
#3356 = DIRECTION('',(1.,-2.449293598295E-16,0.));
#3357 = ORIENTED_EDGE('',*,*,#3349,.T.);
#3358 = ORIENTED_EDGE('',*,*,#1268,.F.);
#3359 = ORIENTED_EDGE('',*,*,#3360,.T.);
#3360 = EDGE_CURVE('',#1260,#3361,#3363,.T.);
#3361 = VERTEX_POINT('',#3362);
#3362 = CARTESIAN_POINT('',(10.066666666667,-35.,9.778063441528));
#3363 = CIRCLE('',#3364,4.2);
#3364 = AXIS2_PLACEMENT_3D('',#3365,#3366,#3367);
#3365 = CARTESIAN_POINT('',(10.066666666667,-35.,5.578063441528));
#3366 = DIRECTION('',(-2.449293598295E-16,-1.,0.));
#3367 = DIRECTION('',(1.,-2.449293598295E-16,0.));
#3368 = ORIENTED_EDGE('',*,*,#3360,.F.);
#3369 = ORIENTED_EDGE('',*,*,#1257,.F.);
#3370 = FACE_BOUND('',#3371,.F.);
#3371 = EDGE_LOOP('',(#3372,#3383));
#3372 = ORIENTED_EDGE('',*,*,#3373,.T.);
#3373 = EDGE_CURVE('',#3374,#3376,#3378,.T.);
#3374 = VERTEX_POINT('',#3375);
#3375 = CARTESIAN_POINT('',(8.244182462501,-35.,1.794077272741));
#3376 = VERTEX_POINT('',#3377);
#3377 = CARTESIAN_POINT('',(6.855817537499,-35.,8.285543426629));
#3378 = CIRCLE('',#3379,3.319137312316);
#3379 = AXIS2_PLACEMENT_3D('',#3380,#3381,#3382);
#3380 = CARTESIAN_POINT('',(7.55,-35.,5.039810349685));
#3381 = DIRECTION('',(0.977884543945,0.,0.209145448706));
#3382 = DIRECTION('',(-0.209145448706,0.,0.977884543945));
#3383 = ORIENTED_EDGE('',*,*,#3384,.T.);
#3384 = EDGE_CURVE('',#3376,#3374,#3385,.T.);
#3385 = CIRCLE('',#3386,3.319137312316);
#3386 = AXIS2_PLACEMENT_3D('',#3387,#3388,#3389);
#3387 = CARTESIAN_POINT('',(7.55,-35.,5.039810349685));
#3388 = DIRECTION('',(0.977884543945,0.,0.209145448706));
#3389 = DIRECTION('',(-0.209145448706,0.,0.977884543945));
#3390 = SPHERICAL_SURFACE('',#3391,4.2);
#3391 = AXIS2_PLACEMENT_3D('',#3392,#3393,#3394);
#3392 = CARTESIAN_POINT('',(10.066666666667,-35.,5.578063441528));
#3393 = DIRECTION('',(0.,0.,1.));
#3394 = DIRECTION('',(1.,0.,-0.));
#3395 = ADVANCED_FACE('',(#3396,#3420),#3424,.F.);
#3396 = FACE_BOUND('',#3397,.F.);
#3397 = EDGE_LOOP('',(#3398,#3407,#3408,#3409,#3418,#3419));
#3398 = ORIENTED_EDGE('',*,*,#3399,.F.);
#3399 = EDGE_CURVE('',#3400,#2172,#3402,.T.);
#3400 = VERTEX_POINT('',#3401);
#3401 = CARTESIAN_POINT('',(30.2,-35.,0.880912807336));
#3402 = CIRCLE('',#3403,4.2);
#3403 = AXIS2_PLACEMENT_3D('',#3404,#3405,#3406);
#3404 = CARTESIAN_POINT('',(30.2,-35.,5.080912807336));
#3405 = DIRECTION('',(-2.449293598295E-16,-1.,0.));
#3406 = DIRECTION('',(1.,-2.449293598295E-16,0.));
#3407 = ORIENTED_EDGE('',*,*,#3399,.T.);
#3408 = ORIENTED_EDGE('',*,*,#2182,.F.);
#3409 = ORIENTED_EDGE('',*,*,#3410,.T.);
#3410 = EDGE_CURVE('',#2174,#3411,#3413,.T.);
#3411 = VERTEX_POINT('',#3412);
#3412 = CARTESIAN_POINT('',(30.2,-35.,9.280912807336));
#3413 = CIRCLE('',#3414,4.2);
#3414 = AXIS2_PLACEMENT_3D('',#3415,#3416,#3417);
#3415 = CARTESIAN_POINT('',(30.2,-35.,5.080912807336));
#3416 = DIRECTION('',(-2.449293598295E-16,-1.,0.));
#3417 = DIRECTION('',(1.,-2.449293598295E-16,0.));
#3418 = ORIENTED_EDGE('',*,*,#3410,.F.);
#3419 = ORIENTED_EDGE('',*,*,#2171,.F.);
#3420 = FACE_BOUND('',#3421,.F.);
#3421 = EDGE_LOOP('',(#3422,#3423));
#3422 = ORIENTED_EDGE('',*,*,#1352,.T.);
#3423 = ORIENTED_EDGE('',*,*,#1332,.T.);
#3424 = SPHERICAL_SURFACE('',#3425,4.2);
#3425 = AXIS2_PLACEMENT_3D('',#3426,#3427,#3428);
#3426 = CARTESIAN_POINT('',(30.2,-35.,5.080912807336));
#3427 = DIRECTION('',(0.,0.,1.));
#3428 = DIRECTION('',(1.,0.,-0.));
#3429 = ADVANCED_FACE('',(#3430,#3454),#3474,.F.);
#3430 = FACE_BOUND('',#3431,.F.);
#3431 = EDGE_LOOP('',(#3432,#3441,#3442,#3443,#3452,#3453));
#3432 = ORIENTED_EDGE('',*,*,#3433,.F.);
#3433 = EDGE_CURVE('',#3434,#1421,#3436,.T.);
#3434 = VERTEX_POINT('',#3435);
#3435 = CARTESIAN_POINT('',(-65.43333333333,35.,1.378063441528));
#3436 = CIRCLE('',#3437,4.2);
#3437 = AXIS2_PLACEMENT_3D('',#3438,#3439,#3440);
#3438 = CARTESIAN_POINT('',(-65.43333333333,35.,5.578063441528));
#3439 = DIRECTION('',(-2.449293598295E-16,-1.,0.));
#3440 = DIRECTION('',(1.,-2.449293598295E-16,0.));
#3441 = ORIENTED_EDGE('',*,*,#3433,.T.);
#3442 = ORIENTED_EDGE('',*,*,#1431,.F.);
#3443 = ORIENTED_EDGE('',*,*,#3444,.T.);
#3444 = EDGE_CURVE('',#1423,#3445,#3447,.T.);
#3445 = VERTEX_POINT('',#3446);
#3446 = CARTESIAN_POINT('',(-65.43333333333,35.,9.778063441528));
#3447 = CIRCLE('',#3448,4.2);
#3448 = AXIS2_PLACEMENT_3D('',#3449,#3450,#3451);
#3449 = CARTESIAN_POINT('',(-65.43333333333,35.,5.578063441528));
#3450 = DIRECTION('',(-2.449293598295E-16,-1.,0.));
#3451 = DIRECTION('',(1.,-2.449293598295E-16,0.));
#3452 = ORIENTED_EDGE('',*,*,#3444,.F.);
#3453 = ORIENTED_EDGE('',*,*,#1420,.F.);
#3454 = FACE_BOUND('',#3455,.F.);
#3455 = EDGE_LOOP('',(#3456,#3467));
#3456 = ORIENTED_EDGE('',*,*,#3457,.T.);
#3457 = EDGE_CURVE('',#3458,#3460,#3462,.T.);
#3458 = VERTEX_POINT('',#3459);
#3459 = CARTESIAN_POINT('',(-67.25581753749,35.,1.794077272741));
#3460 = VERTEX_POINT('',#3461);
#3461 = CARTESIAN_POINT('',(-68.6441824625,35.,8.285543426629));
#3462 = CIRCLE('',#3463,3.319137312316);
#3463 = AXIS2_PLACEMENT_3D('',#3464,#3465,#3466);
#3464 = CARTESIAN_POINT('',(-67.95,35.,5.039810349685));
#3465 = DIRECTION('',(0.977884543945,0.,0.209145448706));
#3466 = DIRECTION('',(-0.209145448706,0.,0.977884543945));
#3467 = ORIENTED_EDGE('',*,*,#3468,.T.);
#3468 = EDGE_CURVE('',#3460,#3458,#3469,.T.);
#3469 = CIRCLE('',#3470,3.319137312316);
#3470 = AXIS2_PLACEMENT_3D('',#3471,#3472,#3473);
#3471 = CARTESIAN_POINT('',(-67.95,35.,5.039810349685));
#3472 = DIRECTION('',(0.977884543945,0.,0.209145448706));
#3473 = DIRECTION('',(-0.209145448706,0.,0.977884543945));
#3474 = SPHERICAL_SURFACE('',#3475,4.2);
#3475 = AXIS2_PLACEMENT_3D('',#3476,#3477,#3478);
#3476 = CARTESIAN_POINT('',(-65.43333333333,35.,5.578063441528));
#3477 = DIRECTION('',(0.,0.,1.));
#3478 = DIRECTION('',(1.,0.,-0.));
#3479 = ADVANCED_FACE('',(#3480,#3504),#3508,.F.);
#3480 = FACE_BOUND('',#3481,.F.);
#3481 = EDGE_LOOP('',(#3482,#3491,#3492,#3493,#3502,#3503));
#3482 = ORIENTED_EDGE('',*,*,#3483,.F.);
#3483 = EDGE_CURVE('',#3484,#2571,#3486,.T.);
#3484 = VERTEX_POINT('',#3485);
#3485 = CARTESIAN_POINT('',(-45.3,35.,0.880912807336));
#3486 = CIRCLE('',#3487,4.2);
#3487 = AXIS2_PLACEMENT_3D('',#3488,#3489,#3490);
#3488 = CARTESIAN_POINT('',(-45.3,35.,5.080912807336));
#3489 = DIRECTION('',(-2.449293598295E-16,-1.,0.));
#3490 = DIRECTION('',(1.,-2.449293598295E-16,0.));
#3491 = ORIENTED_EDGE('',*,*,#3483,.T.);
#3492 = ORIENTED_EDGE('',*,*,#2581,.F.);
#3493 = ORIENTED_EDGE('',*,*,#3494,.T.);
#3494 = EDGE_CURVE('',#2573,#3495,#3497,.T.);
#3495 = VERTEX_POINT('',#3496);
#3496 = CARTESIAN_POINT('',(-45.3,35.,9.280912807336));
#3497 = CIRCLE('',#3498,4.2);
#3498 = AXIS2_PLACEMENT_3D('',#3499,#3500,#3501);
#3499 = CARTESIAN_POINT('',(-45.3,35.,5.080912807336));
#3500 = DIRECTION('',(-2.449293598295E-16,-1.,0.));
#3501 = DIRECTION('',(1.,-2.449293598295E-16,0.));
#3502 = ORIENTED_EDGE('',*,*,#3494,.F.);
#3503 = ORIENTED_EDGE('',*,*,#2570,.F.);
#3504 = FACE_BOUND('',#3505,.F.);
#3505 = EDGE_LOOP('',(#3506,#3507));
#3506 = ORIENTED_EDGE('',*,*,#1515,.T.);
#3507 = ORIENTED_EDGE('',*,*,#1495,.T.);
#3508 = SPHERICAL_SURFACE('',#3509,4.2);
#3509 = AXIS2_PLACEMENT_3D('',#3510,#3511,#3512);
#3510 = CARTESIAN_POINT('',(-45.3,35.,5.080912807336));
#3511 = DIRECTION('',(0.,0.,1.));
#3512 = DIRECTION('',(1.,0.,-0.));
#3513 = ADVANCED_FACE('',(#3514,#3538),#3558,.F.);
#3514 = FACE_BOUND('',#3515,.F.);
#3515 = EDGE_LOOP('',(#3516,#3525,#3526,#3527,#3536,#3537));
#3516 = ORIENTED_EDGE('',*,*,#3517,.F.);
#3517 = EDGE_CURVE('',#3518,#1584,#3520,.T.);
#3518 = VERTEX_POINT('',#3519);
#3519 = CARTESIAN_POINT('',(10.066666666667,35.,1.378063441528));
#3520 = CIRCLE('',#3521,4.2);
#3521 = AXIS2_PLACEMENT_3D('',#3522,#3523,#3524);
#3522 = CARTESIAN_POINT('',(10.066666666667,35.,5.578063441528));
#3523 = DIRECTION('',(-2.449293598295E-16,-1.,0.));
#3524 = DIRECTION('',(1.,-2.449293598295E-16,0.));
#3525 = ORIENTED_EDGE('',*,*,#3517,.T.);
#3526 = ORIENTED_EDGE('',*,*,#1594,.F.);
#3527 = ORIENTED_EDGE('',*,*,#3528,.T.);
#3528 = EDGE_CURVE('',#1586,#3529,#3531,.T.);
#3529 = VERTEX_POINT('',#3530);
#3530 = CARTESIAN_POINT('',(10.066666666667,35.,9.778063441528));
#3531 = CIRCLE('',#3532,4.2);
#3532 = AXIS2_PLACEMENT_3D('',#3533,#3534,#3535);
#3533 = CARTESIAN_POINT('',(10.066666666667,35.,5.578063441528));
#3534 = DIRECTION('',(-2.449293598295E-16,-1.,0.));
#3535 = DIRECTION('',(1.,-2.449293598295E-16,0.));
#3536 = ORIENTED_EDGE('',*,*,#3528,.F.);
#3537 = ORIENTED_EDGE('',*,*,#1583,.F.);
#3538 = FACE_BOUND('',#3539,.F.);
#3539 = EDGE_LOOP('',(#3540,#3551));
#3540 = ORIENTED_EDGE('',*,*,#3541,.T.);
#3541 = EDGE_CURVE('',#3542,#3544,#3546,.T.);
#3542 = VERTEX_POINT('',#3543);
#3543 = CARTESIAN_POINT('',(8.244182462501,35.,1.794077272741));
#3544 = VERTEX_POINT('',#3545);
#3545 = CARTESIAN_POINT('',(6.855817537499,35.,8.285543426629));
#3546 = CIRCLE('',#3547,3.319137312316);
#3547 = AXIS2_PLACEMENT_3D('',#3548,#3549,#3550);
#3548 = CARTESIAN_POINT('',(7.55,35.,5.039810349685));
#3549 = DIRECTION('',(0.977884543945,0.,0.209145448706));
#3550 = DIRECTION('',(-0.209145448706,0.,0.977884543945));
#3551 = ORIENTED_EDGE('',*,*,#3552,.T.);
#3552 = EDGE_CURVE('',#3544,#3542,#3553,.T.);
#3553 = CIRCLE('',#3554,3.319137312316);
#3554 = AXIS2_PLACEMENT_3D('',#3555,#3556,#3557);
#3555 = CARTESIAN_POINT('',(7.55,35.,5.039810349685));
#3556 = DIRECTION('',(0.977884543945,0.,0.209145448706));
#3557 = DIRECTION('',(-0.209145448706,0.,0.977884543945));
#3558 = SPHERICAL_SURFACE('',#3559,4.2);
#3559 = AXIS2_PLACEMENT_3D('',#3560,#3561,#3562);
#3560 = CARTESIAN_POINT('',(10.066666666667,35.,5.578063441528));
#3561 = DIRECTION('',(0.,0.,1.));
#3562 = DIRECTION('',(1.,0.,-0.));
#3563 = ADVANCED_FACE('',(#3564,#3588),#3592,.F.);
#3564 = FACE_BOUND('',#3565,.F.);
#3565 = EDGE_LOOP('',(#3566,#3575,#3576,#3577,#3586,#3587));
#3566 = ORIENTED_EDGE('',*,*,#3567,.F.);
#3567 = EDGE_CURVE('',#3568,#2951,#3570,.T.);
#3568 = VERTEX_POINT('',#3569);
#3569 = CARTESIAN_POINT('',(30.2,35.,0.880912807336));
#3570 = CIRCLE('',#3571,4.2);
#3571 = AXIS2_PLACEMENT_3D('',#3572,#3573,#3574);
#3572 = CARTESIAN_POINT('',(30.2,35.,5.080912807336));
#3573 = DIRECTION('',(-2.449293598295E-16,-1.,0.));
#3574 = DIRECTION('',(1.,-2.449293598295E-16,0.));
#3575 = ORIENTED_EDGE('',*,*,#3567,.T.);
#3576 = ORIENTED_EDGE('',*,*,#2961,.F.);
#3577 = ORIENTED_EDGE('',*,*,#3578,.T.);
#3578 = EDGE_CURVE('',#2953,#3579,#3581,.T.);
#3579 = VERTEX_POINT('',#3580);
#3580 = CARTESIAN_POINT('',(30.2,35.,9.280912807336));
#3581 = CIRCLE('',#3582,4.2);
#3582 = AXIS2_PLACEMENT_3D('',#3583,#3584,#3585);
#3583 = CARTESIAN_POINT('',(30.2,35.,5.080912807336));
#3584 = DIRECTION('',(-2.449293598295E-16,-1.,0.));
#3585 = DIRECTION('',(1.,-2.449293598295E-16,0.));
#3586 = ORIENTED_EDGE('',*,*,#3578,.F.);
#3587 = ORIENTED_EDGE('',*,*,#2950,.F.);
#3588 = FACE_BOUND('',#3589,.F.);
#3589 = EDGE_LOOP('',(#3590,#3591));
#3590 = ORIENTED_EDGE('',*,*,#1678,.T.);
#3591 = ORIENTED_EDGE('',*,*,#1658,.T.);
#3592 = SPHERICAL_SURFACE('',#3593,4.2);
#3593 = AXIS2_PLACEMENT_3D('',#3594,#3595,#3596);
#3594 = CARTESIAN_POINT('',(30.2,35.,5.080912807336));
#3595 = DIRECTION('',(0.,0.,1.));
#3596 = DIRECTION('',(1.,0.,-0.));
#3597 = ADVANCED_FACE('',(#3598,#3622),#3626,.F.);
#3598 = FACE_BOUND('',#3599,.F.);
#3599 = EDGE_LOOP('',(#3600,#3609,#3610,#3611,#3620,#3621));
#3600 = ORIENTED_EDGE('',*,*,#3601,.F.);
#3601 = EDGE_CURVE('',#3602,#3290,#3604,.T.);
#3602 = VERTEX_POINT('',#3603);
#3603 = CARTESIAN_POINT('',(-70.46666666666,-35.,0.301557257843));
#3604 = CIRCLE('',#3605,4.2);
#3605 = AXIS2_PLACEMENT_3D('',#3606,#3607,#3608);
#3606 = CARTESIAN_POINT('',(-70.46666666666,-35.,4.501557257843));
#3607 = DIRECTION('',(-2.449293598295E-16,-1.,0.));
#3608 = DIRECTION('',(1.,-2.449293598295E-16,0.));
#3609 = ORIENTED_EDGE('',*,*,#3601,.T.);
#3610 = ORIENTED_EDGE('',*,*,#3300,.F.);
#3611 = ORIENTED_EDGE('',*,*,#3612,.T.);
#3612 = EDGE_CURVE('',#3292,#3613,#3615,.T.);
#3613 = VERTEX_POINT('',#3614);
#3614 = CARTESIAN_POINT('',(-70.46666666666,-35.,8.701557257843));
#3615 = CIRCLE('',#3616,4.2);
#3616 = AXIS2_PLACEMENT_3D('',#3617,#3618,#3619);
#3617 = CARTESIAN_POINT('',(-70.46666666666,-35.,4.501557257843));
#3618 = DIRECTION('',(-2.449293598295E-16,-1.,0.));
#3619 = DIRECTION('',(1.,-2.449293598295E-16,0.));
#3620 = ORIENTED_EDGE('',*,*,#3612,.F.);
#3621 = ORIENTED_EDGE('',*,*,#3289,.F.);
#3622 = FACE_BOUND('',#3623,.F.);
#3623 = EDGE_LOOP('',(#3624,#3625));
#3624 = ORIENTED_EDGE('',*,*,#1737,.T.);
#3625 = ORIENTED_EDGE('',*,*,#1718,.T.);
#3626 = SPHERICAL_SURFACE('',#3627,4.2);
#3627 = AXIS2_PLACEMENT_3D('',#3628,#3629,#3630);
#3628 = CARTESIAN_POINT('',(-70.46666666666,-35.,4.501557257843));
#3629 = DIRECTION('',(0.,0.,1.));
#3630 = DIRECTION('',(1.,0.,-0.));
#3631 = ADVANCED_FACE('',(#3632,#3656),#3660,.F.);
#3632 = FACE_BOUND('',#3633,.F.);
#3633 = EDGE_LOOP('',(#3634,#3643,#3644,#3645,#3654,#3655));
#3634 = ORIENTED_EDGE('',*,*,#3635,.F.);
#3635 = EDGE_CURVE('',#3636,#3374,#3638,.T.);
#3636 = VERTEX_POINT('',#3637);
#3637 = CARTESIAN_POINT('',(5.033333333333,-35.,0.301557257843));
#3638 = CIRCLE('',#3639,4.2);
#3639 = AXIS2_PLACEMENT_3D('',#3640,#3641,#3642);
#3640 = CARTESIAN_POINT('',(5.033333333333,-35.,4.501557257843));
#3641 = DIRECTION('',(-2.449293598295E-16,-1.,0.));
#3642 = DIRECTION('',(1.,-2.449293598295E-16,0.));
#3643 = ORIENTED_EDGE('',*,*,#3635,.T.);
#3644 = ORIENTED_EDGE('',*,*,#3384,.F.);
#3645 = ORIENTED_EDGE('',*,*,#3646,.T.);
#3646 = EDGE_CURVE('',#3376,#3647,#3649,.T.);
#3647 = VERTEX_POINT('',#3648);
#3648 = CARTESIAN_POINT('',(5.033333333333,-35.,8.701557257843));
#3649 = CIRCLE('',#3650,4.2);
#3650 = AXIS2_PLACEMENT_3D('',#3651,#3652,#3653);
#3651 = CARTESIAN_POINT('',(5.033333333333,-35.,4.501557257843));
#3652 = DIRECTION('',(-2.449293598295E-16,-1.,0.));
#3653 = DIRECTION('',(1.,-2.449293598295E-16,0.));
#3654 = ORIENTED_EDGE('',*,*,#3646,.F.);
#3655 = ORIENTED_EDGE('',*,*,#3373,.F.);
#3656 = FACE_BOUND('',#3657,.F.);
#3657 = EDGE_LOOP('',(#3658,#3659));
#3658 = ORIENTED_EDGE('',*,*,#2115,.T.);
#3659 = ORIENTED_EDGE('',*,*,#2096,.T.);
#3660 = SPHERICAL_SURFACE('',#3661,4.2);
#3661 = AXIS2_PLACEMENT_3D('',#3662,#3663,#3664);
#3662 = CARTESIAN_POINT('',(5.033333333333,-35.,4.501557257843));
#3663 = DIRECTION('',(0.,0.,1.));
#3664 = DIRECTION('',(1.,0.,-0.));
#3665 = ADVANCED_FACE('',(#3666,#3690),#3694,.F.);
#3666 = FACE_BOUND('',#3667,.F.);
#3667 = EDGE_LOOP('',(#3668,#3677,#3678,#3679,#3688,#3689));
#3668 = ORIENTED_EDGE('',*,*,#3669,.F.);
#3669 = EDGE_CURVE('',#3670,#3458,#3672,.T.);
#3670 = VERTEX_POINT('',#3671);
#3671 = CARTESIAN_POINT('',(-70.46666666666,35.,0.301557257843));
#3672 = CIRCLE('',#3673,4.2);
#3673 = AXIS2_PLACEMENT_3D('',#3674,#3675,#3676);
#3674 = CARTESIAN_POINT('',(-70.46666666666,35.,4.501557257843));
#3675 = DIRECTION('',(-2.449293598295E-16,-1.,0.));
#3676 = DIRECTION('',(1.,-2.449293598295E-16,0.));
#3677 = ORIENTED_EDGE('',*,*,#3669,.T.);
#3678 = ORIENTED_EDGE('',*,*,#3468,.F.);
#3679 = ORIENTED_EDGE('',*,*,#3680,.T.);
#3680 = EDGE_CURVE('',#3460,#3681,#3683,.T.);
#3681 = VERTEX_POINT('',#3682);
#3682 = CARTESIAN_POINT('',(-70.46666666666,35.,8.701557257843));
#3683 = CIRCLE('',#3684,4.2);
#3684 = AXIS2_PLACEMENT_3D('',#3685,#3686,#3687);
#3685 = CARTESIAN_POINT('',(-70.46666666666,35.,4.501557257843));
#3686 = DIRECTION('',(-2.449293598295E-16,-1.,0.));
#3687 = DIRECTION('',(1.,-2.449293598295E-16,0.));
#3688 = ORIENTED_EDGE('',*,*,#3680,.F.);
#3689 = ORIENTED_EDGE('',*,*,#3457,.F.);
#3690 = FACE_BOUND('',#3691,.F.);
#3691 = EDGE_LOOP('',(#3692,#3693));
#3692 = ORIENTED_EDGE('',*,*,#2516,.T.);
#3693 = ORIENTED_EDGE('',*,*,#2497,.T.);
#3694 = SPHERICAL_SURFACE('',#3695,4.2);
#3695 = AXIS2_PLACEMENT_3D('',#3696,#3697,#3698);
#3696 = CARTESIAN_POINT('',(-70.46666666666,35.,4.501557257843));
#3697 = DIRECTION('',(0.,0.,1.));
#3698 = DIRECTION('',(1.,0.,-0.));
#3699 = ADVANCED_FACE('',(#3700,#3724),#3728,.F.);
#3700 = FACE_BOUND('',#3701,.F.);
#3701 = EDGE_LOOP('',(#3702,#3711,#3712,#3713,#3722,#3723));
#3702 = ORIENTED_EDGE('',*,*,#3703,.F.);
#3703 = EDGE_CURVE('',#3704,#3542,#3706,.T.);
#3704 = VERTEX_POINT('',#3705);
#3705 = CARTESIAN_POINT('',(5.033333333333,35.,0.301557257843));
#3706 = CIRCLE('',#3707,4.2);
#3707 = AXIS2_PLACEMENT_3D('',#3708,#3709,#3710);
#3708 = CARTESIAN_POINT('',(5.033333333333,35.,4.501557257843));
#3709 = DIRECTION('',(-2.449293598295E-16,-1.,0.));
#3710 = DIRECTION('',(1.,-2.449293598295E-16,0.));
#3711 = ORIENTED_EDGE('',*,*,#3703,.T.);
#3712 = ORIENTED_EDGE('',*,*,#3552,.F.);
#3713 = ORIENTED_EDGE('',*,*,#3714,.T.);
#3714 = EDGE_CURVE('',#3544,#3715,#3717,.T.);
#3715 = VERTEX_POINT('',#3716);
#3716 = CARTESIAN_POINT('',(5.033333333333,35.,8.701557257843));
#3717 = CIRCLE('',#3718,4.2);
#3718 = AXIS2_PLACEMENT_3D('',#3719,#3720,#3721);
#3719 = CARTESIAN_POINT('',(5.033333333333,35.,4.501557257843));
#3720 = DIRECTION('',(-2.449293598295E-16,-1.,0.));
#3721 = DIRECTION('',(1.,-2.449293598295E-16,0.));
#3722 = ORIENTED_EDGE('',*,*,#3714,.F.);
#3723 = ORIENTED_EDGE('',*,*,#3541,.F.);
#3724 = FACE_BOUND('',#3725,.F.);
#3725 = EDGE_LOOP('',(#3726,#3727));
#3726 = ORIENTED_EDGE('',*,*,#2894,.T.);
#3727 = ORIENTED_EDGE('',*,*,#2875,.T.);
#3728 = SPHERICAL_SURFACE('',#3729,4.2);
#3729 = AXIS2_PLACEMENT_3D('',#3730,#3731,#3732);
#3730 = CARTESIAN_POINT('',(5.033333333333,35.,4.501557257843));
#3731 = DIRECTION('',(0.,0.,1.));
#3732 = DIRECTION('',(1.,0.,-0.));
#3733 = ( GEOMETRIC_REPRESENTATION_CONTEXT(3) 
GLOBAL_UNCERTAINTY_ASSIGNED_CONTEXT((#3737)) 
GLOBAL_UNIT_ASSIGNED_CONTEXT((#3734,#3735,#3736)) REPRESENTATION_CONTEXT
('Context #1','3D Context with UNIT and UNCERTAINTY') );
#3734 = ( LENGTH_UNIT() NAMED_UNIT(*) SI_UNIT(.MILLI.,.METRE.) );
#3735 = ( NAMED_UNIT(*) PLANE_ANGLE_UNIT() SI_UNIT($,.RADIAN.) );
#3736 = ( NAMED_UNIT(*) SI_UNIT($,.STERADIAN.) SOLID_ANGLE_UNIT() );
#3737 = UNCERTAINTY_MEASURE_WITH_UNIT(LENGTH_MEASURE(1.E-07),#3734,
  'distance_accuracy_value','confusion accuracy');
#3738 = PRODUCT_RELATED_PRODUCT_CATEGORY('part',$,(#7));
ENDSEC;
END-ISO-10303-21;
