ISO-10303-21;
HEADER;
FILE_DESCRIPTION(('FreeCAD Model'),'2;1');
FILE_NAME('Open CASCADE Shape Model','2026-05-18T13:37:35',('FreeCAD'),(
    'FreeCAD'),'Open CASCADE STEP processor 7.8','FreeCAD','Unknown');
FILE_SCHEMA(('AUTOMOTIVE_DESIGN { 1 0 10303 214 1 1 1 1 }'));
ENDSEC;
DATA;
#1 = APPLICATION_PROTOCOL_DEFINITION('international standard',
  'automotive_design',2000,#2);
#2 = APPLICATION_CONTEXT(
  'core data for automotive mechanical design processes');
#3 = SHAPE_DEFINITION_REPRESENTATION(#4,#10);
#4 = PRODUCT_DEFINITION_SHAPE('','',#5);
#5 = PRODUCT_DEFINITION('design','',#6,#9);
#6 = PRODUCT_DEFINITION_FORMATION('','',#7);
#7 = PRODUCT('Open CASCADE STEP translator 7.8 1',
  'Open CASCADE STEP translator 7.8 1','',(#8));
#8 = PRODUCT_CONTEXT('',#2,'mechanical');
#9 = PRODUCT_DEFINITION_CONTEXT('part definition',#2,'design');
#10 = SHAPE_REPRESENTATION('',(#11,#15,#1527,#3039),#3611);
#11 = AXIS2_PLACEMENT_3D('',#12,#13,#14);
#12 = CARTESIAN_POINT('',(0.,0.,0.));
#13 = DIRECTION('',(0.,0.,1.));
#14 = DIRECTION('',(1.,0.,-0.));
#15 = MANIFOLD_SOLID_BREP('',#16);
#16 = CLOSED_SHELL('',(#17,#63,#113,#163,#213,#263,#313,#363,#413,#463,
    #513,#563,#613,#663,#713,#763,#813,#863,#913,#963,#1013,#1063,#1113,
    #1163,#1213,#1263,#1313,#1363,#1413,#1463,#1513));
#17 = ADVANCED_FACE('',(#18),#58,.T.);
#18 = FACE_BOUND('',#19,.T.);
#19 = EDGE_LOOP('',(#20,#31,#40,#41,#48,#57));
#20 = ORIENTED_EDGE('',*,*,#21,.F.);
#21 = EDGE_CURVE('',#22,#24,#26,.T.);
#22 = VERTEX_POINT('',#23);
#23 = CARTESIAN_POINT('',(-72.75051738441,35.,28.597125321386));
#24 = VERTEX_POINT('',#25);
#25 = CARTESIAN_POINT('',(-71.28281594892,35.,22.623084607841));
#26 = CIRCLE('',#27,3.075845816635);
#27 = AXIS2_PLACEMENT_3D('',#28,#29,#30);
#28 = CARTESIAN_POINT('',(-72.01666666666,35.,25.610104964614));
#29 = DIRECTION('',(0.971121614945,0.,0.23858501417));
#30 = DIRECTION('',(-0.23858501417,0.,0.971121614945));
#31 = ORIENTED_EDGE('',*,*,#32,.T.);
#32 = EDGE_CURVE('',#22,#33,#35,.T.);
#33 = VERTEX_POINT('',#34);
#34 = CARTESIAN_POINT('',(-74.5,35.,29.));
#35 = CIRCLE('',#36,4.);
#36 = AXIS2_PLACEMENT_3D('',#37,#38,#39);
#37 = CARTESIAN_POINT('',(-74.5,35.,25.));
#38 = DIRECTION('',(-2.449293598295E-16,-1.,0.));
#39 = DIRECTION('',(1.,-2.449293598295E-16,0.));
#40 = ORIENTED_EDGE('',*,*,#32,.F.);
#41 = ORIENTED_EDGE('',*,*,#42,.F.);
#42 = EDGE_CURVE('',#24,#22,#43,.T.);
#43 = CIRCLE('',#44,3.075845816635);
#44 = AXIS2_PLACEMENT_3D('',#45,#46,#47);
#45 = CARTESIAN_POINT('',(-72.01666666666,35.,25.610104964614));
#46 = DIRECTION('',(0.971121614945,0.,0.23858501417));
#47 = DIRECTION('',(-0.23858501417,0.,0.971121614945));
#48 = ORIENTED_EDGE('',*,*,#49,.F.);
#49 = EDGE_CURVE('',#50,#24,#52,.T.);
#50 = VERTEX_POINT('',#51);
#51 = CARTESIAN_POINT('',(-74.5,35.,21.));
#52 = CIRCLE('',#53,4.);
#53 = AXIS2_PLACEMENT_3D('',#54,#55,#56);
#54 = CARTESIAN_POINT('',(-74.5,35.,25.));
#55 = DIRECTION('',(-2.449293598295E-16,-1.,0.));
#56 = DIRECTION('',(1.,-2.449293598295E-16,0.));
#57 = ORIENTED_EDGE('',*,*,#49,.T.);
#58 = SPHERICAL_SURFACE('',#59,4.);
#59 = AXIS2_PLACEMENT_3D('',#60,#61,#62);
#60 = CARTESIAN_POINT('',(-74.5,35.,25.));
#61 = DIRECTION('',(0.,0.,1.));
#62 = DIRECTION('',(1.,0.,-0.));
#63 = ADVANCED_FACE('',(#64,#104),#108,.T.);
#64 = FACE_BOUND('',#65,.T.);
#65 = EDGE_LOOP('',(#66,#77,#78,#87,#96,#97));
#66 = ORIENTED_EDGE('',*,*,#67,.F.);
#67 = EDGE_CURVE('',#68,#70,#72,.T.);
#68 = VERTEX_POINT('',#69);
#69 = CARTESIAN_POINT('',(-69.53333333333,35.,22.220209929227));
#70 = VERTEX_POINT('',#71);
#71 = CARTESIAN_POINT('',(-66.43371171469,35.,23.69190104357));
#72 = CIRCLE('',#73,4.);
#73 = AXIS2_PLACEMENT_3D('',#74,#75,#76);
#74 = CARTESIAN_POINT('',(-69.53333333333,35.,26.220209929227));
#75 = DIRECTION('',(-2.449293598295E-16,-1.,0.));
#76 = DIRECTION('',(1.,-2.449293598295E-16,0.));
#77 = ORIENTED_EDGE('',*,*,#67,.T.);
#78 = ORIENTED_EDGE('',*,*,#79,.F.);
#79 = EDGE_CURVE('',#80,#70,#82,.T.);
#80 = VERTEX_POINT('',#81);
#81 = CARTESIAN_POINT('',(-67.6662882853,35.,29.75774336209));
#82 = CIRCLE('',#83,3.094902584717);
#83 = AXIS2_PLACEMENT_3D('',#84,#85,#86);
#84 = CARTESIAN_POINT('',(-67.05,35.,26.72482220283));
#85 = DIRECTION('',(0.979973060941,0.,0.199130107792));
#86 = DIRECTION('',(-0.199130107792,0.,0.979973060941));
#87 = ORIENTED_EDGE('',*,*,#88,.T.);
#88 = EDGE_CURVE('',#80,#89,#91,.T.);
#89 = VERTEX_POINT('',#90);
#90 = CARTESIAN_POINT('',(-69.53333333333,35.,30.220209929227));
#91 = CIRCLE('',#92,4.);
#92 = AXIS2_PLACEMENT_3D('',#93,#94,#95);
#93 = CARTESIAN_POINT('',(-69.53333333333,35.,26.220209929227));
#94 = DIRECTION('',(-2.449293598295E-16,-1.,0.));
#95 = DIRECTION('',(1.,-2.449293598295E-16,0.));
#96 = ORIENTED_EDGE('',*,*,#88,.F.);
#97 = ORIENTED_EDGE('',*,*,#98,.F.);
#98 = EDGE_CURVE('',#70,#80,#99,.T.);
#99 = CIRCLE('',#100,3.094902584717);
#100 = AXIS2_PLACEMENT_3D('',#101,#102,#103);
#101 = CARTESIAN_POINT('',(-67.05,35.,26.72482220283));
#102 = DIRECTION('',(0.979973060941,0.,0.199130107792));
#103 = DIRECTION('',(-0.199130107792,0.,0.979973060941));
#104 = FACE_BOUND('',#105,.T.);
#105 = EDGE_LOOP('',(#106,#107));
#106 = ORIENTED_EDGE('',*,*,#42,.T.);
#107 = ORIENTED_EDGE('',*,*,#21,.T.);
#108 = SPHERICAL_SURFACE('',#109,4.);
#109 = AXIS2_PLACEMENT_3D('',#110,#111,#112);
#110 = CARTESIAN_POINT('',(-69.53333333333,35.,26.220209929227));
#111 = DIRECTION('',(0.,0.,1.));
#112 = DIRECTION('',(1.,0.,-0.));
#113 = ADVANCED_FACE('',(#114,#154),#158,.T.);
#114 = FACE_BOUND('',#115,.T.);
#115 = EDGE_LOOP('',(#116,#127,#128,#137,#146,#147));
#116 = ORIENTED_EDGE('',*,*,#117,.F.);
#117 = EDGE_CURVE('',#118,#120,#122,.T.);
#118 = VERTEX_POINT('',#119);
#119 = CARTESIAN_POINT('',(-64.56666666666,35.,23.229434476432));
#120 = VERTEX_POINT('',#121);
#121 = CARTESIAN_POINT('',(-61.69453638014,35.,24.445396470722));
#122 = CIRCLE('',#123,4.);
#123 = AXIS2_PLACEMENT_3D('',#124,#125,#126);
#124 = CARTESIAN_POINT('',(-64.56666666666,35.,27.229434476432));
#125 = DIRECTION('',(-2.449293598295E-16,-1.,0.));
#126 = DIRECTION('',(1.,-2.449293598295E-16,0.));
#127 = ORIENTED_EDGE('',*,*,#117,.T.);
#128 = ORIENTED_EDGE('',*,*,#129,.F.);
#129 = EDGE_CURVE('',#130,#120,#132,.T.);
#130 = VERTEX_POINT('',#131);
#131 = CARTESIAN_POINT('',(-62.47213028652,35.,30.637207554595));
#132 = CIRCLE('',#133,3.120223420751);
#133 = AXIS2_PLACEMENT_3D('',#134,#135,#136);
#134 = CARTESIAN_POINT('',(-62.08333333333,35.,27.541302012659));
#135 = DIRECTION('',(0.992206366168,0.,0.124605485173));
#136 = DIRECTION('',(-0.124605485173,0.,0.992206366168));
#137 = ORIENTED_EDGE('',*,*,#138,.T.);
#138 = EDGE_CURVE('',#130,#139,#141,.T.);
#139 = VERTEX_POINT('',#140);
#140 = CARTESIAN_POINT('',(-64.56666666666,35.,31.229434476432));
#141 = CIRCLE('',#142,4.);
#142 = AXIS2_PLACEMENT_3D('',#143,#144,#145);
#143 = CARTESIAN_POINT('',(-64.56666666666,35.,27.229434476432));
#144 = DIRECTION('',(-2.449293598295E-16,-1.,0.));
#145 = DIRECTION('',(1.,-2.449293598295E-16,0.));
#146 = ORIENTED_EDGE('',*,*,#138,.F.);
#147 = ORIENTED_EDGE('',*,*,#148,.F.);
#148 = EDGE_CURVE('',#120,#130,#149,.T.);
#149 = CIRCLE('',#150,3.120223420751);
#150 = AXIS2_PLACEMENT_3D('',#151,#152,#153);
#151 = CARTESIAN_POINT('',(-62.08333333333,35.,27.541302012659));
#152 = DIRECTION('',(0.992206366168,0.,0.124605485173));
#153 = DIRECTION('',(-0.124605485173,0.,0.992206366168));
#154 = FACE_BOUND('',#155,.T.);
#155 = EDGE_LOOP('',(#156,#157));
#156 = ORIENTED_EDGE('',*,*,#98,.T.);
#157 = ORIENTED_EDGE('',*,*,#79,.T.);
#158 = SPHERICAL_SURFACE('',#159,4.);
#159 = AXIS2_PLACEMENT_3D('',#160,#161,#162);
#160 = CARTESIAN_POINT('',(-64.56666666666,35.,27.229434476432));
#161 = DIRECTION('',(0.,0.,1.));
#162 = DIRECTION('',(1.,0.,-0.));
#163 = ADVANCED_FACE('',(#164,#204),#208,.T.);
#164 = FACE_BOUND('',#165,.T.);
#165 = EDGE_LOOP('',(#166,#177,#178,#187,#196,#197));
#166 = ORIENTED_EDGE('',*,*,#167,.F.);
#167 = EDGE_CURVE('',#168,#170,#172,.T.);
#168 = VERTEX_POINT('',#169);
#169 = CARTESIAN_POINT('',(-59.6,35.,23.853169548885));
#170 = VERTEX_POINT('',#171);
#171 = CARTESIAN_POINT('',(-57.03438549981,35.,24.784355081307));
#172 = CIRCLE('',#173,4.);
#173 = AXIS2_PLACEMENT_3D('',#174,#175,#176);
#174 = CARTESIAN_POINT('',(-59.6,35.,27.853169548885));
#175 = DIRECTION('',(-2.449293598295E-16,-1.,0.));
#176 = DIRECTION('',(1.,-2.449293598295E-16,0.));
#177 = ORIENTED_EDGE('',*,*,#167,.T.);
#178 = ORIENTED_EDGE('',*,*,#179,.F.);
#179 = EDGE_CURVE('',#180,#170,#182,.T.);
#180 = VERTEX_POINT('',#181);
#181 = CARTESIAN_POINT('',(-57.19894783352,35.,31.052380153684));
#182 = CIRCLE('',#183,3.135092465527);
#183 = AXIS2_PLACEMENT_3D('',#184,#185,#186);
#184 = CARTESIAN_POINT('',(-57.11666666666,35.,27.918367617495));
#185 = DIRECTION('',(0.999655535092,0.,2.624521214616E-02));
#186 = DIRECTION('',(-2.624521214616E-02,0.,0.999655535092));
#187 = ORIENTED_EDGE('',*,*,#188,.T.);
#188 = EDGE_CURVE('',#180,#189,#191,.T.);
#189 = VERTEX_POINT('',#190);
#190 = CARTESIAN_POINT('',(-59.6,35.,31.853169548885));
#191 = CIRCLE('',#192,4.);
#192 = AXIS2_PLACEMENT_3D('',#193,#194,#195);
#193 = CARTESIAN_POINT('',(-59.6,35.,27.853169548885));
#194 = DIRECTION('',(-2.449293598295E-16,-1.,0.));
#195 = DIRECTION('',(1.,-2.449293598295E-16,0.));
#196 = ORIENTED_EDGE('',*,*,#188,.F.);
#197 = ORIENTED_EDGE('',*,*,#198,.F.);
#198 = EDGE_CURVE('',#170,#180,#199,.T.);
#199 = CIRCLE('',#200,3.135092465527);
#200 = AXIS2_PLACEMENT_3D('',#201,#202,#203);
#201 = CARTESIAN_POINT('',(-57.11666666666,35.,27.918367617495));
#202 = DIRECTION('',(0.999655535092,0.,2.624521214616E-02));
#203 = DIRECTION('',(-2.624521214616E-02,0.,0.999655535092));
#204 = FACE_BOUND('',#205,.T.);
#205 = EDGE_LOOP('',(#206,#207));
#206 = ORIENTED_EDGE('',*,*,#148,.T.);
#207 = ORIENTED_EDGE('',*,*,#129,.T.);
#208 = SPHERICAL_SURFACE('',#209,4.);
#209 = AXIS2_PLACEMENT_3D('',#210,#211,#212);
#210 = CARTESIAN_POINT('',(-59.6,35.,27.853169548885));
#211 = DIRECTION('',(0.,0.,1.));
#212 = DIRECTION('',(1.,0.,-0.));
#213 = ADVANCED_FACE('',(#214,#254),#258,.T.);
#214 = FACE_BOUND('',#215,.T.);
#215 = EDGE_LOOP('',(#216,#227,#228,#237,#246,#247));
#216 = ORIENTED_EDGE('',*,*,#217,.F.);
#217 = EDGE_CURVE('',#218,#220,#222,.T.);
#218 = VERTEX_POINT('',#219);
#219 = CARTESIAN_POINT('',(-54.63333333333,35.,23.983565686105));
#220 = VERTEX_POINT('',#221);
#221 = CARTESIAN_POINT('',(-52.39219523418,35.,24.670364813753));
#222 = CIRCLE('',#223,4.);
#223 = AXIS2_PLACEMENT_3D('',#224,#225,#226);
#224 = CARTESIAN_POINT('',(-54.63333333333,35.,27.983565686105));
#225 = DIRECTION('',(-2.449293598295E-16,-1.,0.));
#226 = DIRECTION('',(1.,-2.449293598295E-16,0.));
#227 = ORIENTED_EDGE('',*,*,#217,.T.);
#228 = ORIENTED_EDGE('',*,*,#229,.F.);
#229 = EDGE_CURVE('',#230,#220,#232,.T.);
#230 = VERTEX_POINT('',#231);
#231 = CARTESIAN_POINT('',(-51.90780476581,35.,30.911277083705));
#232 = CIRCLE('',#233,3.129841053755);
#233 = AXIS2_PLACEMENT_3D('',#234,#235,#236);
#234 = CARTESIAN_POINT('',(-52.15,35.,27.790820948729));
#235 = DIRECTION('',(0.997001471123,0.,-7.738259867714E-02));
#236 = DIRECTION('',(7.738259867714E-02,0.,0.997001471123));
#237 = ORIENTED_EDGE('',*,*,#238,.T.);
#238 = EDGE_CURVE('',#230,#239,#241,.T.);
#239 = VERTEX_POINT('',#240);
#240 = CARTESIAN_POINT('',(-54.63333333333,35.,31.983565686105));
#241 = CIRCLE('',#242,4.);
#242 = AXIS2_PLACEMENT_3D('',#243,#244,#245);
#243 = CARTESIAN_POINT('',(-54.63333333333,35.,27.983565686105));
#244 = DIRECTION('',(-2.449293598295E-16,-1.,0.));
#245 = DIRECTION('',(1.,-2.449293598295E-16,0.));
#246 = ORIENTED_EDGE('',*,*,#238,.F.);
#247 = ORIENTED_EDGE('',*,*,#248,.F.);
#248 = EDGE_CURVE('',#220,#230,#249,.T.);
#249 = CIRCLE('',#250,3.129841053755);
#250 = AXIS2_PLACEMENT_3D('',#251,#252,#253);
#251 = CARTESIAN_POINT('',(-52.15,35.,27.790820948729));
#252 = DIRECTION('',(0.997001471123,0.,-7.738259867714E-02));
#253 = DIRECTION('',(7.738259867714E-02,0.,0.997001471123));
#254 = FACE_BOUND('',#255,.T.);
#255 = EDGE_LOOP('',(#256,#257));
#256 = ORIENTED_EDGE('',*,*,#198,.T.);
#257 = ORIENTED_EDGE('',*,*,#179,.T.);
#258 = SPHERICAL_SURFACE('',#259,4.);
#259 = AXIS2_PLACEMENT_3D('',#260,#261,#262);
#260 = CARTESIAN_POINT('',(-54.63333333333,35.,27.983565686105));
#261 = DIRECTION('',(0.,0.,1.));
#262 = DIRECTION('',(1.,0.,-0.));
#263 = ADVANCED_FACE('',(#264,#304),#308,.T.);
#264 = FACE_BOUND('',#265,.T.);
#265 = EDGE_LOOP('',(#266,#277,#278,#287,#296,#297));
#266 = ORIENTED_EDGE('',*,*,#267,.F.);
#267 = EDGE_CURVE('',#268,#270,#272,.T.);
#268 = VERTEX_POINT('',#269);
#269 = CARTESIAN_POINT('',(-49.66666666666,35.,23.598076211353));
#270 = VERTEX_POINT('',#271);
#271 = CARTESIAN_POINT('',(-47.69843228393,35.,24.115827883815));
#272 = CIRCLE('',#273,4.);
#273 = AXIS2_PLACEMENT_3D('',#274,#275,#276);
#274 = CARTESIAN_POINT('',(-49.66666666666,35.,27.598076211353));
#275 = DIRECTION('',(-2.449293598295E-16,-1.,0.));
#276 = DIRECTION('',(1.,-2.449293598295E-16,0.));
#277 = ORIENTED_EDGE('',*,*,#267,.T.);
#278 = ORIENTED_EDGE('',*,*,#279,.F.);
#279 = EDGE_CURVE('',#280,#270,#282,.T.);
#280 = VERTEX_POINT('',#281);
#281 = CARTESIAN_POINT('',(-46.66823438272,35.,30.245604084416));
#282 = CIRCLE('',#283,3.107871618371);
#283 = AXIS2_PLACEMENT_3D('',#284,#285,#286);
#284 = CARTESIAN_POINT('',(-47.18333333333,35.,27.180715984115));
#285 = DIRECTION('',(0.986169467935,0.,-0.165740099288));
#286 = DIRECTION('',(0.165740099288,0.,0.986169467935));
#287 = ORIENTED_EDGE('',*,*,#288,.T.);
#288 = EDGE_CURVE('',#280,#289,#291,.T.);
#289 = VERTEX_POINT('',#290);
#290 = CARTESIAN_POINT('',(-49.66666666666,35.,31.598076211353));
#291 = CIRCLE('',#292,4.);
#292 = AXIS2_PLACEMENT_3D('',#293,#294,#295);
#293 = CARTESIAN_POINT('',(-49.66666666666,35.,27.598076211353));
#294 = DIRECTION('',(-2.449293598295E-16,-1.,0.));
#295 = DIRECTION('',(1.,-2.449293598295E-16,0.));
#296 = ORIENTED_EDGE('',*,*,#288,.F.);
#297 = ORIENTED_EDGE('',*,*,#298,.F.);
#298 = EDGE_CURVE('',#270,#280,#299,.T.);
#299 = CIRCLE('',#300,3.107871618371);
#300 = AXIS2_PLACEMENT_3D('',#301,#302,#303);
#301 = CARTESIAN_POINT('',(-47.18333333333,35.,27.180715984115));
#302 = DIRECTION('',(0.986169467935,0.,-0.165740099288));
#303 = DIRECTION('',(0.165740099288,0.,0.986169467935));
#304 = FACE_BOUND('',#305,.T.);
#305 = EDGE_LOOP('',(#306,#307));
#306 = ORIENTED_EDGE('',*,*,#248,.T.);
#307 = ORIENTED_EDGE('',*,*,#229,.T.);
#308 = SPHERICAL_SURFACE('',#309,4.);
#309 = AXIS2_PLACEMENT_3D('',#310,#311,#312);
#310 = CARTESIAN_POINT('',(-49.66666666666,35.,27.598076211353));
#311 = DIRECTION('',(0.,0.,1.));
#312 = DIRECTION('',(1.,0.,-0.));
#313 = ADVANCED_FACE('',(#314,#354),#358,.T.);
#314 = FACE_BOUND('',#315,.T.);
#315 = EDGE_LOOP('',(#316,#327,#328,#337,#346,#347));
#316 = ORIENTED_EDGE('',*,*,#317,.F.);
#317 = EDGE_CURVE('',#318,#320,#322,.T.);
#318 = VERTEX_POINT('',#319);
#319 = CARTESIAN_POINT('',(-44.7,35.,22.763355756877));
#320 = VERTEX_POINT('',#321);
#321 = CARTESIAN_POINT('',(-42.90628148051,35.,23.188083197637));
#322 = CIRCLE('',#323,4.);
#323 = AXIS2_PLACEMENT_3D('',#324,#325,#326);
#324 = CARTESIAN_POINT('',(-44.7,35.,26.763355756877));
#325 = DIRECTION('',(-2.449293598295E-16,-1.,0.));
#326 = DIRECTION('',(1.,-2.449293598295E-16,0.));
#327 = ORIENTED_EDGE('',*,*,#317,.T.);
#328 = ORIENTED_EDGE('',*,*,#329,.F.);
#329 = EDGE_CURVE('',#330,#320,#332,.T.);
#330 = VERTEX_POINT('',#331);
#331 = CARTESIAN_POINT('',(-41.52705185281,35.,29.199007631694));
#332 = CIRCLE('',#333,3.083564776272);
#333 = AXIS2_PLACEMENT_3D('',#334,#335,#336);
#334 = CARTESIAN_POINT('',(-42.21666666666,35.,26.193545414665));
#335 = DIRECTION('',(0.97467134148,0.,-0.223642071396));
#336 = DIRECTION('',(0.223642071396,0.,0.97467134148));
#337 = ORIENTED_EDGE('',*,*,#338,.T.);
#338 = EDGE_CURVE('',#330,#339,#341,.T.);
#339 = VERTEX_POINT('',#340);
#340 = CARTESIAN_POINT('',(-44.7,35.,30.763355756877));
#341 = CIRCLE('',#342,4.);
#342 = AXIS2_PLACEMENT_3D('',#343,#344,#345);
#343 = CARTESIAN_POINT('',(-44.7,35.,26.763355756877));
#344 = DIRECTION('',(-2.449293598295E-16,-1.,0.));
#345 = DIRECTION('',(1.,-2.449293598295E-16,0.));
#346 = ORIENTED_EDGE('',*,*,#338,.F.);
#347 = ORIENTED_EDGE('',*,*,#348,.F.);
#348 = EDGE_CURVE('',#320,#330,#349,.T.);
#349 = CIRCLE('',#350,3.083564776272);
#350 = AXIS2_PLACEMENT_3D('',#351,#352,#353);
#351 = CARTESIAN_POINT('',(-42.21666666666,35.,26.193545414665));
#352 = DIRECTION('',(0.97467134148,0.,-0.223642071396));
#353 = DIRECTION('',(0.223642071396,0.,0.97467134148));
#354 = FACE_BOUND('',#355,.T.);
#355 = EDGE_LOOP('',(#356,#357));
#356 = ORIENTED_EDGE('',*,*,#298,.T.);
#357 = ORIENTED_EDGE('',*,*,#279,.T.);
#358 = SPHERICAL_SURFACE('',#359,4.);
#359 = AXIS2_PLACEMENT_3D('',#360,#361,#362);
#360 = CARTESIAN_POINT('',(-44.7,35.,26.763355756877));
#361 = DIRECTION('',(0.,0.,1.));
#362 = DIRECTION('',(1.,0.,-0.));
#363 = ADVANCED_FACE('',(#364,#404),#408,.T.);
#364 = FACE_BOUND('',#365,.T.);
#365 = EDGE_LOOP('',(#366,#377,#378,#387,#396,#397));
#366 = ORIENTED_EDGE('',*,*,#367,.F.);
#367 = EDGE_CURVE('',#368,#370,#372,.T.);
#368 = VERTEX_POINT('',#369);
#369 = CARTESIAN_POINT('',(-39.73333333333,35.,21.623735072453));
#370 = VERTEX_POINT('',#371);
#371 = CARTESIAN_POINT('',(-37.9986162489,35.,22.019465848741));
#372 = CIRCLE('',#373,4.);
#373 = AXIS2_PLACEMENT_3D('',#374,#375,#376);
#374 = CARTESIAN_POINT('',(-39.73333333333,35.,25.623735072453));
#375 = DIRECTION('',(-2.449293598295E-16,-1.,0.));
#376 = DIRECTION('',(1.,-2.449293598295E-16,0.));
#377 = ORIENTED_EDGE('',*,*,#367,.T.);
#378 = ORIENTED_EDGE('',*,*,#379,.F.);
#379 = EDGE_CURVE('',#380,#370,#382,.T.);
#380 = VERTEX_POINT('',#381);
#381 = CARTESIAN_POINT('',(-36.50138375109,35.,27.980534151259));
#382 = CIRCLE('',#383,3.073110820479);
#383 = AXIS2_PLACEMENT_3D('',#384,#385,#386);
#384 = CARTESIAN_POINT('',(-37.25,35.,25.));
#385 = DIRECTION('',(0.96987525845,0.,-0.243602099839));
#386 = DIRECTION('',(0.243602099839,0.,0.96987525845));
#387 = ORIENTED_EDGE('',*,*,#388,.T.);
#388 = EDGE_CURVE('',#380,#389,#391,.T.);
#389 = VERTEX_POINT('',#390);
#390 = CARTESIAN_POINT('',(-39.73333333333,35.,29.623735072453));
#391 = CIRCLE('',#392,4.);
#392 = AXIS2_PLACEMENT_3D('',#393,#394,#395);
#393 = CARTESIAN_POINT('',(-39.73333333333,35.,25.623735072453));
#394 = DIRECTION('',(-2.449293598295E-16,-1.,0.));
#395 = DIRECTION('',(1.,-2.449293598295E-16,0.));
#396 = ORIENTED_EDGE('',*,*,#388,.F.);
#397 = ORIENTED_EDGE('',*,*,#398,.F.);
#398 = EDGE_CURVE('',#370,#380,#399,.T.);
#399 = CIRCLE('',#400,3.073110820479);
#400 = AXIS2_PLACEMENT_3D('',#401,#402,#403);
#401 = CARTESIAN_POINT('',(-37.25,35.,25.));
#402 = DIRECTION('',(0.96987525845,0.,-0.243602099839));
#403 = DIRECTION('',(0.243602099839,0.,0.96987525845));
#404 = FACE_BOUND('',#405,.T.);
#405 = EDGE_LOOP('',(#406,#407));
#406 = ORIENTED_EDGE('',*,*,#348,.T.);
#407 = ORIENTED_EDGE('',*,*,#329,.T.);
#408 = SPHERICAL_SURFACE('',#409,4.);
#409 = AXIS2_PLACEMENT_3D('',#410,#411,#412);
#410 = CARTESIAN_POINT('',(-39.73333333333,35.,25.623735072453));
#411 = DIRECTION('',(0.,0.,1.));
#412 = DIRECTION('',(1.,0.,-0.));
#413 = ADVANCED_FACE('',(#414,#454),#458,.T.);
#414 = FACE_BOUND('',#415,.T.);
#415 = EDGE_LOOP('',(#416,#427,#428,#437,#446,#447));
#416 = ORIENTED_EDGE('',*,*,#417,.F.);
#417 = EDGE_CURVE('',#418,#420,#422,.T.);
#418 = VERTEX_POINT('',#419);
#419 = CARTESIAN_POINT('',(-34.76666666666,35.,20.376264927547));
#420 = VERTEX_POINT('',#421);
#421 = CARTESIAN_POINT('',(-32.97294814718,35.,20.800992368306));
#422 = CIRCLE('',#423,4.);
#423 = AXIS2_PLACEMENT_3D('',#424,#425,#426);
#424 = CARTESIAN_POINT('',(-34.76666666666,35.,24.376264927547));
#425 = DIRECTION('',(-2.449293598295E-16,-1.,0.));
#426 = DIRECTION('',(1.,-2.449293598295E-16,0.));
#427 = ORIENTED_EDGE('',*,*,#417,.T.);
#428 = ORIENTED_EDGE('',*,*,#429,.F.);
#429 = EDGE_CURVE('',#430,#420,#432,.T.);
#430 = VERTEX_POINT('',#431);
#431 = CARTESIAN_POINT('',(-31.59371851948,35.,26.811916802363));
#432 = CIRCLE('',#433,3.083564776272);
#433 = AXIS2_PLACEMENT_3D('',#434,#435,#436);
#434 = CARTESIAN_POINT('',(-32.28333333333,35.,23.806454585335));
#435 = DIRECTION('',(0.97467134148,0.,-0.223642071396));
#436 = DIRECTION('',(0.223642071396,0.,0.97467134148));
#437 = ORIENTED_EDGE('',*,*,#438,.T.);
#438 = EDGE_CURVE('',#430,#439,#441,.T.);
#439 = VERTEX_POINT('',#440);
#440 = CARTESIAN_POINT('',(-34.76666666666,35.,28.376264927547));
#441 = CIRCLE('',#442,4.);
#442 = AXIS2_PLACEMENT_3D('',#443,#444,#445);
#443 = CARTESIAN_POINT('',(-34.76666666666,35.,24.376264927547));
#444 = DIRECTION('',(-2.449293598295E-16,-1.,0.));
#445 = DIRECTION('',(1.,-2.449293598295E-16,0.));
#446 = ORIENTED_EDGE('',*,*,#438,.F.);
#447 = ORIENTED_EDGE('',*,*,#448,.F.);
#448 = EDGE_CURVE('',#420,#430,#449,.T.);
#449 = CIRCLE('',#450,3.083564776272);
#450 = AXIS2_PLACEMENT_3D('',#451,#452,#453);
#451 = CARTESIAN_POINT('',(-32.28333333333,35.,23.806454585335));
#452 = DIRECTION('',(0.97467134148,0.,-0.223642071396));
#453 = DIRECTION('',(0.223642071396,0.,0.97467134148));
#454 = FACE_BOUND('',#455,.T.);
#455 = EDGE_LOOP('',(#456,#457));
#456 = ORIENTED_EDGE('',*,*,#398,.T.);
#457 = ORIENTED_EDGE('',*,*,#379,.T.);
#458 = SPHERICAL_SURFACE('',#459,4.);
#459 = AXIS2_PLACEMENT_3D('',#460,#461,#462);
#460 = CARTESIAN_POINT('',(-34.76666666666,35.,24.376264927547));
#461 = DIRECTION('',(0.,0.,1.));
#462 = DIRECTION('',(1.,0.,-0.));
#463 = ADVANCED_FACE('',(#464,#504),#508,.T.);
#464 = FACE_BOUND('',#465,.T.);
#465 = EDGE_LOOP('',(#466,#477,#478,#487,#496,#497));
#466 = ORIENTED_EDGE('',*,*,#467,.F.);
#467 = EDGE_CURVE('',#468,#470,#472,.T.);
#468 = VERTEX_POINT('',#469);
#469 = CARTESIAN_POINT('',(-29.8,35.,19.236644243123));
#470 = VERTEX_POINT('',#471);
#471 = CARTESIAN_POINT('',(-27.83176561727,35.,19.754395915584));
#472 = CIRCLE('',#473,4.);
#473 = AXIS2_PLACEMENT_3D('',#474,#475,#476);
#474 = CARTESIAN_POINT('',(-29.8,35.,23.236644243123));
#475 = DIRECTION('',(-2.449293598295E-16,-1.,0.));
#476 = DIRECTION('',(1.,-2.449293598295E-16,0.));
#477 = ORIENTED_EDGE('',*,*,#467,.T.);
#478 = ORIENTED_EDGE('',*,*,#479,.F.);
#479 = EDGE_CURVE('',#480,#470,#482,.T.);
#480 = VERTEX_POINT('',#481);
#481 = CARTESIAN_POINT('',(-26.80156771606,35.,25.884172116185));
#482 = CIRCLE('',#483,3.107871618371);
#483 = AXIS2_PLACEMENT_3D('',#484,#485,#486);
#484 = CARTESIAN_POINT('',(-27.31666666666,35.,22.819284015885));
#485 = DIRECTION('',(0.986169467935,0.,-0.165740099288));
#486 = DIRECTION('',(0.165740099288,0.,0.986169467935));
#487 = ORIENTED_EDGE('',*,*,#488,.T.);
#488 = EDGE_CURVE('',#480,#489,#491,.T.);
#489 = VERTEX_POINT('',#490);
#490 = CARTESIAN_POINT('',(-29.8,35.,27.236644243123));
#491 = CIRCLE('',#492,4.);
#492 = AXIS2_PLACEMENT_3D('',#493,#494,#495);
#493 = CARTESIAN_POINT('',(-29.8,35.,23.236644243123));
#494 = DIRECTION('',(-2.449293598295E-16,-1.,0.));
#495 = DIRECTION('',(1.,-2.449293598295E-16,0.));
#496 = ORIENTED_EDGE('',*,*,#488,.F.);
#497 = ORIENTED_EDGE('',*,*,#498,.F.);
#498 = EDGE_CURVE('',#470,#480,#499,.T.);
#499 = CIRCLE('',#500,3.107871618371);
#500 = AXIS2_PLACEMENT_3D('',#501,#502,#503);
#501 = CARTESIAN_POINT('',(-27.31666666666,35.,22.819284015885));
#502 = DIRECTION('',(0.986169467935,0.,-0.165740099288));
#503 = DIRECTION('',(0.165740099288,0.,0.986169467935));
#504 = FACE_BOUND('',#505,.T.);
#505 = EDGE_LOOP('',(#506,#507));
#506 = ORIENTED_EDGE('',*,*,#448,.T.);
#507 = ORIENTED_EDGE('',*,*,#429,.T.);
#508 = SPHERICAL_SURFACE('',#509,4.);
#509 = AXIS2_PLACEMENT_3D('',#510,#511,#512);
#510 = CARTESIAN_POINT('',(-29.8,35.,23.236644243123));
#511 = DIRECTION('',(0.,0.,1.));
#512 = DIRECTION('',(1.,0.,-0.));
#513 = ADVANCED_FACE('',(#514,#554),#558,.T.);
#514 = FACE_BOUND('',#515,.T.);
#515 = EDGE_LOOP('',(#516,#527,#528,#537,#546,#547));
#516 = ORIENTED_EDGE('',*,*,#517,.F.);
#517 = EDGE_CURVE('',#518,#520,#522,.T.);
#518 = VERTEX_POINT('',#519);
#519 = CARTESIAN_POINT('',(-24.83333333333,35.,18.401923788647));
#520 = VERTEX_POINT('',#521);
#521 = CARTESIAN_POINT('',(-22.59219523418,35.,19.088722916295));
#522 = CIRCLE('',#523,4.);
#523 = AXIS2_PLACEMENT_3D('',#524,#525,#526);
#524 = CARTESIAN_POINT('',(-24.83333333333,35.,22.401923788647));
#525 = DIRECTION('',(-2.449293598295E-16,-1.,0.));
#526 = DIRECTION('',(1.,-2.449293598295E-16,0.));
#527 = ORIENTED_EDGE('',*,*,#517,.T.);
#528 = ORIENTED_EDGE('',*,*,#529,.F.);
#529 = EDGE_CURVE('',#530,#520,#532,.T.);
#530 = VERTEX_POINT('',#531);
#531 = CARTESIAN_POINT('',(-22.10780476581,35.,25.329635186247));
#532 = CIRCLE('',#533,3.129841053755);
#533 = AXIS2_PLACEMENT_3D('',#534,#535,#536);
#534 = CARTESIAN_POINT('',(-22.35,35.,22.209179051271));
#535 = DIRECTION('',(0.997001471123,0.,-7.738259867714E-02));
#536 = DIRECTION('',(7.738259867714E-02,0.,0.997001471123));
#537 = ORIENTED_EDGE('',*,*,#538,.T.);
#538 = EDGE_CURVE('',#530,#539,#541,.T.);
#539 = VERTEX_POINT('',#540);
#540 = CARTESIAN_POINT('',(-24.83333333333,35.,26.401923788647));
#541 = CIRCLE('',#542,4.);
#542 = AXIS2_PLACEMENT_3D('',#543,#544,#545);
#543 = CARTESIAN_POINT('',(-24.83333333333,35.,22.401923788647));
#544 = DIRECTION('',(-2.449293598295E-16,-1.,0.));
#545 = DIRECTION('',(1.,-2.449293598295E-16,0.));
#546 = ORIENTED_EDGE('',*,*,#538,.F.);
#547 = ORIENTED_EDGE('',*,*,#548,.F.);
#548 = EDGE_CURVE('',#520,#530,#549,.T.);
#549 = CIRCLE('',#550,3.129841053755);
#550 = AXIS2_PLACEMENT_3D('',#551,#552,#553);
#551 = CARTESIAN_POINT('',(-22.35,35.,22.209179051271));
#552 = DIRECTION('',(0.997001471123,0.,-7.738259867714E-02));
#553 = DIRECTION('',(7.738259867714E-02,0.,0.997001471123));
#554 = FACE_BOUND('',#555,.T.);
#555 = EDGE_LOOP('',(#556,#557));
#556 = ORIENTED_EDGE('',*,*,#498,.T.);
#557 = ORIENTED_EDGE('',*,*,#479,.T.);
#558 = SPHERICAL_SURFACE('',#559,4.);
#559 = AXIS2_PLACEMENT_3D('',#560,#561,#562);
#560 = CARTESIAN_POINT('',(-24.83333333333,35.,22.401923788647));
#561 = DIRECTION('',(0.,0.,1.));
#562 = DIRECTION('',(1.,0.,-0.));
#563 = ADVANCED_FACE('',(#564,#604),#608,.T.);
#564 = FACE_BOUND('',#565,.T.);
#565 = EDGE_LOOP('',(#566,#577,#578,#587,#596,#597));
#566 = ORIENTED_EDGE('',*,*,#567,.F.);
#567 = EDGE_CURVE('',#568,#570,#572,.T.);
#568 = VERTEX_POINT('',#569);
#569 = CARTESIAN_POINT('',(-19.86666666666,35.,18.016434313895));
#570 = VERTEX_POINT('',#571);
#571 = CARTESIAN_POINT('',(-17.30105216647,35.,18.947619846316));
#572 = CIRCLE('',#573,4.);
#573 = AXIS2_PLACEMENT_3D('',#574,#575,#576);
#574 = CARTESIAN_POINT('',(-19.86666666666,35.,22.016434313895));
#575 = DIRECTION('',(-2.449293598295E-16,-1.,0.));
#576 = DIRECTION('',(1.,-2.449293598295E-16,0.));
#577 = ORIENTED_EDGE('',*,*,#567,.T.);
#578 = ORIENTED_EDGE('',*,*,#579,.F.);
#579 = EDGE_CURVE('',#580,#570,#582,.T.);
#580 = VERTEX_POINT('',#581);
#581 = CARTESIAN_POINT('',(-17.46561450018,35.,25.215644918693));
#582 = CIRCLE('',#583,3.135092465527);
#583 = AXIS2_PLACEMENT_3D('',#584,#585,#586);
#584 = CARTESIAN_POINT('',(-17.38333333333,35.,22.081632382505));
#585 = DIRECTION('',(0.999655535092,0.,2.624521214615E-02));
#586 = DIRECTION('',(-2.624521214615E-02,0.,0.999655535092));
#587 = ORIENTED_EDGE('',*,*,#588,.T.);
#588 = EDGE_CURVE('',#580,#589,#591,.T.);
#589 = VERTEX_POINT('',#590);
#590 = CARTESIAN_POINT('',(-19.86666666666,35.,26.016434313895));
#591 = CIRCLE('',#592,4.);
#592 = AXIS2_PLACEMENT_3D('',#593,#594,#595);
#593 = CARTESIAN_POINT('',(-19.86666666666,35.,22.016434313895));
#594 = DIRECTION('',(-2.449293598295E-16,-1.,0.));
#595 = DIRECTION('',(1.,-2.449293598295E-16,0.));
#596 = ORIENTED_EDGE('',*,*,#588,.F.);
#597 = ORIENTED_EDGE('',*,*,#598,.F.);
#598 = EDGE_CURVE('',#570,#580,#599,.T.);
#599 = CIRCLE('',#600,3.135092465527);
#600 = AXIS2_PLACEMENT_3D('',#601,#602,#603);
#601 = CARTESIAN_POINT('',(-17.38333333333,35.,22.081632382505));
#602 = DIRECTION('',(0.999655535092,0.,2.624521214615E-02));
#603 = DIRECTION('',(-2.624521214615E-02,0.,0.999655535092));
#604 = FACE_BOUND('',#605,.T.);
#605 = EDGE_LOOP('',(#606,#607));
#606 = ORIENTED_EDGE('',*,*,#548,.T.);
#607 = ORIENTED_EDGE('',*,*,#529,.T.);
#608 = SPHERICAL_SURFACE('',#609,4.);
#609 = AXIS2_PLACEMENT_3D('',#610,#611,#612);
#610 = CARTESIAN_POINT('',(-19.86666666666,35.,22.016434313895));
#611 = DIRECTION('',(0.,0.,1.));
#612 = DIRECTION('',(1.,0.,-0.));
#613 = ADVANCED_FACE('',(#614,#654),#658,.T.);
#614 = FACE_BOUND('',#615,.T.);
#615 = EDGE_LOOP('',(#616,#627,#628,#637,#646,#647));
#616 = ORIENTED_EDGE('',*,*,#617,.F.);
#617 = EDGE_CURVE('',#618,#620,#622,.T.);
#618 = VERTEX_POINT('',#619);
#619 = CARTESIAN_POINT('',(-14.9,35.,18.146830451115));
#620 = VERTEX_POINT('',#621);
#621 = CARTESIAN_POINT('',(-12.02786971347,35.,19.362792445405));
#622 = CIRCLE('',#623,4.);
#623 = AXIS2_PLACEMENT_3D('',#624,#625,#626);
#624 = CARTESIAN_POINT('',(-14.9,35.,22.146830451115));
#625 = DIRECTION('',(-2.449293598295E-16,-1.,0.));
#626 = DIRECTION('',(1.,-2.449293598295E-16,0.));
#627 = ORIENTED_EDGE('',*,*,#617,.T.);
#628 = ORIENTED_EDGE('',*,*,#629,.F.);
#629 = EDGE_CURVE('',#630,#620,#632,.T.);
#630 = VERTEX_POINT('',#631);
#631 = CARTESIAN_POINT('',(-12.80546361985,35.,25.554603529278));
#632 = CIRCLE('',#633,3.120223420751);
#633 = AXIS2_PLACEMENT_3D('',#634,#635,#636);
#634 = CARTESIAN_POINT('',(-12.41666666666,35.,22.458697987341));
#635 = DIRECTION('',(0.992206366168,0.,0.124605485173));
#636 = DIRECTION('',(-0.124605485173,0.,0.992206366168));
#637 = ORIENTED_EDGE('',*,*,#638,.T.);
#638 = EDGE_CURVE('',#630,#639,#641,.T.);
#639 = VERTEX_POINT('',#640);
#640 = CARTESIAN_POINT('',(-14.9,35.,26.146830451115));
#641 = CIRCLE('',#642,4.);
#642 = AXIS2_PLACEMENT_3D('',#643,#644,#645);
#643 = CARTESIAN_POINT('',(-14.9,35.,22.146830451115));
#644 = DIRECTION('',(-2.449293598295E-16,-1.,0.));
#645 = DIRECTION('',(1.,-2.449293598295E-16,0.));
#646 = ORIENTED_EDGE('',*,*,#638,.F.);
#647 = ORIENTED_EDGE('',*,*,#648,.F.);
#648 = EDGE_CURVE('',#620,#630,#649,.T.);
#649 = CIRCLE('',#650,3.120223420751);
#650 = AXIS2_PLACEMENT_3D('',#651,#652,#653);
#651 = CARTESIAN_POINT('',(-12.41666666666,35.,22.458697987341));
#652 = DIRECTION('',(0.992206366168,0.,0.124605485173));
#653 = DIRECTION('',(-0.124605485173,0.,0.992206366168));
#654 = FACE_BOUND('',#655,.T.);
#655 = EDGE_LOOP('',(#656,#657));
#656 = ORIENTED_EDGE('',*,*,#598,.T.);
#657 = ORIENTED_EDGE('',*,*,#579,.T.);
#658 = SPHERICAL_SURFACE('',#659,4.);
#659 = AXIS2_PLACEMENT_3D('',#660,#661,#662);
#660 = CARTESIAN_POINT('',(-14.9,35.,22.146830451115));
#661 = DIRECTION('',(0.,0.,1.));
#662 = DIRECTION('',(1.,0.,-0.));
#663 = ADVANCED_FACE('',(#664,#704),#708,.T.);
#664 = FACE_BOUND('',#665,.T.);
#665 = EDGE_LOOP('',(#666,#677,#678,#687,#696,#697));
#666 = ORIENTED_EDGE('',*,*,#667,.F.);
#667 = EDGE_CURVE('',#668,#670,#672,.T.);
#668 = VERTEX_POINT('',#669);
#669 = CARTESIAN_POINT('',(-9.933333333333,35.,18.770565523568));
#670 = VERTEX_POINT('',#671);
#671 = CARTESIAN_POINT('',(-6.833711714699,35.,20.24225663791));
#672 = CIRCLE('',#673,4.);
#673 = AXIS2_PLACEMENT_3D('',#674,#675,#676);
#674 = CARTESIAN_POINT('',(-9.933333333333,35.,22.770565523568));
#675 = DIRECTION('',(-2.449293598295E-16,-1.,0.));
#676 = DIRECTION('',(1.,-2.449293598295E-16,0.));
#677 = ORIENTED_EDGE('',*,*,#667,.T.);
#678 = ORIENTED_EDGE('',*,*,#679,.F.);
#679 = EDGE_CURVE('',#680,#670,#682,.T.);
#680 = VERTEX_POINT('',#681);
#681 = CARTESIAN_POINT('',(-8.066288285301,35.,26.30809895643));
#682 = CIRCLE('',#683,3.094902584717);
#683 = AXIS2_PLACEMENT_3D('',#684,#685,#686);
#684 = CARTESIAN_POINT('',(-7.45,35.,23.27517779717));
#685 = DIRECTION('',(0.979973060941,0.,0.199130107792));
#686 = DIRECTION('',(-0.199130107792,0.,0.979973060941));
#687 = ORIENTED_EDGE('',*,*,#688,.T.);
#688 = EDGE_CURVE('',#680,#689,#691,.T.);
#689 = VERTEX_POINT('',#690);
#690 = CARTESIAN_POINT('',(-9.933333333333,35.,26.770565523568));
#691 = CIRCLE('',#692,4.);
#692 = AXIS2_PLACEMENT_3D('',#693,#694,#695);
#693 = CARTESIAN_POINT('',(-9.933333333333,35.,22.770565523568));
#694 = DIRECTION('',(-2.449293598295E-16,-1.,0.));
#695 = DIRECTION('',(1.,-2.449293598295E-16,0.));
#696 = ORIENTED_EDGE('',*,*,#688,.F.);
#697 = ORIENTED_EDGE('',*,*,#698,.F.);
#698 = EDGE_CURVE('',#670,#680,#699,.T.);
#699 = CIRCLE('',#700,3.094902584717);
#700 = AXIS2_PLACEMENT_3D('',#701,#702,#703);
#701 = CARTESIAN_POINT('',(-7.45,35.,23.27517779717));
#702 = DIRECTION('',(0.979973060941,0.,0.199130107792));
#703 = DIRECTION('',(-0.199130107792,0.,0.979973060941));
#704 = FACE_BOUND('',#705,.T.);
#705 = EDGE_LOOP('',(#706,#707));
#706 = ORIENTED_EDGE('',*,*,#648,.T.);
#707 = ORIENTED_EDGE('',*,*,#629,.T.);
#708 = SPHERICAL_SURFACE('',#709,4.);
#709 = AXIS2_PLACEMENT_3D('',#710,#711,#712);
#710 = CARTESIAN_POINT('',(-9.933333333333,35.,22.770565523568));
#711 = DIRECTION('',(0.,0.,1.));
#712 = DIRECTION('',(1.,0.,-0.));
#713 = ADVANCED_FACE('',(#714,#754),#758,.T.);
#714 = FACE_BOUND('',#715,.T.);
#715 = EDGE_LOOP('',(#716,#727,#728,#737,#746,#747));
#716 = ORIENTED_EDGE('',*,*,#717,.F.);
#717 = EDGE_CURVE('',#718,#720,#722,.T.);
#718 = VERTEX_POINT('',#719);
#719 = CARTESIAN_POINT('',(-4.966666666667,35.,19.779790070773));
#720 = VERTEX_POINT('',#721);
#721 = CARTESIAN_POINT('',(-1.749482615587,35.,21.402874678614));
#722 = CIRCLE('',#723,4.);
#723 = AXIS2_PLACEMENT_3D('',#724,#725,#726);
#724 = CARTESIAN_POINT('',(-4.966666666667,35.,23.779790070773));
#725 = DIRECTION('',(-2.449293598295E-16,-1.,0.));
#726 = DIRECTION('',(1.,-2.449293598295E-16,0.));
#727 = ORIENTED_EDGE('',*,*,#717,.T.);
#728 = ORIENTED_EDGE('',*,*,#729,.F.);
#729 = EDGE_CURVE('',#730,#720,#732,.T.);
#730 = VERTEX_POINT('',#731);
#731 = CARTESIAN_POINT('',(-3.217184051079,35.,27.376915392159));
#732 = CIRCLE('',#733,3.075845816635);
#733 = AXIS2_PLACEMENT_3D('',#734,#735,#736);
#734 = CARTESIAN_POINT('',(-2.483333333333,35.,24.389895035386));
#735 = DIRECTION('',(0.971121614945,0.,0.23858501417));
#736 = DIRECTION('',(-0.23858501417,0.,0.971121614945));
#737 = ORIENTED_EDGE('',*,*,#738,.T.);
#738 = EDGE_CURVE('',#730,#739,#741,.T.);
#739 = VERTEX_POINT('',#740);
#740 = CARTESIAN_POINT('',(-4.966666666667,35.,27.779790070773));
#741 = CIRCLE('',#742,4.);
#742 = AXIS2_PLACEMENT_3D('',#743,#744,#745);
#743 = CARTESIAN_POINT('',(-4.966666666667,35.,23.779790070773));
#744 = DIRECTION('',(-2.449293598295E-16,-1.,0.));
#745 = DIRECTION('',(1.,-2.449293598295E-16,0.));
#746 = ORIENTED_EDGE('',*,*,#738,.F.);
#747 = ORIENTED_EDGE('',*,*,#748,.F.);
#748 = EDGE_CURVE('',#720,#730,#749,.T.);
#749 = CIRCLE('',#750,3.075845816635);
#750 = AXIS2_PLACEMENT_3D('',#751,#752,#753);
#751 = CARTESIAN_POINT('',(-2.483333333333,35.,24.389895035386));
#752 = DIRECTION('',(0.971121614945,0.,0.23858501417));
#753 = DIRECTION('',(-0.23858501417,0.,0.971121614945));
#754 = FACE_BOUND('',#755,.T.);
#755 = EDGE_LOOP('',(#756,#757));
#756 = ORIENTED_EDGE('',*,*,#698,.T.);
#757 = ORIENTED_EDGE('',*,*,#679,.T.);
#758 = SPHERICAL_SURFACE('',#759,4.);
#759 = AXIS2_PLACEMENT_3D('',#760,#761,#762);
#760 = CARTESIAN_POINT('',(-4.966666666667,35.,23.779790070773));
#761 = DIRECTION('',(0.,0.,1.));
#762 = DIRECTION('',(1.,0.,-0.));
#763 = ADVANCED_FACE('',(#764,#804),#808,.T.);
#764 = FACE_BOUND('',#765,.T.);
#765 = EDGE_LOOP('',(#766,#777,#778,#787,#796,#797));
#766 = ORIENTED_EDGE('',*,*,#767,.F.);
#767 = EDGE_CURVE('',#768,#770,#772,.T.);
#768 = VERTEX_POINT('',#769);
#769 = CARTESIAN_POINT('',(2.449293598295E-16,35.,21.));
#770 = VERTEX_POINT('',#771);
#771 = CARTESIAN_POINT('',(3.217184051079,35.,22.623084607841));
#772 = CIRCLE('',#773,4.);
#773 = AXIS2_PLACEMENT_3D('',#774,#775,#776);
#774 = CARTESIAN_POINT('',(0.,35.,25.));
#775 = DIRECTION('',(-2.449293598295E-16,-1.,0.));
#776 = DIRECTION('',(1.,-2.449293598295E-16,0.));
#777 = ORIENTED_EDGE('',*,*,#767,.T.);
#778 = ORIENTED_EDGE('',*,*,#779,.F.);
#779 = EDGE_CURVE('',#780,#770,#782,.T.);
#780 = VERTEX_POINT('',#781);
#781 = CARTESIAN_POINT('',(1.749482615587,35.,28.597125321386));
#782 = CIRCLE('',#783,3.075845816635);
#783 = AXIS2_PLACEMENT_3D('',#784,#785,#786);
#784 = CARTESIAN_POINT('',(2.483333333333,35.,25.610104964614));
#785 = DIRECTION('',(0.971121614945,0.,0.23858501417));
#786 = DIRECTION('',(-0.23858501417,0.,0.971121614945));
#787 = ORIENTED_EDGE('',*,*,#788,.T.);
#788 = EDGE_CURVE('',#780,#789,#791,.T.);
#789 = VERTEX_POINT('',#790);
#790 = CARTESIAN_POINT('',(2.449293598295E-16,35.,29.));
#791 = CIRCLE('',#792,4.);
#792 = AXIS2_PLACEMENT_3D('',#793,#794,#795);
#793 = CARTESIAN_POINT('',(0.,35.,25.));
#794 = DIRECTION('',(-2.449293598295E-16,-1.,0.));
#795 = DIRECTION('',(1.,-2.449293598295E-16,0.));
#796 = ORIENTED_EDGE('',*,*,#788,.F.);
#797 = ORIENTED_EDGE('',*,*,#798,.F.);
#798 = EDGE_CURVE('',#770,#780,#799,.T.);
#799 = CIRCLE('',#800,3.075845816635);
#800 = AXIS2_PLACEMENT_3D('',#801,#802,#803);
#801 = CARTESIAN_POINT('',(2.483333333333,35.,25.610104964614));
#802 = DIRECTION('',(0.971121614945,0.,0.23858501417));
#803 = DIRECTION('',(-0.23858501417,0.,0.971121614945));
#804 = FACE_BOUND('',#805,.T.);
#805 = EDGE_LOOP('',(#806,#807));
#806 = ORIENTED_EDGE('',*,*,#748,.T.);
#807 = ORIENTED_EDGE('',*,*,#729,.T.);
#808 = SPHERICAL_SURFACE('',#809,4.);
#809 = AXIS2_PLACEMENT_3D('',#810,#811,#812);
#810 = CARTESIAN_POINT('',(0.,35.,25.));
#811 = DIRECTION('',(0.,0.,1.));
#812 = DIRECTION('',(1.,0.,-0.));
#813 = ADVANCED_FACE('',(#814,#854),#858,.T.);
#814 = FACE_BOUND('',#815,.T.);
#815 = EDGE_LOOP('',(#816,#827,#828,#837,#846,#847));
#816 = ORIENTED_EDGE('',*,*,#817,.F.);
#817 = EDGE_CURVE('',#818,#820,#822,.T.);
#818 = VERTEX_POINT('',#819);
#819 = CARTESIAN_POINT('',(4.966666666667,35.,22.220209929227));
#820 = VERTEX_POINT('',#821);
#821 = CARTESIAN_POINT('',(8.066288285301,35.,23.69190104357));
#822 = CIRCLE('',#823,4.);
#823 = AXIS2_PLACEMENT_3D('',#824,#825,#826);
#824 = CARTESIAN_POINT('',(4.966666666667,35.,26.220209929227));
#825 = DIRECTION('',(-2.449293598295E-16,-1.,0.));
#826 = DIRECTION('',(1.,-2.449293598295E-16,0.));
#827 = ORIENTED_EDGE('',*,*,#817,.T.);
#828 = ORIENTED_EDGE('',*,*,#829,.F.);
#829 = EDGE_CURVE('',#830,#820,#832,.T.);
#830 = VERTEX_POINT('',#831);
#831 = CARTESIAN_POINT('',(6.833711714699,35.,29.75774336209));
#832 = CIRCLE('',#833,3.094902584717);
#833 = AXIS2_PLACEMENT_3D('',#834,#835,#836);
#834 = CARTESIAN_POINT('',(7.45,35.,26.72482220283));
#835 = DIRECTION('',(0.979973060941,0.,0.199130107792));
#836 = DIRECTION('',(-0.199130107792,0.,0.979973060941));
#837 = ORIENTED_EDGE('',*,*,#838,.T.);
#838 = EDGE_CURVE('',#830,#839,#841,.T.);
#839 = VERTEX_POINT('',#840);
#840 = CARTESIAN_POINT('',(4.966666666667,35.,30.220209929227));
#841 = CIRCLE('',#842,4.);
#842 = AXIS2_PLACEMENT_3D('',#843,#844,#845);
#843 = CARTESIAN_POINT('',(4.966666666667,35.,26.220209929227));
#844 = DIRECTION('',(-2.449293598295E-16,-1.,0.));
#845 = DIRECTION('',(1.,-2.449293598295E-16,0.));
#846 = ORIENTED_EDGE('',*,*,#838,.F.);
#847 = ORIENTED_EDGE('',*,*,#848,.F.);
#848 = EDGE_CURVE('',#820,#830,#849,.T.);
#849 = CIRCLE('',#850,3.094902584717);
#850 = AXIS2_PLACEMENT_3D('',#851,#852,#853);
#851 = CARTESIAN_POINT('',(7.45,35.,26.72482220283));
#852 = DIRECTION('',(0.979973060941,0.,0.199130107792));
#853 = DIRECTION('',(-0.199130107792,0.,0.979973060941));
#854 = FACE_BOUND('',#855,.T.);
#855 = EDGE_LOOP('',(#856,#857));
#856 = ORIENTED_EDGE('',*,*,#798,.T.);
#857 = ORIENTED_EDGE('',*,*,#779,.T.);
#858 = SPHERICAL_SURFACE('',#859,4.);
#859 = AXIS2_PLACEMENT_3D('',#860,#861,#862);
#860 = CARTESIAN_POINT('',(4.966666666667,35.,26.220209929227));
#861 = DIRECTION('',(0.,0.,1.));
#862 = DIRECTION('',(1.,0.,-0.));
#863 = ADVANCED_FACE('',(#864,#904),#908,.T.);
#864 = FACE_BOUND('',#865,.T.);
#865 = EDGE_LOOP('',(#866,#877,#878,#887,#896,#897));
#866 = ORIENTED_EDGE('',*,*,#867,.F.);
#867 = EDGE_CURVE('',#868,#870,#872,.T.);
#868 = VERTEX_POINT('',#869);
#869 = CARTESIAN_POINT('',(9.933333333333,35.,23.229434476432));
#870 = VERTEX_POINT('',#871);
#871 = CARTESIAN_POINT('',(12.805463619856,35.,24.445396470722));
#872 = CIRCLE('',#873,4.);
#873 = AXIS2_PLACEMENT_3D('',#874,#875,#876);
#874 = CARTESIAN_POINT('',(9.933333333333,35.,27.229434476432));
#875 = DIRECTION('',(-2.449293598295E-16,-1.,0.));
#876 = DIRECTION('',(1.,-2.449293598295E-16,0.));
#877 = ORIENTED_EDGE('',*,*,#867,.T.);
#878 = ORIENTED_EDGE('',*,*,#879,.F.);
#879 = EDGE_CURVE('',#880,#870,#882,.T.);
#880 = VERTEX_POINT('',#881);
#881 = CARTESIAN_POINT('',(12.027869713477,35.,30.637207554595));
#882 = CIRCLE('',#883,3.120223420751);
#883 = AXIS2_PLACEMENT_3D('',#884,#885,#886);
#884 = CARTESIAN_POINT('',(12.416666666667,35.,27.541302012659));
#885 = DIRECTION('',(0.992206366168,0.,0.124605485173));
#886 = DIRECTION('',(-0.124605485173,0.,0.992206366168));
#887 = ORIENTED_EDGE('',*,*,#888,.T.);
#888 = EDGE_CURVE('',#880,#889,#891,.T.);
#889 = VERTEX_POINT('',#890);
#890 = CARTESIAN_POINT('',(9.933333333333,35.,31.229434476432));
#891 = CIRCLE('',#892,4.);
#892 = AXIS2_PLACEMENT_3D('',#893,#894,#895);
#893 = CARTESIAN_POINT('',(9.933333333333,35.,27.229434476432));
#894 = DIRECTION('',(-2.449293598295E-16,-1.,0.));
#895 = DIRECTION('',(1.,-2.449293598295E-16,0.));
#896 = ORIENTED_EDGE('',*,*,#888,.F.);
#897 = ORIENTED_EDGE('',*,*,#898,.F.);
#898 = EDGE_CURVE('',#870,#880,#899,.T.);
#899 = CIRCLE('',#900,3.120223420751);
#900 = AXIS2_PLACEMENT_3D('',#901,#902,#903);
#901 = CARTESIAN_POINT('',(12.416666666667,35.,27.541302012659));
#902 = DIRECTION('',(0.992206366168,0.,0.124605485173));
#903 = DIRECTION('',(-0.124605485173,0.,0.992206366168));
#904 = FACE_BOUND('',#905,.T.);
#905 = EDGE_LOOP('',(#906,#907));
#906 = ORIENTED_EDGE('',*,*,#848,.T.);
#907 = ORIENTED_EDGE('',*,*,#829,.T.);
#908 = SPHERICAL_SURFACE('',#909,4.);
#909 = AXIS2_PLACEMENT_3D('',#910,#911,#912);
#910 = CARTESIAN_POINT('',(9.933333333333,35.,27.229434476432));
#911 = DIRECTION('',(0.,0.,1.));
#912 = DIRECTION('',(1.,0.,-0.));
#913 = ADVANCED_FACE('',(#914,#954),#958,.T.);
#914 = FACE_BOUND('',#915,.T.);
#915 = EDGE_LOOP('',(#916,#927,#928,#937,#946,#947));
#916 = ORIENTED_EDGE('',*,*,#917,.F.);
#917 = EDGE_CURVE('',#918,#920,#922,.T.);
#918 = VERTEX_POINT('',#919);
#919 = CARTESIAN_POINT('',(14.9,35.,23.853169548885));
#920 = VERTEX_POINT('',#921);
#921 = CARTESIAN_POINT('',(17.465614500189,35.,24.784355081307));
#922 = CIRCLE('',#923,4.);
#923 = AXIS2_PLACEMENT_3D('',#924,#925,#926);
#924 = CARTESIAN_POINT('',(14.9,35.,27.853169548885));
#925 = DIRECTION('',(-2.449293598295E-16,-1.,0.));
#926 = DIRECTION('',(1.,-2.449293598295E-16,0.));
#927 = ORIENTED_EDGE('',*,*,#917,.T.);
#928 = ORIENTED_EDGE('',*,*,#929,.F.);
#929 = EDGE_CURVE('',#930,#920,#932,.T.);
#930 = VERTEX_POINT('',#931);
#931 = CARTESIAN_POINT('',(17.301052166478,35.,31.052380153684));
#932 = CIRCLE('',#933,3.135092465527);
#933 = AXIS2_PLACEMENT_3D('',#934,#935,#936);
#934 = CARTESIAN_POINT('',(17.383333333333,35.,27.918367617495));
#935 = DIRECTION('',(0.999655535092,0.,2.624521214616E-02));
#936 = DIRECTION('',(-2.624521214616E-02,0.,0.999655535092));
#937 = ORIENTED_EDGE('',*,*,#938,.T.);
#938 = EDGE_CURVE('',#930,#939,#941,.T.);
#939 = VERTEX_POINT('',#940);
#940 = CARTESIAN_POINT('',(14.9,35.,31.853169548885));
#941 = CIRCLE('',#942,4.);
#942 = AXIS2_PLACEMENT_3D('',#943,#944,#945);
#943 = CARTESIAN_POINT('',(14.9,35.,27.853169548885));
#944 = DIRECTION('',(-2.449293598295E-16,-1.,0.));
#945 = DIRECTION('',(1.,-2.449293598295E-16,0.));
#946 = ORIENTED_EDGE('',*,*,#938,.F.);
#947 = ORIENTED_EDGE('',*,*,#948,.F.);
#948 = EDGE_CURVE('',#920,#930,#949,.T.);
#949 = CIRCLE('',#950,3.135092465527);
#950 = AXIS2_PLACEMENT_3D('',#951,#952,#953);
#951 = CARTESIAN_POINT('',(17.383333333333,35.,27.918367617495));
#952 = DIRECTION('',(0.999655535092,0.,2.624521214616E-02));
#953 = DIRECTION('',(-2.624521214616E-02,0.,0.999655535092));
#954 = FACE_BOUND('',#955,.T.);
#955 = EDGE_LOOP('',(#956,#957));
#956 = ORIENTED_EDGE('',*,*,#898,.T.);
#957 = ORIENTED_EDGE('',*,*,#879,.T.);
#958 = SPHERICAL_SURFACE('',#959,4.);
#959 = AXIS2_PLACEMENT_3D('',#960,#961,#962);
#960 = CARTESIAN_POINT('',(14.9,35.,27.853169548885));
#961 = DIRECTION('',(0.,0.,1.));
#962 = DIRECTION('',(1.,0.,-0.));
#963 = ADVANCED_FACE('',(#964,#1004),#1008,.T.);
#964 = FACE_BOUND('',#965,.T.);
#965 = EDGE_LOOP('',(#966,#977,#978,#987,#996,#997));
#966 = ORIENTED_EDGE('',*,*,#967,.F.);
#967 = EDGE_CURVE('',#968,#970,#972,.T.);
#968 = VERTEX_POINT('',#969);
#969 = CARTESIAN_POINT('',(19.866666666667,35.,23.983565686105));
#970 = VERTEX_POINT('',#971);
#971 = CARTESIAN_POINT('',(22.107804765814,35.,24.670364813753));
#972 = CIRCLE('',#973,4.);
#973 = AXIS2_PLACEMENT_3D('',#974,#975,#976);
#974 = CARTESIAN_POINT('',(19.866666666667,35.,27.983565686105));
#975 = DIRECTION('',(-2.449293598295E-16,-1.,0.));
#976 = DIRECTION('',(1.,-2.449293598295E-16,0.));
#977 = ORIENTED_EDGE('',*,*,#967,.T.);
#978 = ORIENTED_EDGE('',*,*,#979,.F.);
#979 = EDGE_CURVE('',#980,#970,#982,.T.);
#980 = VERTEX_POINT('',#981);
#981 = CARTESIAN_POINT('',(22.592195234186,35.,30.911277083705));
#982 = CIRCLE('',#983,3.129841053755);
#983 = AXIS2_PLACEMENT_3D('',#984,#985,#986);
#984 = CARTESIAN_POINT('',(22.35,35.,27.790820948729));
#985 = DIRECTION('',(0.997001471123,0.,-7.738259867714E-02));
#986 = DIRECTION('',(7.738259867714E-02,0.,0.997001471123));
#987 = ORIENTED_EDGE('',*,*,#988,.T.);
#988 = EDGE_CURVE('',#980,#989,#991,.T.);
#989 = VERTEX_POINT('',#990);
#990 = CARTESIAN_POINT('',(19.866666666667,35.,31.983565686105));
#991 = CIRCLE('',#992,4.);
#992 = AXIS2_PLACEMENT_3D('',#993,#994,#995);
#993 = CARTESIAN_POINT('',(19.866666666667,35.,27.983565686105));
#994 = DIRECTION('',(-2.449293598295E-16,-1.,0.));
#995 = DIRECTION('',(1.,-2.449293598295E-16,0.));
#996 = ORIENTED_EDGE('',*,*,#988,.F.);
#997 = ORIENTED_EDGE('',*,*,#998,.F.);
#998 = EDGE_CURVE('',#970,#980,#999,.T.);
#999 = CIRCLE('',#1000,3.129841053755);
#1000 = AXIS2_PLACEMENT_3D('',#1001,#1002,#1003);
#1001 = CARTESIAN_POINT('',(22.35,35.,27.790820948729));
#1002 = DIRECTION('',(0.997001471123,0.,-7.738259867714E-02));
#1003 = DIRECTION('',(7.738259867714E-02,0.,0.997001471123));
#1004 = FACE_BOUND('',#1005,.T.);
#1005 = EDGE_LOOP('',(#1006,#1007));
#1006 = ORIENTED_EDGE('',*,*,#948,.T.);
#1007 = ORIENTED_EDGE('',*,*,#929,.T.);
#1008 = SPHERICAL_SURFACE('',#1009,4.);
#1009 = AXIS2_PLACEMENT_3D('',#1010,#1011,#1012);
#1010 = CARTESIAN_POINT('',(19.866666666667,35.,27.983565686105));
#1011 = DIRECTION('',(0.,0.,1.));
#1012 = DIRECTION('',(1.,0.,-0.));
#1013 = ADVANCED_FACE('',(#1014,#1054),#1058,.T.);
#1014 = FACE_BOUND('',#1015,.T.);
#1015 = EDGE_LOOP('',(#1016,#1027,#1028,#1037,#1046,#1047));
#1016 = ORIENTED_EDGE('',*,*,#1017,.F.);
#1017 = EDGE_CURVE('',#1018,#1020,#1022,.T.);
#1018 = VERTEX_POINT('',#1019);
#1019 = CARTESIAN_POINT('',(24.833333333333,35.,23.598076211353));
#1020 = VERTEX_POINT('',#1021);
#1021 = CARTESIAN_POINT('',(26.801567716063,35.,24.115827883815));
#1022 = CIRCLE('',#1023,4.);
#1023 = AXIS2_PLACEMENT_3D('',#1024,#1025,#1026);
#1024 = CARTESIAN_POINT('',(24.833333333333,35.,27.598076211353));
#1025 = DIRECTION('',(-2.449293598295E-16,-1.,0.));
#1026 = DIRECTION('',(1.,-2.449293598295E-16,0.));
#1027 = ORIENTED_EDGE('',*,*,#1017,.T.);
#1028 = ORIENTED_EDGE('',*,*,#1029,.F.);
#1029 = EDGE_CURVE('',#1030,#1020,#1032,.T.);
#1030 = VERTEX_POINT('',#1031);
#1031 = CARTESIAN_POINT('',(27.831765617271,35.,30.245604084416));
#1032 = CIRCLE('',#1033,3.107871618371);
#1033 = AXIS2_PLACEMENT_3D('',#1034,#1035,#1036);
#1034 = CARTESIAN_POINT('',(27.316666666667,35.,27.180715984115));
#1035 = DIRECTION('',(0.986169467935,0.,-0.165740099288));
#1036 = DIRECTION('',(0.165740099288,0.,0.986169467935));
#1037 = ORIENTED_EDGE('',*,*,#1038,.T.);
#1038 = EDGE_CURVE('',#1030,#1039,#1041,.T.);
#1039 = VERTEX_POINT('',#1040);
#1040 = CARTESIAN_POINT('',(24.833333333333,35.,31.598076211353));
#1041 = CIRCLE('',#1042,4.);
#1042 = AXIS2_PLACEMENT_3D('',#1043,#1044,#1045);
#1043 = CARTESIAN_POINT('',(24.833333333333,35.,27.598076211353));
#1044 = DIRECTION('',(-2.449293598295E-16,-1.,0.));
#1045 = DIRECTION('',(1.,-2.449293598295E-16,0.));
#1046 = ORIENTED_EDGE('',*,*,#1038,.F.);
#1047 = ORIENTED_EDGE('',*,*,#1048,.F.);
#1048 = EDGE_CURVE('',#1020,#1030,#1049,.T.);
#1049 = CIRCLE('',#1050,3.107871618371);
#1050 = AXIS2_PLACEMENT_3D('',#1051,#1052,#1053);
#1051 = CARTESIAN_POINT('',(27.316666666667,35.,27.180715984115));
#1052 = DIRECTION('',(0.986169467935,0.,-0.165740099288));
#1053 = DIRECTION('',(0.165740099288,0.,0.986169467935));
#1054 = FACE_BOUND('',#1055,.T.);
#1055 = EDGE_LOOP('',(#1056,#1057));
#1056 = ORIENTED_EDGE('',*,*,#998,.T.);
#1057 = ORIENTED_EDGE('',*,*,#979,.T.);
#1058 = SPHERICAL_SURFACE('',#1059,4.);
#1059 = AXIS2_PLACEMENT_3D('',#1060,#1061,#1062);
#1060 = CARTESIAN_POINT('',(24.833333333333,35.,27.598076211353));
#1061 = DIRECTION('',(0.,0.,1.));
#1062 = DIRECTION('',(1.,0.,-0.));
#1063 = ADVANCED_FACE('',(#1064,#1104),#1108,.T.);
#1064 = FACE_BOUND('',#1065,.T.);
#1065 = EDGE_LOOP('',(#1066,#1077,#1078,#1087,#1096,#1097));
#1066 = ORIENTED_EDGE('',*,*,#1067,.F.);
#1067 = EDGE_CURVE('',#1068,#1070,#1072,.T.);
#1068 = VERTEX_POINT('',#1069);
#1069 = CARTESIAN_POINT('',(29.8,35.,22.763355756877));
#1070 = VERTEX_POINT('',#1071);
#1071 = CARTESIAN_POINT('',(31.593718519485,35.,23.188083197637));
#1072 = CIRCLE('',#1073,4.);
#1073 = AXIS2_PLACEMENT_3D('',#1074,#1075,#1076);
#1074 = CARTESIAN_POINT('',(29.8,35.,26.763355756877));
#1075 = DIRECTION('',(-2.449293598295E-16,-1.,0.));
#1076 = DIRECTION('',(1.,-2.449293598295E-16,0.));
#1077 = ORIENTED_EDGE('',*,*,#1067,.T.);
#1078 = ORIENTED_EDGE('',*,*,#1079,.F.);
#1079 = EDGE_CURVE('',#1080,#1070,#1082,.T.);
#1080 = VERTEX_POINT('',#1081);
#1081 = CARTESIAN_POINT('',(32.972948147182,35.,29.199007631694));
#1082 = CIRCLE('',#1083,3.083564776272);
#1083 = AXIS2_PLACEMENT_3D('',#1084,#1085,#1086);
#1084 = CARTESIAN_POINT('',(32.283333333333,35.,26.193545414665));
#1085 = DIRECTION('',(0.97467134148,0.,-0.223642071396));
#1086 = DIRECTION('',(0.223642071396,0.,0.97467134148));
#1087 = ORIENTED_EDGE('',*,*,#1088,.T.);
#1088 = EDGE_CURVE('',#1080,#1089,#1091,.T.);
#1089 = VERTEX_POINT('',#1090);
#1090 = CARTESIAN_POINT('',(29.8,35.,30.763355756877));
#1091 = CIRCLE('',#1092,4.);
#1092 = AXIS2_PLACEMENT_3D('',#1093,#1094,#1095);
#1093 = CARTESIAN_POINT('',(29.8,35.,26.763355756877));
#1094 = DIRECTION('',(-2.449293598295E-16,-1.,0.));
#1095 = DIRECTION('',(1.,-2.449293598295E-16,0.));
#1096 = ORIENTED_EDGE('',*,*,#1088,.F.);
#1097 = ORIENTED_EDGE('',*,*,#1098,.F.);
#1098 = EDGE_CURVE('',#1070,#1080,#1099,.T.);
#1099 = CIRCLE('',#1100,3.083564776272);
#1100 = AXIS2_PLACEMENT_3D('',#1101,#1102,#1103);
#1101 = CARTESIAN_POINT('',(32.283333333333,35.,26.193545414665));
#1102 = DIRECTION('',(0.97467134148,0.,-0.223642071396));
#1103 = DIRECTION('',(0.223642071396,0.,0.97467134148));
#1104 = FACE_BOUND('',#1105,.T.);
#1105 = EDGE_LOOP('',(#1106,#1107));
#1106 = ORIENTED_EDGE('',*,*,#1048,.T.);
#1107 = ORIENTED_EDGE('',*,*,#1029,.T.);
#1108 = SPHERICAL_SURFACE('',#1109,4.);
#1109 = AXIS2_PLACEMENT_3D('',#1110,#1111,#1112);
#1110 = CARTESIAN_POINT('',(29.8,35.,26.763355756877));
#1111 = DIRECTION('',(0.,0.,1.));
#1112 = DIRECTION('',(1.,0.,-0.));
#1113 = ADVANCED_FACE('',(#1114,#1154),#1158,.T.);
#1114 = FACE_BOUND('',#1115,.T.);
#1115 = EDGE_LOOP('',(#1116,#1127,#1128,#1137,#1146,#1147));
#1116 = ORIENTED_EDGE('',*,*,#1117,.F.);
#1117 = EDGE_CURVE('',#1118,#1120,#1122,.T.);
#1118 = VERTEX_POINT('',#1119);
#1119 = CARTESIAN_POINT('',(34.766666666667,35.,21.623735072453));
#1120 = VERTEX_POINT('',#1121);
#1121 = CARTESIAN_POINT('',(36.501383751093,35.,22.019465848741));
#1122 = CIRCLE('',#1123,4.);
#1123 = AXIS2_PLACEMENT_3D('',#1124,#1125,#1126);
#1124 = CARTESIAN_POINT('',(34.766666666667,35.,25.623735072453));
#1125 = DIRECTION('',(-2.449293598295E-16,-1.,0.));
#1126 = DIRECTION('',(1.,-2.449293598295E-16,0.));
#1127 = ORIENTED_EDGE('',*,*,#1117,.T.);
#1128 = ORIENTED_EDGE('',*,*,#1129,.F.);
#1129 = EDGE_CURVE('',#1130,#1120,#1132,.T.);
#1130 = VERTEX_POINT('',#1131);
#1131 = CARTESIAN_POINT('',(37.998616248907,35.,27.980534151259));
#1132 = CIRCLE('',#1133,3.073110820479);
#1133 = AXIS2_PLACEMENT_3D('',#1134,#1135,#1136);
#1134 = CARTESIAN_POINT('',(37.25,35.,25.));
#1135 = DIRECTION('',(0.96987525845,0.,-0.243602099839));
#1136 = DIRECTION('',(0.243602099839,0.,0.96987525845));
#1137 = ORIENTED_EDGE('',*,*,#1138,.T.);
#1138 = EDGE_CURVE('',#1130,#1139,#1141,.T.);
#1139 = VERTEX_POINT('',#1140);
#1140 = CARTESIAN_POINT('',(34.766666666667,35.,29.623735072453));
#1141 = CIRCLE('',#1142,4.);
#1142 = AXIS2_PLACEMENT_3D('',#1143,#1144,#1145);
#1143 = CARTESIAN_POINT('',(34.766666666667,35.,25.623735072453));
#1144 = DIRECTION('',(-2.449293598295E-16,-1.,0.));
#1145 = DIRECTION('',(1.,-2.449293598295E-16,0.));
#1146 = ORIENTED_EDGE('',*,*,#1138,.F.);
#1147 = ORIENTED_EDGE('',*,*,#1148,.F.);
#1148 = EDGE_CURVE('',#1120,#1130,#1149,.T.);
#1149 = CIRCLE('',#1150,3.073110820479);
#1150 = AXIS2_PLACEMENT_3D('',#1151,#1152,#1153);
#1151 = CARTESIAN_POINT('',(37.25,35.,25.));
#1152 = DIRECTION('',(0.96987525845,0.,-0.243602099839));
#1153 = DIRECTION('',(0.243602099839,0.,0.96987525845));
#1154 = FACE_BOUND('',#1155,.T.);
#1155 = EDGE_LOOP('',(#1156,#1157));
#1156 = ORIENTED_EDGE('',*,*,#1098,.T.);
#1157 = ORIENTED_EDGE('',*,*,#1079,.T.);
#1158 = SPHERICAL_SURFACE('',#1159,4.);
#1159 = AXIS2_PLACEMENT_3D('',#1160,#1161,#1162);
#1160 = CARTESIAN_POINT('',(34.766666666667,35.,25.623735072453));
#1161 = DIRECTION('',(0.,0.,1.));
#1162 = DIRECTION('',(1.,0.,-0.));
#1163 = ADVANCED_FACE('',(#1164,#1204),#1208,.T.);
#1164 = FACE_BOUND('',#1165,.T.);
#1165 = EDGE_LOOP('',(#1166,#1177,#1178,#1187,#1196,#1197));
#1166 = ORIENTED_EDGE('',*,*,#1167,.F.);
#1167 = EDGE_CURVE('',#1168,#1170,#1172,.T.);
#1168 = VERTEX_POINT('',#1169);
#1169 = CARTESIAN_POINT('',(39.733333333333,35.,20.376264927547));
#1170 = VERTEX_POINT('',#1171);
#1171 = CARTESIAN_POINT('',(41.527051852818,35.,20.800992368306));
#1172 = CIRCLE('',#1173,4.);
#1173 = AXIS2_PLACEMENT_3D('',#1174,#1175,#1176);
#1174 = CARTESIAN_POINT('',(39.733333333333,35.,24.376264927547));
#1175 = DIRECTION('',(-2.449293598295E-16,-1.,0.));
#1176 = DIRECTION('',(1.,-2.449293598295E-16,0.));
#1177 = ORIENTED_EDGE('',*,*,#1167,.T.);
#1178 = ORIENTED_EDGE('',*,*,#1179,.F.);
#1179 = EDGE_CURVE('',#1180,#1170,#1182,.T.);
#1180 = VERTEX_POINT('',#1181);
#1181 = CARTESIAN_POINT('',(42.906281480515,35.,26.811916802363));
#1182 = CIRCLE('',#1183,3.083564776272);
#1183 = AXIS2_PLACEMENT_3D('',#1184,#1185,#1186);
#1184 = CARTESIAN_POINT('',(42.216666666667,35.,23.806454585335));
#1185 = DIRECTION('',(0.97467134148,0.,-0.223642071396));
#1186 = DIRECTION('',(0.223642071396,0.,0.97467134148));
#1187 = ORIENTED_EDGE('',*,*,#1188,.T.);
#1188 = EDGE_CURVE('',#1180,#1189,#1191,.T.);
#1189 = VERTEX_POINT('',#1190);
#1190 = CARTESIAN_POINT('',(39.733333333333,35.,28.376264927547));
#1191 = CIRCLE('',#1192,4.);
#1192 = AXIS2_PLACEMENT_3D('',#1193,#1194,#1195);
#1193 = CARTESIAN_POINT('',(39.733333333333,35.,24.376264927547));
#1194 = DIRECTION('',(-2.449293598295E-16,-1.,0.));
#1195 = DIRECTION('',(1.,-2.449293598295E-16,0.));
#1196 = ORIENTED_EDGE('',*,*,#1188,.F.);
#1197 = ORIENTED_EDGE('',*,*,#1198,.F.);
#1198 = EDGE_CURVE('',#1170,#1180,#1199,.T.);
#1199 = CIRCLE('',#1200,3.083564776272);
#1200 = AXIS2_PLACEMENT_3D('',#1201,#1202,#1203);
#1201 = CARTESIAN_POINT('',(42.216666666667,35.,23.806454585335));
#1202 = DIRECTION('',(0.97467134148,0.,-0.223642071396));
#1203 = DIRECTION('',(0.223642071396,0.,0.97467134148));
#1204 = FACE_BOUND('',#1205,.T.);
#1205 = EDGE_LOOP('',(#1206,#1207));
#1206 = ORIENTED_EDGE('',*,*,#1148,.T.);
#1207 = ORIENTED_EDGE('',*,*,#1129,.T.);
#1208 = SPHERICAL_SURFACE('',#1209,4.);
#1209 = AXIS2_PLACEMENT_3D('',#1210,#1211,#1212);
#1210 = CARTESIAN_POINT('',(39.733333333333,35.,24.376264927547));
#1211 = DIRECTION('',(0.,0.,1.));
#1212 = DIRECTION('',(1.,0.,-0.));
#1213 = ADVANCED_FACE('',(#1214,#1254),#1258,.T.);
#1214 = FACE_BOUND('',#1215,.T.);
#1215 = EDGE_LOOP('',(#1216,#1227,#1228,#1237,#1246,#1247));
#1216 = ORIENTED_EDGE('',*,*,#1217,.F.);
#1217 = EDGE_CURVE('',#1218,#1220,#1222,.T.);
#1218 = VERTEX_POINT('',#1219);
#1219 = CARTESIAN_POINT('',(44.7,35.,19.236644243123));
#1220 = VERTEX_POINT('',#1221);
#1221 = CARTESIAN_POINT('',(46.668234382729,35.,19.754395915584));
#1222 = CIRCLE('',#1223,4.);
#1223 = AXIS2_PLACEMENT_3D('',#1224,#1225,#1226);
#1224 = CARTESIAN_POINT('',(44.7,35.,23.236644243123));
#1225 = DIRECTION('',(-2.449293598295E-16,-1.,0.));
#1226 = DIRECTION('',(1.,-2.449293598295E-16,0.));
#1227 = ORIENTED_EDGE('',*,*,#1217,.T.);
#1228 = ORIENTED_EDGE('',*,*,#1229,.F.);
#1229 = EDGE_CURVE('',#1230,#1220,#1232,.T.);
#1230 = VERTEX_POINT('',#1231);
#1231 = CARTESIAN_POINT('',(47.698432283937,35.,25.884172116185));
#1232 = CIRCLE('',#1233,3.107871618371);
#1233 = AXIS2_PLACEMENT_3D('',#1234,#1235,#1236);
#1234 = CARTESIAN_POINT('',(47.183333333333,35.,22.819284015885));
#1235 = DIRECTION('',(0.986169467935,0.,-0.165740099288));
#1236 = DIRECTION('',(0.165740099288,0.,0.986169467935));
#1237 = ORIENTED_EDGE('',*,*,#1238,.T.);
#1238 = EDGE_CURVE('',#1230,#1239,#1241,.T.);
#1239 = VERTEX_POINT('',#1240);
#1240 = CARTESIAN_POINT('',(44.7,35.,27.236644243123));
#1241 = CIRCLE('',#1242,4.);
#1242 = AXIS2_PLACEMENT_3D('',#1243,#1244,#1245);
#1243 = CARTESIAN_POINT('',(44.7,35.,23.236644243123));
#1244 = DIRECTION('',(-2.449293598295E-16,-1.,0.));
#1245 = DIRECTION('',(1.,-2.449293598295E-16,0.));
#1246 = ORIENTED_EDGE('',*,*,#1238,.F.);
#1247 = ORIENTED_EDGE('',*,*,#1248,.F.);
#1248 = EDGE_CURVE('',#1220,#1230,#1249,.T.);
#1249 = CIRCLE('',#1250,3.107871618371);
#1250 = AXIS2_PLACEMENT_3D('',#1251,#1252,#1253);
#1251 = CARTESIAN_POINT('',(47.183333333333,35.,22.819284015885));
#1252 = DIRECTION('',(0.986169467935,0.,-0.165740099288));
#1253 = DIRECTION('',(0.165740099288,0.,0.986169467935));
#1254 = FACE_BOUND('',#1255,.T.);
#1255 = EDGE_LOOP('',(#1256,#1257));
#1256 = ORIENTED_EDGE('',*,*,#1198,.T.);
#1257 = ORIENTED_EDGE('',*,*,#1179,.T.);
#1258 = SPHERICAL_SURFACE('',#1259,4.);
#1259 = AXIS2_PLACEMENT_3D('',#1260,#1261,#1262);
#1260 = CARTESIAN_POINT('',(44.7,35.,23.236644243123));
#1261 = DIRECTION('',(0.,0.,1.));
#1262 = DIRECTION('',(1.,0.,-0.));
#1263 = ADVANCED_FACE('',(#1264,#1304),#1308,.T.);
#1264 = FACE_BOUND('',#1265,.T.);
#1265 = EDGE_LOOP('',(#1266,#1277,#1278,#1287,#1296,#1297));
#1266 = ORIENTED_EDGE('',*,*,#1267,.F.);
#1267 = EDGE_CURVE('',#1268,#1270,#1272,.T.);
#1268 = VERTEX_POINT('',#1269);
#1269 = CARTESIAN_POINT('',(49.666666666667,35.,18.401923788647));
#1270 = VERTEX_POINT('',#1271);
#1271 = CARTESIAN_POINT('',(51.907804765814,35.,19.088722916295));
#1272 = CIRCLE('',#1273,4.);
#1273 = AXIS2_PLACEMENT_3D('',#1274,#1275,#1276);
#1274 = CARTESIAN_POINT('',(49.666666666667,35.,22.401923788647));
#1275 = DIRECTION('',(-2.449293598295E-16,-1.,0.));
#1276 = DIRECTION('',(1.,-2.449293598295E-16,0.));
#1277 = ORIENTED_EDGE('',*,*,#1267,.T.);
#1278 = ORIENTED_EDGE('',*,*,#1279,.F.);
#1279 = EDGE_CURVE('',#1280,#1270,#1282,.T.);
#1280 = VERTEX_POINT('',#1281);
#1281 = CARTESIAN_POINT('',(52.392195234186,35.,25.329635186247));
#1282 = CIRCLE('',#1283,3.129841053755);
#1283 = AXIS2_PLACEMENT_3D('',#1284,#1285,#1286);
#1284 = CARTESIAN_POINT('',(52.15,35.,22.209179051271));
#1285 = DIRECTION('',(0.997001471123,0.,-7.738259867714E-02));
#1286 = DIRECTION('',(7.738259867714E-02,0.,0.997001471123));
#1287 = ORIENTED_EDGE('',*,*,#1288,.T.);
#1288 = EDGE_CURVE('',#1280,#1289,#1291,.T.);
#1289 = VERTEX_POINT('',#1290);
#1290 = CARTESIAN_POINT('',(49.666666666667,35.,26.401923788647));
#1291 = CIRCLE('',#1292,4.);
#1292 = AXIS2_PLACEMENT_3D('',#1293,#1294,#1295);
#1293 = CARTESIAN_POINT('',(49.666666666667,35.,22.401923788647));
#1294 = DIRECTION('',(-2.449293598295E-16,-1.,0.));
#1295 = DIRECTION('',(1.,-2.449293598295E-16,0.));
#1296 = ORIENTED_EDGE('',*,*,#1288,.F.);
#1297 = ORIENTED_EDGE('',*,*,#1298,.F.);
#1298 = EDGE_CURVE('',#1270,#1280,#1299,.T.);
#1299 = CIRCLE('',#1300,3.129841053755);
#1300 = AXIS2_PLACEMENT_3D('',#1301,#1302,#1303);
#1301 = CARTESIAN_POINT('',(52.15,35.,22.209179051271));
#1302 = DIRECTION('',(0.997001471123,0.,-7.738259867714E-02));
#1303 = DIRECTION('',(7.738259867714E-02,0.,0.997001471123));
#1304 = FACE_BOUND('',#1305,.T.);
#1305 = EDGE_LOOP('',(#1306,#1307));
#1306 = ORIENTED_EDGE('',*,*,#1248,.T.);
#1307 = ORIENTED_EDGE('',*,*,#1229,.T.);
#1308 = SPHERICAL_SURFACE('',#1309,4.);
#1309 = AXIS2_PLACEMENT_3D('',#1310,#1311,#1312);
#1310 = CARTESIAN_POINT('',(49.666666666667,35.,22.401923788647));
#1311 = DIRECTION('',(0.,0.,1.));
#1312 = DIRECTION('',(1.,0.,-0.));
#1313 = ADVANCED_FACE('',(#1314,#1354),#1358,.T.);
#1314 = FACE_BOUND('',#1315,.T.);
#1315 = EDGE_LOOP('',(#1316,#1327,#1328,#1337,#1346,#1347));
#1316 = ORIENTED_EDGE('',*,*,#1317,.F.);
#1317 = EDGE_CURVE('',#1318,#1320,#1322,.T.);
#1318 = VERTEX_POINT('',#1319);
#1319 = CARTESIAN_POINT('',(54.633333333333,35.,18.016434313895));
#1320 = VERTEX_POINT('',#1321);
#1321 = CARTESIAN_POINT('',(57.198947833522,35.,18.947619846316));
#1322 = CIRCLE('',#1323,4.);
#1323 = AXIS2_PLACEMENT_3D('',#1324,#1325,#1326);
#1324 = CARTESIAN_POINT('',(54.633333333333,35.,22.016434313895));
#1325 = DIRECTION('',(-2.449293598295E-16,-1.,0.));
#1326 = DIRECTION('',(1.,-2.449293598295E-16,0.));
#1327 = ORIENTED_EDGE('',*,*,#1317,.T.);
#1328 = ORIENTED_EDGE('',*,*,#1329,.F.);
#1329 = EDGE_CURVE('',#1330,#1320,#1332,.T.);
#1330 = VERTEX_POINT('',#1331);
#1331 = CARTESIAN_POINT('',(57.034385499811,35.,25.215644918693));
#1332 = CIRCLE('',#1333,3.135092465527);
#1333 = AXIS2_PLACEMENT_3D('',#1334,#1335,#1336);
#1334 = CARTESIAN_POINT('',(57.116666666667,35.,22.081632382505));
#1335 = DIRECTION('',(0.999655535092,0.,2.624521214616E-02));
#1336 = DIRECTION('',(-2.624521214616E-02,0.,0.999655535092));
#1337 = ORIENTED_EDGE('',*,*,#1338,.T.);
#1338 = EDGE_CURVE('',#1330,#1339,#1341,.T.);
#1339 = VERTEX_POINT('',#1340);
#1340 = CARTESIAN_POINT('',(54.633333333333,35.,26.016434313895));
#1341 = CIRCLE('',#1342,4.);
#1342 = AXIS2_PLACEMENT_3D('',#1343,#1344,#1345);
#1343 = CARTESIAN_POINT('',(54.633333333333,35.,22.016434313895));
#1344 = DIRECTION('',(-2.449293598295E-16,-1.,0.));
#1345 = DIRECTION('',(1.,-2.449293598295E-16,0.));
#1346 = ORIENTED_EDGE('',*,*,#1338,.F.);
#1347 = ORIENTED_EDGE('',*,*,#1348,.F.);
#1348 = EDGE_CURVE('',#1320,#1330,#1349,.T.);
#1349 = CIRCLE('',#1350,3.135092465527);
#1350 = AXIS2_PLACEMENT_3D('',#1351,#1352,#1353);
#1351 = CARTESIAN_POINT('',(57.116666666667,35.,22.081632382505));
#1352 = DIRECTION('',(0.999655535092,0.,2.624521214616E-02));
#1353 = DIRECTION('',(-2.624521214616E-02,0.,0.999655535092));
#1354 = FACE_BOUND('',#1355,.T.);
#1355 = EDGE_LOOP('',(#1356,#1357));
#1356 = ORIENTED_EDGE('',*,*,#1298,.T.);
#1357 = ORIENTED_EDGE('',*,*,#1279,.T.);
#1358 = SPHERICAL_SURFACE('',#1359,4.);
#1359 = AXIS2_PLACEMENT_3D('',#1360,#1361,#1362);
#1360 = CARTESIAN_POINT('',(54.633333333333,35.,22.016434313895));
#1361 = DIRECTION('',(0.,0.,1.));
#1362 = DIRECTION('',(1.,0.,-0.));
#1363 = ADVANCED_FACE('',(#1364,#1404),#1408,.T.);
#1364 = FACE_BOUND('',#1365,.T.);
#1365 = EDGE_LOOP('',(#1366,#1377,#1378,#1387,#1396,#1397));
#1366 = ORIENTED_EDGE('',*,*,#1367,.F.);
#1367 = EDGE_CURVE('',#1368,#1370,#1372,.T.);
#1368 = VERTEX_POINT('',#1369);
#1369 = CARTESIAN_POINT('',(59.6,35.,18.146830451115));
#1370 = VERTEX_POINT('',#1371);
#1371 = CARTESIAN_POINT('',(62.472130286523,35.,19.362792445405));
#1372 = CIRCLE('',#1373,4.);
#1373 = AXIS2_PLACEMENT_3D('',#1374,#1375,#1376);
#1374 = CARTESIAN_POINT('',(59.6,35.,22.146830451115));
#1375 = DIRECTION('',(-2.449293598295E-16,-1.,0.));
#1376 = DIRECTION('',(1.,-2.449293598295E-16,0.));
#1377 = ORIENTED_EDGE('',*,*,#1367,.T.);
#1378 = ORIENTED_EDGE('',*,*,#1379,.F.);
#1379 = EDGE_CURVE('',#1380,#1370,#1382,.T.);
#1380 = VERTEX_POINT('',#1381);
#1381 = CARTESIAN_POINT('',(61.694536380144,35.,25.554603529278));
#1382 = CIRCLE('',#1383,3.120223420751);
#1383 = AXIS2_PLACEMENT_3D('',#1384,#1385,#1386);
#1384 = CARTESIAN_POINT('',(62.083333333333,35.,22.458697987341));
#1385 = DIRECTION('',(0.992206366168,0.,0.124605485173));
#1386 = DIRECTION('',(-0.124605485173,0.,0.992206366168));
#1387 = ORIENTED_EDGE('',*,*,#1388,.T.);
#1388 = EDGE_CURVE('',#1380,#1389,#1391,.T.);
#1389 = VERTEX_POINT('',#1390);
#1390 = CARTESIAN_POINT('',(59.6,35.,26.146830451115));
#1391 = CIRCLE('',#1392,4.);
#1392 = AXIS2_PLACEMENT_3D('',#1393,#1394,#1395);
#1393 = CARTESIAN_POINT('',(59.6,35.,22.146830451115));
#1394 = DIRECTION('',(-2.449293598295E-16,-1.,0.));
#1395 = DIRECTION('',(1.,-2.449293598295E-16,0.));
#1396 = ORIENTED_EDGE('',*,*,#1388,.F.);
#1397 = ORIENTED_EDGE('',*,*,#1398,.F.);
#1398 = EDGE_CURVE('',#1370,#1380,#1399,.T.);
#1399 = CIRCLE('',#1400,3.120223420751);
#1400 = AXIS2_PLACEMENT_3D('',#1401,#1402,#1403);
#1401 = CARTESIAN_POINT('',(62.083333333333,35.,22.458697987341));
#1402 = DIRECTION('',(0.992206366168,0.,0.124605485173));
#1403 = DIRECTION('',(-0.124605485173,0.,0.992206366168));
#1404 = FACE_BOUND('',#1405,.T.);
#1405 = EDGE_LOOP('',(#1406,#1407));
#1406 = ORIENTED_EDGE('',*,*,#1348,.T.);
#1407 = ORIENTED_EDGE('',*,*,#1329,.T.);
#1408 = SPHERICAL_SURFACE('',#1409,4.);
#1409 = AXIS2_PLACEMENT_3D('',#1410,#1411,#1412);
#1410 = CARTESIAN_POINT('',(59.6,35.,22.146830451115));
#1411 = DIRECTION('',(0.,0.,1.));
#1412 = DIRECTION('',(1.,0.,-0.));
#1413 = ADVANCED_FACE('',(#1414,#1454),#1458,.T.);
#1414 = FACE_BOUND('',#1415,.T.);
#1415 = EDGE_LOOP('',(#1416,#1427,#1428,#1437,#1446,#1447));
#1416 = ORIENTED_EDGE('',*,*,#1417,.F.);
#1417 = EDGE_CURVE('',#1418,#1420,#1422,.T.);
#1418 = VERTEX_POINT('',#1419);
#1419 = CARTESIAN_POINT('',(64.566666666667,35.,18.770565523568));
#1420 = VERTEX_POINT('',#1421);
#1421 = CARTESIAN_POINT('',(67.666288285301,35.,20.24225663791));
#1422 = CIRCLE('',#1423,4.);
#1423 = AXIS2_PLACEMENT_3D('',#1424,#1425,#1426);
#1424 = CARTESIAN_POINT('',(64.566666666667,35.,22.770565523568));
#1425 = DIRECTION('',(-2.449293598295E-16,-1.,0.));
#1426 = DIRECTION('',(1.,-2.449293598295E-16,0.));
#1427 = ORIENTED_EDGE('',*,*,#1417,.T.);
#1428 = ORIENTED_EDGE('',*,*,#1429,.F.);
#1429 = EDGE_CURVE('',#1430,#1420,#1432,.T.);
#1430 = VERTEX_POINT('',#1431);
#1431 = CARTESIAN_POINT('',(66.433711714699,35.,26.30809895643));
#1432 = CIRCLE('',#1433,3.094902584717);
#1433 = AXIS2_PLACEMENT_3D('',#1434,#1435,#1436);
#1434 = CARTESIAN_POINT('',(67.05,35.,23.27517779717));
#1435 = DIRECTION('',(0.979973060941,0.,0.199130107792));
#1436 = DIRECTION('',(-0.199130107792,0.,0.979973060941));
#1437 = ORIENTED_EDGE('',*,*,#1438,.T.);
#1438 = EDGE_CURVE('',#1430,#1439,#1441,.T.);
#1439 = VERTEX_POINT('',#1440);
#1440 = CARTESIAN_POINT('',(64.566666666667,35.,26.770565523568));
#1441 = CIRCLE('',#1442,4.);
#1442 = AXIS2_PLACEMENT_3D('',#1443,#1444,#1445);
#1443 = CARTESIAN_POINT('',(64.566666666667,35.,22.770565523568));
#1444 = DIRECTION('',(-2.449293598295E-16,-1.,0.));
#1445 = DIRECTION('',(1.,-2.449293598295E-16,0.));
#1446 = ORIENTED_EDGE('',*,*,#1438,.F.);
#1447 = ORIENTED_EDGE('',*,*,#1448,.F.);
#1448 = EDGE_CURVE('',#1420,#1430,#1449,.T.);
#1449 = CIRCLE('',#1450,3.094902584717);
#1450 = AXIS2_PLACEMENT_3D('',#1451,#1452,#1453);
#1451 = CARTESIAN_POINT('',(67.05,35.,23.27517779717));
#1452 = DIRECTION('',(0.979973060941,0.,0.199130107792));
#1453 = DIRECTION('',(-0.199130107792,0.,0.979973060941));
#1454 = FACE_BOUND('',#1455,.T.);
#1455 = EDGE_LOOP('',(#1456,#1457));
#1456 = ORIENTED_EDGE('',*,*,#1398,.T.);
#1457 = ORIENTED_EDGE('',*,*,#1379,.T.);
#1458 = SPHERICAL_SURFACE('',#1459,4.);
#1459 = AXIS2_PLACEMENT_3D('',#1460,#1461,#1462);
#1460 = CARTESIAN_POINT('',(64.566666666667,35.,22.770565523568));
#1461 = DIRECTION('',(0.,0.,1.));
#1462 = DIRECTION('',(1.,0.,-0.));
#1463 = ADVANCED_FACE('',(#1464,#1504),#1508,.T.);
#1464 = FACE_BOUND('',#1465,.T.);
#1465 = EDGE_LOOP('',(#1466,#1477,#1486,#1495,#1496,#1503));
#1466 = ORIENTED_EDGE('',*,*,#1467,.T.);
#1467 = EDGE_CURVE('',#1468,#1470,#1472,.T.);
#1468 = VERTEX_POINT('',#1469);
#1469 = CARTESIAN_POINT('',(69.533333333333,35.,19.779790070773));
#1470 = VERTEX_POINT('',#1471);
#1471 = CARTESIAN_POINT('',(72.750517384413,35.,21.402874678614));
#1472 = CIRCLE('',#1473,4.);
#1473 = AXIS2_PLACEMENT_3D('',#1474,#1475,#1476);
#1474 = CARTESIAN_POINT('',(69.533333333333,35.,23.779790070773));
#1475 = DIRECTION('',(-2.449293598295E-16,-1.,0.));
#1476 = DIRECTION('',(1.,-2.449293598295E-16,0.));
#1477 = ORIENTED_EDGE('',*,*,#1478,.F.);
#1478 = EDGE_CURVE('',#1479,#1470,#1481,.T.);
#1479 = VERTEX_POINT('',#1480);
#1480 = CARTESIAN_POINT('',(71.282815948921,35.,27.376915392159));
#1481 = CIRCLE('',#1482,3.075845816635);
#1482 = AXIS2_PLACEMENT_3D('',#1483,#1484,#1485);
#1483 = CARTESIAN_POINT('',(72.016666666667,35.,24.389895035386));
#1484 = DIRECTION('',(0.971121614945,0.,0.23858501417));
#1485 = DIRECTION('',(-0.23858501417,0.,0.971121614945));
#1486 = ORIENTED_EDGE('',*,*,#1487,.T.);
#1487 = EDGE_CURVE('',#1479,#1488,#1490,.T.);
#1488 = VERTEX_POINT('',#1489);
#1489 = CARTESIAN_POINT('',(69.533333333333,35.,27.779790070773));
#1490 = CIRCLE('',#1491,4.);
#1491 = AXIS2_PLACEMENT_3D('',#1492,#1493,#1494);
#1492 = CARTESIAN_POINT('',(69.533333333333,35.,23.779790070773));
#1493 = DIRECTION('',(-2.449293598295E-16,-1.,0.));
#1494 = DIRECTION('',(1.,-2.449293598295E-16,0.));
#1495 = ORIENTED_EDGE('',*,*,#1487,.F.);
#1496 = ORIENTED_EDGE('',*,*,#1497,.F.);
#1497 = EDGE_CURVE('',#1470,#1479,#1498,.T.);
#1498 = CIRCLE('',#1499,3.075845816635);
#1499 = AXIS2_PLACEMENT_3D('',#1500,#1501,#1502);
#1500 = CARTESIAN_POINT('',(72.016666666667,35.,24.389895035386));
#1501 = DIRECTION('',(0.971121614945,0.,0.23858501417));
#1502 = DIRECTION('',(-0.23858501417,0.,0.971121614945));
#1503 = ORIENTED_EDGE('',*,*,#1467,.F.);
#1504 = FACE_BOUND('',#1505,.T.);
#1505 = EDGE_LOOP('',(#1506,#1507));
#1506 = ORIENTED_EDGE('',*,*,#1448,.T.);
#1507 = ORIENTED_EDGE('',*,*,#1429,.T.);
#1508 = SPHERICAL_SURFACE('',#1509,4.);
#1509 = AXIS2_PLACEMENT_3D('',#1510,#1511,#1512);
#1510 = CARTESIAN_POINT('',(69.533333333333,35.,23.779790070773));
#1511 = DIRECTION('',(0.,0.,1.));
#1512 = DIRECTION('',(1.,0.,-0.));
#1513 = ADVANCED_FACE('',(#1514,#1518),#1522,.T.);
#1514 = FACE_BOUND('',#1515,.T.);
#1515 = VERTEX_LOOP('',#1516);
#1516 = VERTEX_POINT('',#1517);
#1517 = CARTESIAN_POINT('',(74.5,35.,29.));
#1518 = FACE_BOUND('',#1519,.T.);
#1519 = EDGE_LOOP('',(#1520,#1521));
#1520 = ORIENTED_EDGE('',*,*,#1497,.T.);
#1521 = ORIENTED_EDGE('',*,*,#1478,.T.);
#1522 = SPHERICAL_SURFACE('',#1523,4.);
#1523 = AXIS2_PLACEMENT_3D('',#1524,#1525,#1526);
#1524 = CARTESIAN_POINT('',(74.5,35.,25.));
#1525 = DIRECTION('',(0.,0.,1.));
#1526 = DIRECTION('',(1.,0.,-0.));
#1527 = MANIFOLD_SOLID_BREP('',#1528);
#1528 = CLOSED_SHELL('',(#1529,#1575,#1625,#1675,#1725,#1775,#1825,#1875
    ,#1925,#1975,#2025,#2075,#2125,#2175,#2225,#2275,#2325,#2375,#2425,
    #2475,#2525,#2575,#2625,#2675,#2725,#2775,#2825,#2875,#2925,#2975,
    #3025));
#1529 = ADVANCED_FACE('',(#1530),#1570,.T.);
#1530 = FACE_BOUND('',#1531,.T.);
#1531 = EDGE_LOOP('',(#1532,#1543,#1552,#1553,#1560,#1569));
#1532 = ORIENTED_EDGE('',*,*,#1533,.F.);
#1533 = EDGE_CURVE('',#1534,#1536,#1538,.T.);
#1534 = VERTEX_POINT('',#1535);
#1535 = CARTESIAN_POINT('',(-72.75051738441,-35.,28.597125321386));
#1536 = VERTEX_POINT('',#1537);
#1537 = CARTESIAN_POINT('',(-71.28281594892,-35.,22.623084607841));
#1538 = CIRCLE('',#1539,3.075845816635);
#1539 = AXIS2_PLACEMENT_3D('',#1540,#1541,#1542);
#1540 = CARTESIAN_POINT('',(-72.01666666666,-35.,25.610104964614));
#1541 = DIRECTION('',(0.971121614945,0.,0.23858501417));
#1542 = DIRECTION('',(-0.23858501417,0.,0.971121614945));
#1543 = ORIENTED_EDGE('',*,*,#1544,.T.);
#1544 = EDGE_CURVE('',#1534,#1545,#1547,.T.);
#1545 = VERTEX_POINT('',#1546);
#1546 = CARTESIAN_POINT('',(-74.5,-35.,29.));
#1547 = CIRCLE('',#1548,4.);
#1548 = AXIS2_PLACEMENT_3D('',#1549,#1550,#1551);
#1549 = CARTESIAN_POINT('',(-74.5,-35.,25.));
#1550 = DIRECTION('',(-2.449293598295E-16,-1.,0.));
#1551 = DIRECTION('',(1.,-2.449293598295E-16,0.));
#1552 = ORIENTED_EDGE('',*,*,#1544,.F.);
#1553 = ORIENTED_EDGE('',*,*,#1554,.F.);
#1554 = EDGE_CURVE('',#1536,#1534,#1555,.T.);
#1555 = CIRCLE('',#1556,3.075845816635);
#1556 = AXIS2_PLACEMENT_3D('',#1557,#1558,#1559);
#1557 = CARTESIAN_POINT('',(-72.01666666666,-35.,25.610104964614));
#1558 = DIRECTION('',(0.971121614945,0.,0.23858501417));
#1559 = DIRECTION('',(-0.23858501417,0.,0.971121614945));
#1560 = ORIENTED_EDGE('',*,*,#1561,.F.);
#1561 = EDGE_CURVE('',#1562,#1536,#1564,.T.);
#1562 = VERTEX_POINT('',#1563);
#1563 = CARTESIAN_POINT('',(-74.5,-35.,21.));
#1564 = CIRCLE('',#1565,4.);
#1565 = AXIS2_PLACEMENT_3D('',#1566,#1567,#1568);
#1566 = CARTESIAN_POINT('',(-74.5,-35.,25.));
#1567 = DIRECTION('',(-2.449293598295E-16,-1.,0.));
#1568 = DIRECTION('',(1.,-2.449293598295E-16,0.));
#1569 = ORIENTED_EDGE('',*,*,#1561,.T.);
#1570 = SPHERICAL_SURFACE('',#1571,4.);
#1571 = AXIS2_PLACEMENT_3D('',#1572,#1573,#1574);
#1572 = CARTESIAN_POINT('',(-74.5,-35.,25.));
#1573 = DIRECTION('',(0.,0.,1.));
#1574 = DIRECTION('',(1.,0.,-0.));
#1575 = ADVANCED_FACE('',(#1576,#1616),#1620,.T.);
#1576 = FACE_BOUND('',#1577,.T.);
#1577 = EDGE_LOOP('',(#1578,#1589,#1590,#1599,#1608,#1609));
#1578 = ORIENTED_EDGE('',*,*,#1579,.F.);
#1579 = EDGE_CURVE('',#1580,#1582,#1584,.T.);
#1580 = VERTEX_POINT('',#1581);
#1581 = CARTESIAN_POINT('',(-69.53333333333,-35.,22.220209929227));
#1582 = VERTEX_POINT('',#1583);
#1583 = CARTESIAN_POINT('',(-66.43371171469,-35.,23.69190104357));
#1584 = CIRCLE('',#1585,4.);
#1585 = AXIS2_PLACEMENT_3D('',#1586,#1587,#1588);
#1586 = CARTESIAN_POINT('',(-69.53333333333,-35.,26.220209929227));
#1587 = DIRECTION('',(-2.449293598295E-16,-1.,0.));
#1588 = DIRECTION('',(1.,-2.449293598295E-16,0.));
#1589 = ORIENTED_EDGE('',*,*,#1579,.T.);
#1590 = ORIENTED_EDGE('',*,*,#1591,.F.);
#1591 = EDGE_CURVE('',#1592,#1582,#1594,.T.);
#1592 = VERTEX_POINT('',#1593);
#1593 = CARTESIAN_POINT('',(-67.6662882853,-35.,29.75774336209));
#1594 = CIRCLE('',#1595,3.094902584717);
#1595 = AXIS2_PLACEMENT_3D('',#1596,#1597,#1598);
#1596 = CARTESIAN_POINT('',(-67.05,-35.,26.72482220283));
#1597 = DIRECTION('',(0.979973060941,0.,0.199130107792));
#1598 = DIRECTION('',(-0.199130107792,0.,0.979973060941));
#1599 = ORIENTED_EDGE('',*,*,#1600,.T.);
#1600 = EDGE_CURVE('',#1592,#1601,#1603,.T.);
#1601 = VERTEX_POINT('',#1602);
#1602 = CARTESIAN_POINT('',(-69.53333333333,-35.,30.220209929227));
#1603 = CIRCLE('',#1604,4.);
#1604 = AXIS2_PLACEMENT_3D('',#1605,#1606,#1607);
#1605 = CARTESIAN_POINT('',(-69.53333333333,-35.,26.220209929227));
#1606 = DIRECTION('',(-2.449293598295E-16,-1.,0.));
#1607 = DIRECTION('',(1.,-2.449293598295E-16,0.));
#1608 = ORIENTED_EDGE('',*,*,#1600,.F.);
#1609 = ORIENTED_EDGE('',*,*,#1610,.F.);
#1610 = EDGE_CURVE('',#1582,#1592,#1611,.T.);
#1611 = CIRCLE('',#1612,3.094902584717);
#1612 = AXIS2_PLACEMENT_3D('',#1613,#1614,#1615);
#1613 = CARTESIAN_POINT('',(-67.05,-35.,26.72482220283));
#1614 = DIRECTION('',(0.979973060941,0.,0.199130107792));
#1615 = DIRECTION('',(-0.199130107792,0.,0.979973060941));
#1616 = FACE_BOUND('',#1617,.T.);
#1617 = EDGE_LOOP('',(#1618,#1619));
#1618 = ORIENTED_EDGE('',*,*,#1554,.T.);
#1619 = ORIENTED_EDGE('',*,*,#1533,.T.);
#1620 = SPHERICAL_SURFACE('',#1621,4.);
#1621 = AXIS2_PLACEMENT_3D('',#1622,#1623,#1624);
#1622 = CARTESIAN_POINT('',(-69.53333333333,-35.,26.220209929227));
#1623 = DIRECTION('',(0.,0.,1.));
#1624 = DIRECTION('',(1.,0.,-0.));
#1625 = ADVANCED_FACE('',(#1626,#1666),#1670,.T.);
#1626 = FACE_BOUND('',#1627,.T.);
#1627 = EDGE_LOOP('',(#1628,#1639,#1640,#1649,#1658,#1659));
#1628 = ORIENTED_EDGE('',*,*,#1629,.F.);
#1629 = EDGE_CURVE('',#1630,#1632,#1634,.T.);
#1630 = VERTEX_POINT('',#1631);
#1631 = CARTESIAN_POINT('',(-64.56666666666,-35.,23.229434476432));
#1632 = VERTEX_POINT('',#1633);
#1633 = CARTESIAN_POINT('',(-61.69453638014,-35.,24.445396470722));
#1634 = CIRCLE('',#1635,4.);
#1635 = AXIS2_PLACEMENT_3D('',#1636,#1637,#1638);
#1636 = CARTESIAN_POINT('',(-64.56666666666,-35.,27.229434476432));
#1637 = DIRECTION('',(-2.449293598295E-16,-1.,0.));
#1638 = DIRECTION('',(1.,-2.449293598295E-16,0.));
#1639 = ORIENTED_EDGE('',*,*,#1629,.T.);
#1640 = ORIENTED_EDGE('',*,*,#1641,.F.);
#1641 = EDGE_CURVE('',#1642,#1632,#1644,.T.);
#1642 = VERTEX_POINT('',#1643);
#1643 = CARTESIAN_POINT('',(-62.47213028652,-35.,30.637207554595));
#1644 = CIRCLE('',#1645,3.120223420751);
#1645 = AXIS2_PLACEMENT_3D('',#1646,#1647,#1648);
#1646 = CARTESIAN_POINT('',(-62.08333333333,-35.,27.541302012659));
#1647 = DIRECTION('',(0.992206366168,0.,0.124605485173));
#1648 = DIRECTION('',(-0.124605485173,0.,0.992206366168));
#1649 = ORIENTED_EDGE('',*,*,#1650,.T.);
#1650 = EDGE_CURVE('',#1642,#1651,#1653,.T.);
#1651 = VERTEX_POINT('',#1652);
#1652 = CARTESIAN_POINT('',(-64.56666666666,-35.,31.229434476432));
#1653 = CIRCLE('',#1654,4.);
#1654 = AXIS2_PLACEMENT_3D('',#1655,#1656,#1657);
#1655 = CARTESIAN_POINT('',(-64.56666666666,-35.,27.229434476432));
#1656 = DIRECTION('',(-2.449293598295E-16,-1.,0.));
#1657 = DIRECTION('',(1.,-2.449293598295E-16,0.));
#1658 = ORIENTED_EDGE('',*,*,#1650,.F.);
#1659 = ORIENTED_EDGE('',*,*,#1660,.F.);
#1660 = EDGE_CURVE('',#1632,#1642,#1661,.T.);
#1661 = CIRCLE('',#1662,3.120223420751);
#1662 = AXIS2_PLACEMENT_3D('',#1663,#1664,#1665);
#1663 = CARTESIAN_POINT('',(-62.08333333333,-35.,27.541302012659));
#1664 = DIRECTION('',(0.992206366168,0.,0.124605485173));
#1665 = DIRECTION('',(-0.124605485173,0.,0.992206366168));
#1666 = FACE_BOUND('',#1667,.T.);
#1667 = EDGE_LOOP('',(#1668,#1669));
#1668 = ORIENTED_EDGE('',*,*,#1610,.T.);
#1669 = ORIENTED_EDGE('',*,*,#1591,.T.);
#1670 = SPHERICAL_SURFACE('',#1671,4.);
#1671 = AXIS2_PLACEMENT_3D('',#1672,#1673,#1674);
#1672 = CARTESIAN_POINT('',(-64.56666666666,-35.,27.229434476432));
#1673 = DIRECTION('',(0.,0.,1.));
#1674 = DIRECTION('',(1.,0.,-0.));
#1675 = ADVANCED_FACE('',(#1676,#1716),#1720,.T.);
#1676 = FACE_BOUND('',#1677,.T.);
#1677 = EDGE_LOOP('',(#1678,#1689,#1690,#1699,#1708,#1709));
#1678 = ORIENTED_EDGE('',*,*,#1679,.F.);
#1679 = EDGE_CURVE('',#1680,#1682,#1684,.T.);
#1680 = VERTEX_POINT('',#1681);
#1681 = CARTESIAN_POINT('',(-59.6,-35.,23.853169548885));
#1682 = VERTEX_POINT('',#1683);
#1683 = CARTESIAN_POINT('',(-57.03438549981,-35.,24.784355081307));
#1684 = CIRCLE('',#1685,4.);
#1685 = AXIS2_PLACEMENT_3D('',#1686,#1687,#1688);
#1686 = CARTESIAN_POINT('',(-59.6,-35.,27.853169548885));
#1687 = DIRECTION('',(-2.449293598295E-16,-1.,0.));
#1688 = DIRECTION('',(1.,-2.449293598295E-16,0.));
#1689 = ORIENTED_EDGE('',*,*,#1679,.T.);
#1690 = ORIENTED_EDGE('',*,*,#1691,.F.);
#1691 = EDGE_CURVE('',#1692,#1682,#1694,.T.);
#1692 = VERTEX_POINT('',#1693);
#1693 = CARTESIAN_POINT('',(-57.19894783352,-35.,31.052380153684));
#1694 = CIRCLE('',#1695,3.135092465527);
#1695 = AXIS2_PLACEMENT_3D('',#1696,#1697,#1698);
#1696 = CARTESIAN_POINT('',(-57.11666666666,-35.,27.918367617495));
#1697 = DIRECTION('',(0.999655535092,0.,2.624521214616E-02));
#1698 = DIRECTION('',(-2.624521214616E-02,0.,0.999655535092));
#1699 = ORIENTED_EDGE('',*,*,#1700,.T.);
#1700 = EDGE_CURVE('',#1692,#1701,#1703,.T.);
#1701 = VERTEX_POINT('',#1702);
#1702 = CARTESIAN_POINT('',(-59.6,-35.,31.853169548885));
#1703 = CIRCLE('',#1704,4.);
#1704 = AXIS2_PLACEMENT_3D('',#1705,#1706,#1707);
#1705 = CARTESIAN_POINT('',(-59.6,-35.,27.853169548885));
#1706 = DIRECTION('',(-2.449293598295E-16,-1.,0.));
#1707 = DIRECTION('',(1.,-2.449293598295E-16,0.));
#1708 = ORIENTED_EDGE('',*,*,#1700,.F.);
#1709 = ORIENTED_EDGE('',*,*,#1710,.F.);
#1710 = EDGE_CURVE('',#1682,#1692,#1711,.T.);
#1711 = CIRCLE('',#1712,3.135092465527);
#1712 = AXIS2_PLACEMENT_3D('',#1713,#1714,#1715);
#1713 = CARTESIAN_POINT('',(-57.11666666666,-35.,27.918367617495));
#1714 = DIRECTION('',(0.999655535092,0.,2.624521214616E-02));
#1715 = DIRECTION('',(-2.624521214616E-02,0.,0.999655535092));
#1716 = FACE_BOUND('',#1717,.T.);
#1717 = EDGE_LOOP('',(#1718,#1719));
#1718 = ORIENTED_EDGE('',*,*,#1660,.T.);
#1719 = ORIENTED_EDGE('',*,*,#1641,.T.);
#1720 = SPHERICAL_SURFACE('',#1721,4.);
#1721 = AXIS2_PLACEMENT_3D('',#1722,#1723,#1724);
#1722 = CARTESIAN_POINT('',(-59.6,-35.,27.853169548885));
#1723 = DIRECTION('',(0.,0.,1.));
#1724 = DIRECTION('',(1.,0.,-0.));
#1725 = ADVANCED_FACE('',(#1726,#1766),#1770,.T.);
#1726 = FACE_BOUND('',#1727,.T.);
#1727 = EDGE_LOOP('',(#1728,#1739,#1740,#1749,#1758,#1759));
#1728 = ORIENTED_EDGE('',*,*,#1729,.F.);
#1729 = EDGE_CURVE('',#1730,#1732,#1734,.T.);
#1730 = VERTEX_POINT('',#1731);
#1731 = CARTESIAN_POINT('',(-54.63333333333,-35.,23.983565686105));
#1732 = VERTEX_POINT('',#1733);
#1733 = CARTESIAN_POINT('',(-52.39219523418,-35.,24.670364813753));
#1734 = CIRCLE('',#1735,4.);
#1735 = AXIS2_PLACEMENT_3D('',#1736,#1737,#1738);
#1736 = CARTESIAN_POINT('',(-54.63333333333,-35.,27.983565686105));
#1737 = DIRECTION('',(-2.449293598295E-16,-1.,0.));
#1738 = DIRECTION('',(1.,-2.449293598295E-16,0.));
#1739 = ORIENTED_EDGE('',*,*,#1729,.T.);
#1740 = ORIENTED_EDGE('',*,*,#1741,.F.);
#1741 = EDGE_CURVE('',#1742,#1732,#1744,.T.);
#1742 = VERTEX_POINT('',#1743);
#1743 = CARTESIAN_POINT('',(-51.90780476581,-35.,30.911277083705));
#1744 = CIRCLE('',#1745,3.129841053755);
#1745 = AXIS2_PLACEMENT_3D('',#1746,#1747,#1748);
#1746 = CARTESIAN_POINT('',(-52.15,-35.,27.790820948729));
#1747 = DIRECTION('',(0.997001471123,0.,-7.738259867714E-02));
#1748 = DIRECTION('',(7.738259867714E-02,0.,0.997001471123));
#1749 = ORIENTED_EDGE('',*,*,#1750,.T.);
#1750 = EDGE_CURVE('',#1742,#1751,#1753,.T.);
#1751 = VERTEX_POINT('',#1752);
#1752 = CARTESIAN_POINT('',(-54.63333333333,-35.,31.983565686105));
#1753 = CIRCLE('',#1754,4.);
#1754 = AXIS2_PLACEMENT_3D('',#1755,#1756,#1757);
#1755 = CARTESIAN_POINT('',(-54.63333333333,-35.,27.983565686105));
#1756 = DIRECTION('',(-2.449293598295E-16,-1.,0.));
#1757 = DIRECTION('',(1.,-2.449293598295E-16,0.));
#1758 = ORIENTED_EDGE('',*,*,#1750,.F.);
#1759 = ORIENTED_EDGE('',*,*,#1760,.F.);
#1760 = EDGE_CURVE('',#1732,#1742,#1761,.T.);
#1761 = CIRCLE('',#1762,3.129841053755);
#1762 = AXIS2_PLACEMENT_3D('',#1763,#1764,#1765);
#1763 = CARTESIAN_POINT('',(-52.15,-35.,27.790820948729));
#1764 = DIRECTION('',(0.997001471123,0.,-7.738259867714E-02));
#1765 = DIRECTION('',(7.738259867714E-02,0.,0.997001471123));
#1766 = FACE_BOUND('',#1767,.T.);
#1767 = EDGE_LOOP('',(#1768,#1769));
#1768 = ORIENTED_EDGE('',*,*,#1710,.T.);
#1769 = ORIENTED_EDGE('',*,*,#1691,.T.);
#1770 = SPHERICAL_SURFACE('',#1771,4.);
#1771 = AXIS2_PLACEMENT_3D('',#1772,#1773,#1774);
#1772 = CARTESIAN_POINT('',(-54.63333333333,-35.,27.983565686105));
#1773 = DIRECTION('',(0.,0.,1.));
#1774 = DIRECTION('',(1.,0.,-0.));
#1775 = ADVANCED_FACE('',(#1776,#1816),#1820,.T.);
#1776 = FACE_BOUND('',#1777,.T.);
#1777 = EDGE_LOOP('',(#1778,#1789,#1790,#1799,#1808,#1809));
#1778 = ORIENTED_EDGE('',*,*,#1779,.F.);
#1779 = EDGE_CURVE('',#1780,#1782,#1784,.T.);
#1780 = VERTEX_POINT('',#1781);
#1781 = CARTESIAN_POINT('',(-49.66666666666,-35.,23.598076211353));
#1782 = VERTEX_POINT('',#1783);
#1783 = CARTESIAN_POINT('',(-47.69843228393,-35.,24.115827883815));
#1784 = CIRCLE('',#1785,4.);
#1785 = AXIS2_PLACEMENT_3D('',#1786,#1787,#1788);
#1786 = CARTESIAN_POINT('',(-49.66666666666,-35.,27.598076211353));
#1787 = DIRECTION('',(-2.449293598295E-16,-1.,0.));
#1788 = DIRECTION('',(1.,-2.449293598295E-16,0.));
#1789 = ORIENTED_EDGE('',*,*,#1779,.T.);
#1790 = ORIENTED_EDGE('',*,*,#1791,.F.);
#1791 = EDGE_CURVE('',#1792,#1782,#1794,.T.);
#1792 = VERTEX_POINT('',#1793);
#1793 = CARTESIAN_POINT('',(-46.66823438272,-35.,30.245604084416));
#1794 = CIRCLE('',#1795,3.107871618371);
#1795 = AXIS2_PLACEMENT_3D('',#1796,#1797,#1798);
#1796 = CARTESIAN_POINT('',(-47.18333333333,-35.,27.180715984115));
#1797 = DIRECTION('',(0.986169467935,0.,-0.165740099288));
#1798 = DIRECTION('',(0.165740099288,0.,0.986169467935));
#1799 = ORIENTED_EDGE('',*,*,#1800,.T.);
#1800 = EDGE_CURVE('',#1792,#1801,#1803,.T.);
#1801 = VERTEX_POINT('',#1802);
#1802 = CARTESIAN_POINT('',(-49.66666666666,-35.,31.598076211353));
#1803 = CIRCLE('',#1804,4.);
#1804 = AXIS2_PLACEMENT_3D('',#1805,#1806,#1807);
#1805 = CARTESIAN_POINT('',(-49.66666666666,-35.,27.598076211353));
#1806 = DIRECTION('',(-2.449293598295E-16,-1.,0.));
#1807 = DIRECTION('',(1.,-2.449293598295E-16,0.));
#1808 = ORIENTED_EDGE('',*,*,#1800,.F.);
#1809 = ORIENTED_EDGE('',*,*,#1810,.F.);
#1810 = EDGE_CURVE('',#1782,#1792,#1811,.T.);
#1811 = CIRCLE('',#1812,3.107871618371);
#1812 = AXIS2_PLACEMENT_3D('',#1813,#1814,#1815);
#1813 = CARTESIAN_POINT('',(-47.18333333333,-35.,27.180715984115));
#1814 = DIRECTION('',(0.986169467935,0.,-0.165740099288));
#1815 = DIRECTION('',(0.165740099288,0.,0.986169467935));
#1816 = FACE_BOUND('',#1817,.T.);
#1817 = EDGE_LOOP('',(#1818,#1819));
#1818 = ORIENTED_EDGE('',*,*,#1760,.T.);
#1819 = ORIENTED_EDGE('',*,*,#1741,.T.);
#1820 = SPHERICAL_SURFACE('',#1821,4.);
#1821 = AXIS2_PLACEMENT_3D('',#1822,#1823,#1824);
#1822 = CARTESIAN_POINT('',(-49.66666666666,-35.,27.598076211353));
#1823 = DIRECTION('',(0.,0.,1.));
#1824 = DIRECTION('',(1.,0.,-0.));
#1825 = ADVANCED_FACE('',(#1826,#1866),#1870,.T.);
#1826 = FACE_BOUND('',#1827,.T.);
#1827 = EDGE_LOOP('',(#1828,#1839,#1840,#1849,#1858,#1859));
#1828 = ORIENTED_EDGE('',*,*,#1829,.F.);
#1829 = EDGE_CURVE('',#1830,#1832,#1834,.T.);
#1830 = VERTEX_POINT('',#1831);
#1831 = CARTESIAN_POINT('',(-44.7,-35.,22.763355756877));
#1832 = VERTEX_POINT('',#1833);
#1833 = CARTESIAN_POINT('',(-42.90628148051,-35.,23.188083197637));
#1834 = CIRCLE('',#1835,4.);
#1835 = AXIS2_PLACEMENT_3D('',#1836,#1837,#1838);
#1836 = CARTESIAN_POINT('',(-44.7,-35.,26.763355756877));
#1837 = DIRECTION('',(-2.449293598295E-16,-1.,0.));
#1838 = DIRECTION('',(1.,-2.449293598295E-16,0.));
#1839 = ORIENTED_EDGE('',*,*,#1829,.T.);
#1840 = ORIENTED_EDGE('',*,*,#1841,.F.);
#1841 = EDGE_CURVE('',#1842,#1832,#1844,.T.);
#1842 = VERTEX_POINT('',#1843);
#1843 = CARTESIAN_POINT('',(-41.52705185281,-35.,29.199007631694));
#1844 = CIRCLE('',#1845,3.083564776272);
#1845 = AXIS2_PLACEMENT_3D('',#1846,#1847,#1848);
#1846 = CARTESIAN_POINT('',(-42.21666666666,-35.,26.193545414665));
#1847 = DIRECTION('',(0.97467134148,0.,-0.223642071396));
#1848 = DIRECTION('',(0.223642071396,0.,0.97467134148));
#1849 = ORIENTED_EDGE('',*,*,#1850,.T.);
#1850 = EDGE_CURVE('',#1842,#1851,#1853,.T.);
#1851 = VERTEX_POINT('',#1852);
#1852 = CARTESIAN_POINT('',(-44.7,-35.,30.763355756877));
#1853 = CIRCLE('',#1854,4.);
#1854 = AXIS2_PLACEMENT_3D('',#1855,#1856,#1857);
#1855 = CARTESIAN_POINT('',(-44.7,-35.,26.763355756877));
#1856 = DIRECTION('',(-2.449293598295E-16,-1.,0.));
#1857 = DIRECTION('',(1.,-2.449293598295E-16,0.));
#1858 = ORIENTED_EDGE('',*,*,#1850,.F.);
#1859 = ORIENTED_EDGE('',*,*,#1860,.F.);
#1860 = EDGE_CURVE('',#1832,#1842,#1861,.T.);
#1861 = CIRCLE('',#1862,3.083564776272);
#1862 = AXIS2_PLACEMENT_3D('',#1863,#1864,#1865);
#1863 = CARTESIAN_POINT('',(-42.21666666666,-35.,26.193545414665));
#1864 = DIRECTION('',(0.97467134148,0.,-0.223642071396));
#1865 = DIRECTION('',(0.223642071396,0.,0.97467134148));
#1866 = FACE_BOUND('',#1867,.T.);
#1867 = EDGE_LOOP('',(#1868,#1869));
#1868 = ORIENTED_EDGE('',*,*,#1810,.T.);
#1869 = ORIENTED_EDGE('',*,*,#1791,.T.);
#1870 = SPHERICAL_SURFACE('',#1871,4.);
#1871 = AXIS2_PLACEMENT_3D('',#1872,#1873,#1874);
#1872 = CARTESIAN_POINT('',(-44.7,-35.,26.763355756877));
#1873 = DIRECTION('',(0.,0.,1.));
#1874 = DIRECTION('',(1.,0.,-0.));
#1875 = ADVANCED_FACE('',(#1876,#1916),#1920,.T.);
#1876 = FACE_BOUND('',#1877,.T.);
#1877 = EDGE_LOOP('',(#1878,#1889,#1890,#1899,#1908,#1909));
#1878 = ORIENTED_EDGE('',*,*,#1879,.F.);
#1879 = EDGE_CURVE('',#1880,#1882,#1884,.T.);
#1880 = VERTEX_POINT('',#1881);
#1881 = CARTESIAN_POINT('',(-39.73333333333,-35.,21.623735072453));
#1882 = VERTEX_POINT('',#1883);
#1883 = CARTESIAN_POINT('',(-37.9986162489,-35.,22.019465848741));
#1884 = CIRCLE('',#1885,4.);
#1885 = AXIS2_PLACEMENT_3D('',#1886,#1887,#1888);
#1886 = CARTESIAN_POINT('',(-39.73333333333,-35.,25.623735072453));
#1887 = DIRECTION('',(-2.449293598295E-16,-1.,0.));
#1888 = DIRECTION('',(1.,-2.449293598295E-16,0.));
#1889 = ORIENTED_EDGE('',*,*,#1879,.T.);
#1890 = ORIENTED_EDGE('',*,*,#1891,.F.);
#1891 = EDGE_CURVE('',#1892,#1882,#1894,.T.);
#1892 = VERTEX_POINT('',#1893);
#1893 = CARTESIAN_POINT('',(-36.50138375109,-35.,27.980534151259));
#1894 = CIRCLE('',#1895,3.073110820479);
#1895 = AXIS2_PLACEMENT_3D('',#1896,#1897,#1898);
#1896 = CARTESIAN_POINT('',(-37.25,-35.,25.));
#1897 = DIRECTION('',(0.96987525845,0.,-0.243602099839));
#1898 = DIRECTION('',(0.243602099839,0.,0.96987525845));
#1899 = ORIENTED_EDGE('',*,*,#1900,.T.);
#1900 = EDGE_CURVE('',#1892,#1901,#1903,.T.);
#1901 = VERTEX_POINT('',#1902);
#1902 = CARTESIAN_POINT('',(-39.73333333333,-35.,29.623735072453));
#1903 = CIRCLE('',#1904,4.);
#1904 = AXIS2_PLACEMENT_3D('',#1905,#1906,#1907);
#1905 = CARTESIAN_POINT('',(-39.73333333333,-35.,25.623735072453));
#1906 = DIRECTION('',(-2.449293598295E-16,-1.,0.));
#1907 = DIRECTION('',(1.,-2.449293598295E-16,0.));
#1908 = ORIENTED_EDGE('',*,*,#1900,.F.);
#1909 = ORIENTED_EDGE('',*,*,#1910,.F.);
#1910 = EDGE_CURVE('',#1882,#1892,#1911,.T.);
#1911 = CIRCLE('',#1912,3.073110820479);
#1912 = AXIS2_PLACEMENT_3D('',#1913,#1914,#1915);
#1913 = CARTESIAN_POINT('',(-37.25,-35.,25.));
#1914 = DIRECTION('',(0.96987525845,0.,-0.243602099839));
#1915 = DIRECTION('',(0.243602099839,0.,0.96987525845));
#1916 = FACE_BOUND('',#1917,.T.);
#1917 = EDGE_LOOP('',(#1918,#1919));
#1918 = ORIENTED_EDGE('',*,*,#1860,.T.);
#1919 = ORIENTED_EDGE('',*,*,#1841,.T.);
#1920 = SPHERICAL_SURFACE('',#1921,4.);
#1921 = AXIS2_PLACEMENT_3D('',#1922,#1923,#1924);
#1922 = CARTESIAN_POINT('',(-39.73333333333,-35.,25.623735072453));
#1923 = DIRECTION('',(0.,0.,1.));
#1924 = DIRECTION('',(1.,0.,-0.));
#1925 = ADVANCED_FACE('',(#1926,#1966),#1970,.T.);
#1926 = FACE_BOUND('',#1927,.T.);
#1927 = EDGE_LOOP('',(#1928,#1939,#1940,#1949,#1958,#1959));
#1928 = ORIENTED_EDGE('',*,*,#1929,.F.);
#1929 = EDGE_CURVE('',#1930,#1932,#1934,.T.);
#1930 = VERTEX_POINT('',#1931);
#1931 = CARTESIAN_POINT('',(-34.76666666666,-35.,20.376264927547));
#1932 = VERTEX_POINT('',#1933);
#1933 = CARTESIAN_POINT('',(-32.97294814718,-35.,20.800992368306));
#1934 = CIRCLE('',#1935,4.);
#1935 = AXIS2_PLACEMENT_3D('',#1936,#1937,#1938);
#1936 = CARTESIAN_POINT('',(-34.76666666666,-35.,24.376264927547));
#1937 = DIRECTION('',(-2.449293598295E-16,-1.,0.));
#1938 = DIRECTION('',(1.,-2.449293598295E-16,0.));
#1939 = ORIENTED_EDGE('',*,*,#1929,.T.);
#1940 = ORIENTED_EDGE('',*,*,#1941,.F.);
#1941 = EDGE_CURVE('',#1942,#1932,#1944,.T.);
#1942 = VERTEX_POINT('',#1943);
#1943 = CARTESIAN_POINT('',(-31.59371851948,-35.,26.811916802363));
#1944 = CIRCLE('',#1945,3.083564776272);
#1945 = AXIS2_PLACEMENT_3D('',#1946,#1947,#1948);
#1946 = CARTESIAN_POINT('',(-32.28333333333,-35.,23.806454585335));
#1947 = DIRECTION('',(0.97467134148,0.,-0.223642071396));
#1948 = DIRECTION('',(0.223642071396,0.,0.97467134148));
#1949 = ORIENTED_EDGE('',*,*,#1950,.T.);
#1950 = EDGE_CURVE('',#1942,#1951,#1953,.T.);
#1951 = VERTEX_POINT('',#1952);
#1952 = CARTESIAN_POINT('',(-34.76666666666,-35.,28.376264927547));
#1953 = CIRCLE('',#1954,4.);
#1954 = AXIS2_PLACEMENT_3D('',#1955,#1956,#1957);
#1955 = CARTESIAN_POINT('',(-34.76666666666,-35.,24.376264927547));
#1956 = DIRECTION('',(-2.449293598295E-16,-1.,0.));
#1957 = DIRECTION('',(1.,-2.449293598295E-16,0.));
#1958 = ORIENTED_EDGE('',*,*,#1950,.F.);
#1959 = ORIENTED_EDGE('',*,*,#1960,.F.);
#1960 = EDGE_CURVE('',#1932,#1942,#1961,.T.);
#1961 = CIRCLE('',#1962,3.083564776272);
#1962 = AXIS2_PLACEMENT_3D('',#1963,#1964,#1965);
#1963 = CARTESIAN_POINT('',(-32.28333333333,-35.,23.806454585335));
#1964 = DIRECTION('',(0.97467134148,0.,-0.223642071396));
#1965 = DIRECTION('',(0.223642071396,0.,0.97467134148));
#1966 = FACE_BOUND('',#1967,.T.);
#1967 = EDGE_LOOP('',(#1968,#1969));
#1968 = ORIENTED_EDGE('',*,*,#1910,.T.);
#1969 = ORIENTED_EDGE('',*,*,#1891,.T.);
#1970 = SPHERICAL_SURFACE('',#1971,4.);
#1971 = AXIS2_PLACEMENT_3D('',#1972,#1973,#1974);
#1972 = CARTESIAN_POINT('',(-34.76666666666,-35.,24.376264927547));
#1973 = DIRECTION('',(0.,0.,1.));
#1974 = DIRECTION('',(1.,0.,-0.));
#1975 = ADVANCED_FACE('',(#1976,#2016),#2020,.T.);
#1976 = FACE_BOUND('',#1977,.T.);
#1977 = EDGE_LOOP('',(#1978,#1989,#1990,#1999,#2008,#2009));
#1978 = ORIENTED_EDGE('',*,*,#1979,.F.);
#1979 = EDGE_CURVE('',#1980,#1982,#1984,.T.);
#1980 = VERTEX_POINT('',#1981);
#1981 = CARTESIAN_POINT('',(-29.8,-35.,19.236644243123));
#1982 = VERTEX_POINT('',#1983);
#1983 = CARTESIAN_POINT('',(-27.83176561727,-35.,19.754395915584));
#1984 = CIRCLE('',#1985,4.);
#1985 = AXIS2_PLACEMENT_3D('',#1986,#1987,#1988);
#1986 = CARTESIAN_POINT('',(-29.8,-35.,23.236644243123));
#1987 = DIRECTION('',(-2.449293598295E-16,-1.,0.));
#1988 = DIRECTION('',(1.,-2.449293598295E-16,0.));
#1989 = ORIENTED_EDGE('',*,*,#1979,.T.);
#1990 = ORIENTED_EDGE('',*,*,#1991,.F.);
#1991 = EDGE_CURVE('',#1992,#1982,#1994,.T.);
#1992 = VERTEX_POINT('',#1993);
#1993 = CARTESIAN_POINT('',(-26.80156771606,-35.,25.884172116185));
#1994 = CIRCLE('',#1995,3.107871618371);
#1995 = AXIS2_PLACEMENT_3D('',#1996,#1997,#1998);
#1996 = CARTESIAN_POINT('',(-27.31666666666,-35.,22.819284015885));
#1997 = DIRECTION('',(0.986169467935,0.,-0.165740099288));
#1998 = DIRECTION('',(0.165740099288,0.,0.986169467935));
#1999 = ORIENTED_EDGE('',*,*,#2000,.T.);
#2000 = EDGE_CURVE('',#1992,#2001,#2003,.T.);
#2001 = VERTEX_POINT('',#2002);
#2002 = CARTESIAN_POINT('',(-29.8,-35.,27.236644243123));
#2003 = CIRCLE('',#2004,4.);
#2004 = AXIS2_PLACEMENT_3D('',#2005,#2006,#2007);
#2005 = CARTESIAN_POINT('',(-29.8,-35.,23.236644243123));
#2006 = DIRECTION('',(-2.449293598295E-16,-1.,0.));
#2007 = DIRECTION('',(1.,-2.449293598295E-16,0.));
#2008 = ORIENTED_EDGE('',*,*,#2000,.F.);
#2009 = ORIENTED_EDGE('',*,*,#2010,.F.);
#2010 = EDGE_CURVE('',#1982,#1992,#2011,.T.);
#2011 = CIRCLE('',#2012,3.107871618371);
#2012 = AXIS2_PLACEMENT_3D('',#2013,#2014,#2015);
#2013 = CARTESIAN_POINT('',(-27.31666666666,-35.,22.819284015885));
#2014 = DIRECTION('',(0.986169467935,0.,-0.165740099288));
#2015 = DIRECTION('',(0.165740099288,0.,0.986169467935));
#2016 = FACE_BOUND('',#2017,.T.);
#2017 = EDGE_LOOP('',(#2018,#2019));
#2018 = ORIENTED_EDGE('',*,*,#1960,.T.);
#2019 = ORIENTED_EDGE('',*,*,#1941,.T.);
#2020 = SPHERICAL_SURFACE('',#2021,4.);
#2021 = AXIS2_PLACEMENT_3D('',#2022,#2023,#2024);
#2022 = CARTESIAN_POINT('',(-29.8,-35.,23.236644243123));
#2023 = DIRECTION('',(0.,0.,1.));
#2024 = DIRECTION('',(1.,0.,-0.));
#2025 = ADVANCED_FACE('',(#2026,#2066),#2070,.T.);
#2026 = FACE_BOUND('',#2027,.T.);
#2027 = EDGE_LOOP('',(#2028,#2039,#2040,#2049,#2058,#2059));
#2028 = ORIENTED_EDGE('',*,*,#2029,.F.);
#2029 = EDGE_CURVE('',#2030,#2032,#2034,.T.);
#2030 = VERTEX_POINT('',#2031);
#2031 = CARTESIAN_POINT('',(-24.83333333333,-35.,18.401923788647));
#2032 = VERTEX_POINT('',#2033);
#2033 = CARTESIAN_POINT('',(-22.59219523418,-35.,19.088722916295));
#2034 = CIRCLE('',#2035,4.);
#2035 = AXIS2_PLACEMENT_3D('',#2036,#2037,#2038);
#2036 = CARTESIAN_POINT('',(-24.83333333333,-35.,22.401923788647));
#2037 = DIRECTION('',(-2.449293598295E-16,-1.,0.));
#2038 = DIRECTION('',(1.,-2.449293598295E-16,0.));
#2039 = ORIENTED_EDGE('',*,*,#2029,.T.);
#2040 = ORIENTED_EDGE('',*,*,#2041,.F.);
#2041 = EDGE_CURVE('',#2042,#2032,#2044,.T.);
#2042 = VERTEX_POINT('',#2043);
#2043 = CARTESIAN_POINT('',(-22.10780476581,-35.,25.329635186247));
#2044 = CIRCLE('',#2045,3.129841053755);
#2045 = AXIS2_PLACEMENT_3D('',#2046,#2047,#2048);
#2046 = CARTESIAN_POINT('',(-22.35,-35.,22.209179051271));
#2047 = DIRECTION('',(0.997001471123,0.,-7.738259867714E-02));
#2048 = DIRECTION('',(7.738259867714E-02,0.,0.997001471123));
#2049 = ORIENTED_EDGE('',*,*,#2050,.T.);
#2050 = EDGE_CURVE('',#2042,#2051,#2053,.T.);
#2051 = VERTEX_POINT('',#2052);
#2052 = CARTESIAN_POINT('',(-24.83333333333,-35.,26.401923788647));
#2053 = CIRCLE('',#2054,4.);
#2054 = AXIS2_PLACEMENT_3D('',#2055,#2056,#2057);
#2055 = CARTESIAN_POINT('',(-24.83333333333,-35.,22.401923788647));
#2056 = DIRECTION('',(-2.449293598295E-16,-1.,0.));
#2057 = DIRECTION('',(1.,-2.449293598295E-16,0.));
#2058 = ORIENTED_EDGE('',*,*,#2050,.F.);
#2059 = ORIENTED_EDGE('',*,*,#2060,.F.);
#2060 = EDGE_CURVE('',#2032,#2042,#2061,.T.);
#2061 = CIRCLE('',#2062,3.129841053755);
#2062 = AXIS2_PLACEMENT_3D('',#2063,#2064,#2065);
#2063 = CARTESIAN_POINT('',(-22.35,-35.,22.209179051271));
#2064 = DIRECTION('',(0.997001471123,0.,-7.738259867714E-02));
#2065 = DIRECTION('',(7.738259867714E-02,0.,0.997001471123));
#2066 = FACE_BOUND('',#2067,.T.);
#2067 = EDGE_LOOP('',(#2068,#2069));
#2068 = ORIENTED_EDGE('',*,*,#2010,.T.);
#2069 = ORIENTED_EDGE('',*,*,#1991,.T.);
#2070 = SPHERICAL_SURFACE('',#2071,4.);
#2071 = AXIS2_PLACEMENT_3D('',#2072,#2073,#2074);
#2072 = CARTESIAN_POINT('',(-24.83333333333,-35.,22.401923788647));
#2073 = DIRECTION('',(0.,0.,1.));
#2074 = DIRECTION('',(1.,0.,-0.));
#2075 = ADVANCED_FACE('',(#2076,#2116),#2120,.T.);
#2076 = FACE_BOUND('',#2077,.T.);
#2077 = EDGE_LOOP('',(#2078,#2089,#2090,#2099,#2108,#2109));
#2078 = ORIENTED_EDGE('',*,*,#2079,.F.);
#2079 = EDGE_CURVE('',#2080,#2082,#2084,.T.);
#2080 = VERTEX_POINT('',#2081);
#2081 = CARTESIAN_POINT('',(-19.86666666666,-35.,18.016434313895));
#2082 = VERTEX_POINT('',#2083);
#2083 = CARTESIAN_POINT('',(-17.30105216647,-35.,18.947619846316));
#2084 = CIRCLE('',#2085,4.);
#2085 = AXIS2_PLACEMENT_3D('',#2086,#2087,#2088);
#2086 = CARTESIAN_POINT('',(-19.86666666666,-35.,22.016434313895));
#2087 = DIRECTION('',(-2.449293598295E-16,-1.,0.));
#2088 = DIRECTION('',(1.,-2.449293598295E-16,0.));
#2089 = ORIENTED_EDGE('',*,*,#2079,.T.);
#2090 = ORIENTED_EDGE('',*,*,#2091,.F.);
#2091 = EDGE_CURVE('',#2092,#2082,#2094,.T.);
#2092 = VERTEX_POINT('',#2093);
#2093 = CARTESIAN_POINT('',(-17.46561450018,-35.,25.215644918693));
#2094 = CIRCLE('',#2095,3.135092465527);
#2095 = AXIS2_PLACEMENT_3D('',#2096,#2097,#2098);
#2096 = CARTESIAN_POINT('',(-17.38333333333,-35.,22.081632382505));
#2097 = DIRECTION('',(0.999655535092,0.,2.624521214615E-02));
#2098 = DIRECTION('',(-2.624521214615E-02,0.,0.999655535092));
#2099 = ORIENTED_EDGE('',*,*,#2100,.T.);
#2100 = EDGE_CURVE('',#2092,#2101,#2103,.T.);
#2101 = VERTEX_POINT('',#2102);
#2102 = CARTESIAN_POINT('',(-19.86666666666,-35.,26.016434313895));
#2103 = CIRCLE('',#2104,4.);
#2104 = AXIS2_PLACEMENT_3D('',#2105,#2106,#2107);
#2105 = CARTESIAN_POINT('',(-19.86666666666,-35.,22.016434313895));
#2106 = DIRECTION('',(-2.449293598295E-16,-1.,0.));
#2107 = DIRECTION('',(1.,-2.449293598295E-16,0.));
#2108 = ORIENTED_EDGE('',*,*,#2100,.F.);
#2109 = ORIENTED_EDGE('',*,*,#2110,.F.);
#2110 = EDGE_CURVE('',#2082,#2092,#2111,.T.);
#2111 = CIRCLE('',#2112,3.135092465527);
#2112 = AXIS2_PLACEMENT_3D('',#2113,#2114,#2115);
#2113 = CARTESIAN_POINT('',(-17.38333333333,-35.,22.081632382505));
#2114 = DIRECTION('',(0.999655535092,0.,2.624521214615E-02));
#2115 = DIRECTION('',(-2.624521214615E-02,0.,0.999655535092));
#2116 = FACE_BOUND('',#2117,.T.);
#2117 = EDGE_LOOP('',(#2118,#2119));
#2118 = ORIENTED_EDGE('',*,*,#2060,.T.);
#2119 = ORIENTED_EDGE('',*,*,#2041,.T.);
#2120 = SPHERICAL_SURFACE('',#2121,4.);
#2121 = AXIS2_PLACEMENT_3D('',#2122,#2123,#2124);
#2122 = CARTESIAN_POINT('',(-19.86666666666,-35.,22.016434313895));
#2123 = DIRECTION('',(0.,0.,1.));
#2124 = DIRECTION('',(1.,0.,-0.));
#2125 = ADVANCED_FACE('',(#2126,#2166),#2170,.T.);
#2126 = FACE_BOUND('',#2127,.T.);
#2127 = EDGE_LOOP('',(#2128,#2139,#2140,#2149,#2158,#2159));
#2128 = ORIENTED_EDGE('',*,*,#2129,.F.);
#2129 = EDGE_CURVE('',#2130,#2132,#2134,.T.);
#2130 = VERTEX_POINT('',#2131);
#2131 = CARTESIAN_POINT('',(-14.9,-35.,18.146830451115));
#2132 = VERTEX_POINT('',#2133);
#2133 = CARTESIAN_POINT('',(-12.02786971347,-35.,19.362792445405));
#2134 = CIRCLE('',#2135,4.);
#2135 = AXIS2_PLACEMENT_3D('',#2136,#2137,#2138);
#2136 = CARTESIAN_POINT('',(-14.9,-35.,22.146830451115));
#2137 = DIRECTION('',(-2.449293598295E-16,-1.,0.));
#2138 = DIRECTION('',(1.,-2.449293598295E-16,0.));
#2139 = ORIENTED_EDGE('',*,*,#2129,.T.);
#2140 = ORIENTED_EDGE('',*,*,#2141,.F.);
#2141 = EDGE_CURVE('',#2142,#2132,#2144,.T.);
#2142 = VERTEX_POINT('',#2143);
#2143 = CARTESIAN_POINT('',(-12.80546361985,-35.,25.554603529278));
#2144 = CIRCLE('',#2145,3.120223420751);
#2145 = AXIS2_PLACEMENT_3D('',#2146,#2147,#2148);
#2146 = CARTESIAN_POINT('',(-12.41666666666,-35.,22.458697987341));
#2147 = DIRECTION('',(0.992206366168,0.,0.124605485173));
#2148 = DIRECTION('',(-0.124605485173,0.,0.992206366168));
#2149 = ORIENTED_EDGE('',*,*,#2150,.T.);
#2150 = EDGE_CURVE('',#2142,#2151,#2153,.T.);
#2151 = VERTEX_POINT('',#2152);
#2152 = CARTESIAN_POINT('',(-14.9,-35.,26.146830451115));
#2153 = CIRCLE('',#2154,4.);
#2154 = AXIS2_PLACEMENT_3D('',#2155,#2156,#2157);
#2155 = CARTESIAN_POINT('',(-14.9,-35.,22.146830451115));
#2156 = DIRECTION('',(-2.449293598295E-16,-1.,0.));
#2157 = DIRECTION('',(1.,-2.449293598295E-16,0.));
#2158 = ORIENTED_EDGE('',*,*,#2150,.F.);
#2159 = ORIENTED_EDGE('',*,*,#2160,.F.);
#2160 = EDGE_CURVE('',#2132,#2142,#2161,.T.);
#2161 = CIRCLE('',#2162,3.120223420751);
#2162 = AXIS2_PLACEMENT_3D('',#2163,#2164,#2165);
#2163 = CARTESIAN_POINT('',(-12.41666666666,-35.,22.458697987341));
#2164 = DIRECTION('',(0.992206366168,0.,0.124605485173));
#2165 = DIRECTION('',(-0.124605485173,0.,0.992206366168));
#2166 = FACE_BOUND('',#2167,.T.);
#2167 = EDGE_LOOP('',(#2168,#2169));
#2168 = ORIENTED_EDGE('',*,*,#2110,.T.);
#2169 = ORIENTED_EDGE('',*,*,#2091,.T.);
#2170 = SPHERICAL_SURFACE('',#2171,4.);
#2171 = AXIS2_PLACEMENT_3D('',#2172,#2173,#2174);
#2172 = CARTESIAN_POINT('',(-14.9,-35.,22.146830451115));
#2173 = DIRECTION('',(0.,0.,1.));
#2174 = DIRECTION('',(1.,0.,-0.));
#2175 = ADVANCED_FACE('',(#2176,#2216),#2220,.T.);
#2176 = FACE_BOUND('',#2177,.T.);
#2177 = EDGE_LOOP('',(#2178,#2189,#2190,#2199,#2208,#2209));
#2178 = ORIENTED_EDGE('',*,*,#2179,.F.);
#2179 = EDGE_CURVE('',#2180,#2182,#2184,.T.);
#2180 = VERTEX_POINT('',#2181);
#2181 = CARTESIAN_POINT('',(-9.933333333333,-35.,18.770565523568));
#2182 = VERTEX_POINT('',#2183);
#2183 = CARTESIAN_POINT('',(-6.833711714699,-35.,20.24225663791));
#2184 = CIRCLE('',#2185,4.);
#2185 = AXIS2_PLACEMENT_3D('',#2186,#2187,#2188);
#2186 = CARTESIAN_POINT('',(-9.933333333333,-35.,22.770565523568));
#2187 = DIRECTION('',(-2.449293598295E-16,-1.,0.));
#2188 = DIRECTION('',(1.,-2.449293598295E-16,0.));
#2189 = ORIENTED_EDGE('',*,*,#2179,.T.);
#2190 = ORIENTED_EDGE('',*,*,#2191,.F.);
#2191 = EDGE_CURVE('',#2192,#2182,#2194,.T.);
#2192 = VERTEX_POINT('',#2193);
#2193 = CARTESIAN_POINT('',(-8.066288285301,-35.,26.30809895643));
#2194 = CIRCLE('',#2195,3.094902584717);
#2195 = AXIS2_PLACEMENT_3D('',#2196,#2197,#2198);
#2196 = CARTESIAN_POINT('',(-7.45,-35.,23.27517779717));
#2197 = DIRECTION('',(0.979973060941,0.,0.199130107792));
#2198 = DIRECTION('',(-0.199130107792,0.,0.979973060941));
#2199 = ORIENTED_EDGE('',*,*,#2200,.T.);
#2200 = EDGE_CURVE('',#2192,#2201,#2203,.T.);
#2201 = VERTEX_POINT('',#2202);
#2202 = CARTESIAN_POINT('',(-9.933333333333,-35.,26.770565523568));
#2203 = CIRCLE('',#2204,4.);
#2204 = AXIS2_PLACEMENT_3D('',#2205,#2206,#2207);
#2205 = CARTESIAN_POINT('',(-9.933333333333,-35.,22.770565523568));
#2206 = DIRECTION('',(-2.449293598295E-16,-1.,0.));
#2207 = DIRECTION('',(1.,-2.449293598295E-16,0.));
#2208 = ORIENTED_EDGE('',*,*,#2200,.F.);
#2209 = ORIENTED_EDGE('',*,*,#2210,.F.);
#2210 = EDGE_CURVE('',#2182,#2192,#2211,.T.);
#2211 = CIRCLE('',#2212,3.094902584717);
#2212 = AXIS2_PLACEMENT_3D('',#2213,#2214,#2215);
#2213 = CARTESIAN_POINT('',(-7.45,-35.,23.27517779717));
#2214 = DIRECTION('',(0.979973060941,0.,0.199130107792));
#2215 = DIRECTION('',(-0.199130107792,0.,0.979973060941));
#2216 = FACE_BOUND('',#2217,.T.);
#2217 = EDGE_LOOP('',(#2218,#2219));
#2218 = ORIENTED_EDGE('',*,*,#2160,.T.);
#2219 = ORIENTED_EDGE('',*,*,#2141,.T.);
#2220 = SPHERICAL_SURFACE('',#2221,4.);
#2221 = AXIS2_PLACEMENT_3D('',#2222,#2223,#2224);
#2222 = CARTESIAN_POINT('',(-9.933333333333,-35.,22.770565523568));
#2223 = DIRECTION('',(0.,0.,1.));
#2224 = DIRECTION('',(1.,0.,-0.));
#2225 = ADVANCED_FACE('',(#2226,#2266),#2270,.T.);
#2226 = FACE_BOUND('',#2227,.T.);
#2227 = EDGE_LOOP('',(#2228,#2239,#2240,#2249,#2258,#2259));
#2228 = ORIENTED_EDGE('',*,*,#2229,.F.);
#2229 = EDGE_CURVE('',#2230,#2232,#2234,.T.);
#2230 = VERTEX_POINT('',#2231);
#2231 = CARTESIAN_POINT('',(-4.966666666667,-35.,19.779790070773));
#2232 = VERTEX_POINT('',#2233);
#2233 = CARTESIAN_POINT('',(-1.749482615587,-35.,21.402874678614));
#2234 = CIRCLE('',#2235,4.);
#2235 = AXIS2_PLACEMENT_3D('',#2236,#2237,#2238);
#2236 = CARTESIAN_POINT('',(-4.966666666667,-35.,23.779790070773));
#2237 = DIRECTION('',(-2.449293598295E-16,-1.,0.));
#2238 = DIRECTION('',(1.,-2.449293598295E-16,0.));
#2239 = ORIENTED_EDGE('',*,*,#2229,.T.);
#2240 = ORIENTED_EDGE('',*,*,#2241,.F.);
#2241 = EDGE_CURVE('',#2242,#2232,#2244,.T.);
#2242 = VERTEX_POINT('',#2243);
#2243 = CARTESIAN_POINT('',(-3.217184051079,-35.,27.376915392159));
#2244 = CIRCLE('',#2245,3.075845816635);
#2245 = AXIS2_PLACEMENT_3D('',#2246,#2247,#2248);
#2246 = CARTESIAN_POINT('',(-2.483333333333,-35.,24.389895035386));
#2247 = DIRECTION('',(0.971121614945,0.,0.23858501417));
#2248 = DIRECTION('',(-0.23858501417,0.,0.971121614945));
#2249 = ORIENTED_EDGE('',*,*,#2250,.T.);
#2250 = EDGE_CURVE('',#2242,#2251,#2253,.T.);
#2251 = VERTEX_POINT('',#2252);
#2252 = CARTESIAN_POINT('',(-4.966666666667,-35.,27.779790070773));
#2253 = CIRCLE('',#2254,4.);
#2254 = AXIS2_PLACEMENT_3D('',#2255,#2256,#2257);
#2255 = CARTESIAN_POINT('',(-4.966666666667,-35.,23.779790070773));
#2256 = DIRECTION('',(-2.449293598295E-16,-1.,0.));
#2257 = DIRECTION('',(1.,-2.449293598295E-16,0.));
#2258 = ORIENTED_EDGE('',*,*,#2250,.F.);
#2259 = ORIENTED_EDGE('',*,*,#2260,.F.);
#2260 = EDGE_CURVE('',#2232,#2242,#2261,.T.);
#2261 = CIRCLE('',#2262,3.075845816635);
#2262 = AXIS2_PLACEMENT_3D('',#2263,#2264,#2265);
#2263 = CARTESIAN_POINT('',(-2.483333333333,-35.,24.389895035386));
#2264 = DIRECTION('',(0.971121614945,0.,0.23858501417));
#2265 = DIRECTION('',(-0.23858501417,0.,0.971121614945));
#2266 = FACE_BOUND('',#2267,.T.);
#2267 = EDGE_LOOP('',(#2268,#2269));
#2268 = ORIENTED_EDGE('',*,*,#2210,.T.);
#2269 = ORIENTED_EDGE('',*,*,#2191,.T.);
#2270 = SPHERICAL_SURFACE('',#2271,4.);
#2271 = AXIS2_PLACEMENT_3D('',#2272,#2273,#2274);
#2272 = CARTESIAN_POINT('',(-4.966666666667,-35.,23.779790070773));
#2273 = DIRECTION('',(0.,0.,1.));
#2274 = DIRECTION('',(1.,0.,-0.));
#2275 = ADVANCED_FACE('',(#2276,#2316),#2320,.T.);
#2276 = FACE_BOUND('',#2277,.T.);
#2277 = EDGE_LOOP('',(#2278,#2289,#2290,#2299,#2308,#2309));
#2278 = ORIENTED_EDGE('',*,*,#2279,.F.);
#2279 = EDGE_CURVE('',#2280,#2282,#2284,.T.);
#2280 = VERTEX_POINT('',#2281);
#2281 = CARTESIAN_POINT('',(2.449293598295E-16,-35.,21.));
#2282 = VERTEX_POINT('',#2283);
#2283 = CARTESIAN_POINT('',(3.217184051079,-35.,22.623084607841));
#2284 = CIRCLE('',#2285,4.);
#2285 = AXIS2_PLACEMENT_3D('',#2286,#2287,#2288);
#2286 = CARTESIAN_POINT('',(0.,-35.,25.));
#2287 = DIRECTION('',(-2.449293598295E-16,-1.,0.));
#2288 = DIRECTION('',(1.,-2.449293598295E-16,0.));
#2289 = ORIENTED_EDGE('',*,*,#2279,.T.);
#2290 = ORIENTED_EDGE('',*,*,#2291,.F.);
#2291 = EDGE_CURVE('',#2292,#2282,#2294,.T.);
#2292 = VERTEX_POINT('',#2293);
#2293 = CARTESIAN_POINT('',(1.749482615587,-35.,28.597125321386));
#2294 = CIRCLE('',#2295,3.075845816635);
#2295 = AXIS2_PLACEMENT_3D('',#2296,#2297,#2298);
#2296 = CARTESIAN_POINT('',(2.483333333333,-35.,25.610104964614));
#2297 = DIRECTION('',(0.971121614945,0.,0.23858501417));
#2298 = DIRECTION('',(-0.23858501417,0.,0.971121614945));
#2299 = ORIENTED_EDGE('',*,*,#2300,.T.);
#2300 = EDGE_CURVE('',#2292,#2301,#2303,.T.);
#2301 = VERTEX_POINT('',#2302);
#2302 = CARTESIAN_POINT('',(2.449293598295E-16,-35.,29.));
#2303 = CIRCLE('',#2304,4.);
#2304 = AXIS2_PLACEMENT_3D('',#2305,#2306,#2307);
#2305 = CARTESIAN_POINT('',(0.,-35.,25.));
#2306 = DIRECTION('',(-2.449293598295E-16,-1.,0.));
#2307 = DIRECTION('',(1.,-2.449293598295E-16,0.));
#2308 = ORIENTED_EDGE('',*,*,#2300,.F.);
#2309 = ORIENTED_EDGE('',*,*,#2310,.F.);
#2310 = EDGE_CURVE('',#2282,#2292,#2311,.T.);
#2311 = CIRCLE('',#2312,3.075845816635);
#2312 = AXIS2_PLACEMENT_3D('',#2313,#2314,#2315);
#2313 = CARTESIAN_POINT('',(2.483333333333,-35.,25.610104964614));
#2314 = DIRECTION('',(0.971121614945,0.,0.23858501417));
#2315 = DIRECTION('',(-0.23858501417,0.,0.971121614945));
#2316 = FACE_BOUND('',#2317,.T.);
#2317 = EDGE_LOOP('',(#2318,#2319));
#2318 = ORIENTED_EDGE('',*,*,#2260,.T.);
#2319 = ORIENTED_EDGE('',*,*,#2241,.T.);
#2320 = SPHERICAL_SURFACE('',#2321,4.);
#2321 = AXIS2_PLACEMENT_3D('',#2322,#2323,#2324);
#2322 = CARTESIAN_POINT('',(0.,-35.,25.));
#2323 = DIRECTION('',(0.,0.,1.));
#2324 = DIRECTION('',(1.,0.,-0.));
#2325 = ADVANCED_FACE('',(#2326,#2366),#2370,.T.);
#2326 = FACE_BOUND('',#2327,.T.);
#2327 = EDGE_LOOP('',(#2328,#2339,#2340,#2349,#2358,#2359));
#2328 = ORIENTED_EDGE('',*,*,#2329,.F.);
#2329 = EDGE_CURVE('',#2330,#2332,#2334,.T.);
#2330 = VERTEX_POINT('',#2331);
#2331 = CARTESIAN_POINT('',(4.966666666667,-35.,22.220209929227));
#2332 = VERTEX_POINT('',#2333);
#2333 = CARTESIAN_POINT('',(8.066288285301,-35.,23.69190104357));
#2334 = CIRCLE('',#2335,4.);
#2335 = AXIS2_PLACEMENT_3D('',#2336,#2337,#2338);
#2336 = CARTESIAN_POINT('',(4.966666666667,-35.,26.220209929227));
#2337 = DIRECTION('',(-2.449293598295E-16,-1.,0.));
#2338 = DIRECTION('',(1.,-2.449293598295E-16,0.));
#2339 = ORIENTED_EDGE('',*,*,#2329,.T.);
#2340 = ORIENTED_EDGE('',*,*,#2341,.F.);
#2341 = EDGE_CURVE('',#2342,#2332,#2344,.T.);
#2342 = VERTEX_POINT('',#2343);
#2343 = CARTESIAN_POINT('',(6.833711714699,-35.,29.75774336209));
#2344 = CIRCLE('',#2345,3.094902584717);
#2345 = AXIS2_PLACEMENT_3D('',#2346,#2347,#2348);
#2346 = CARTESIAN_POINT('',(7.45,-35.,26.72482220283));
#2347 = DIRECTION('',(0.979973060941,0.,0.199130107792));
#2348 = DIRECTION('',(-0.199130107792,0.,0.979973060941));
#2349 = ORIENTED_EDGE('',*,*,#2350,.T.);
#2350 = EDGE_CURVE('',#2342,#2351,#2353,.T.);
#2351 = VERTEX_POINT('',#2352);
#2352 = CARTESIAN_POINT('',(4.966666666667,-35.,30.220209929227));
#2353 = CIRCLE('',#2354,4.);
#2354 = AXIS2_PLACEMENT_3D('',#2355,#2356,#2357);
#2355 = CARTESIAN_POINT('',(4.966666666667,-35.,26.220209929227));
#2356 = DIRECTION('',(-2.449293598295E-16,-1.,0.));
#2357 = DIRECTION('',(1.,-2.449293598295E-16,0.));
#2358 = ORIENTED_EDGE('',*,*,#2350,.F.);
#2359 = ORIENTED_EDGE('',*,*,#2360,.F.);
#2360 = EDGE_CURVE('',#2332,#2342,#2361,.T.);
#2361 = CIRCLE('',#2362,3.094902584717);
#2362 = AXIS2_PLACEMENT_3D('',#2363,#2364,#2365);
#2363 = CARTESIAN_POINT('',(7.45,-35.,26.72482220283));
#2364 = DIRECTION('',(0.979973060941,0.,0.199130107792));
#2365 = DIRECTION('',(-0.199130107792,0.,0.979973060941));
#2366 = FACE_BOUND('',#2367,.T.);
#2367 = EDGE_LOOP('',(#2368,#2369));
#2368 = ORIENTED_EDGE('',*,*,#2310,.T.);
#2369 = ORIENTED_EDGE('',*,*,#2291,.T.);
#2370 = SPHERICAL_SURFACE('',#2371,4.);
#2371 = AXIS2_PLACEMENT_3D('',#2372,#2373,#2374);
#2372 = CARTESIAN_POINT('',(4.966666666667,-35.,26.220209929227));
#2373 = DIRECTION('',(0.,0.,1.));
#2374 = DIRECTION('',(1.,0.,-0.));
#2375 = ADVANCED_FACE('',(#2376,#2416),#2420,.T.);
#2376 = FACE_BOUND('',#2377,.T.);
#2377 = EDGE_LOOP('',(#2378,#2389,#2390,#2399,#2408,#2409));
#2378 = ORIENTED_EDGE('',*,*,#2379,.F.);
#2379 = EDGE_CURVE('',#2380,#2382,#2384,.T.);
#2380 = VERTEX_POINT('',#2381);
#2381 = CARTESIAN_POINT('',(9.933333333333,-35.,23.229434476432));
#2382 = VERTEX_POINT('',#2383);
#2383 = CARTESIAN_POINT('',(12.805463619856,-35.,24.445396470722));
#2384 = CIRCLE('',#2385,4.);
#2385 = AXIS2_PLACEMENT_3D('',#2386,#2387,#2388);
#2386 = CARTESIAN_POINT('',(9.933333333333,-35.,27.229434476432));
#2387 = DIRECTION('',(-2.449293598295E-16,-1.,0.));
#2388 = DIRECTION('',(1.,-2.449293598295E-16,0.));
#2389 = ORIENTED_EDGE('',*,*,#2379,.T.);
#2390 = ORIENTED_EDGE('',*,*,#2391,.F.);
#2391 = EDGE_CURVE('',#2392,#2382,#2394,.T.);
#2392 = VERTEX_POINT('',#2393);
#2393 = CARTESIAN_POINT('',(12.027869713477,-35.,30.637207554595));
#2394 = CIRCLE('',#2395,3.120223420751);
#2395 = AXIS2_PLACEMENT_3D('',#2396,#2397,#2398);
#2396 = CARTESIAN_POINT('',(12.416666666667,-35.,27.541302012659));
#2397 = DIRECTION('',(0.992206366168,0.,0.124605485173));
#2398 = DIRECTION('',(-0.124605485173,0.,0.992206366168));
#2399 = ORIENTED_EDGE('',*,*,#2400,.T.);
#2400 = EDGE_CURVE('',#2392,#2401,#2403,.T.);
#2401 = VERTEX_POINT('',#2402);
#2402 = CARTESIAN_POINT('',(9.933333333333,-35.,31.229434476432));
#2403 = CIRCLE('',#2404,4.);
#2404 = AXIS2_PLACEMENT_3D('',#2405,#2406,#2407);
#2405 = CARTESIAN_POINT('',(9.933333333333,-35.,27.229434476432));
#2406 = DIRECTION('',(-2.449293598295E-16,-1.,0.));
#2407 = DIRECTION('',(1.,-2.449293598295E-16,0.));
#2408 = ORIENTED_EDGE('',*,*,#2400,.F.);
#2409 = ORIENTED_EDGE('',*,*,#2410,.F.);
#2410 = EDGE_CURVE('',#2382,#2392,#2411,.T.);
#2411 = CIRCLE('',#2412,3.120223420751);
#2412 = AXIS2_PLACEMENT_3D('',#2413,#2414,#2415);
#2413 = CARTESIAN_POINT('',(12.416666666667,-35.,27.541302012659));
#2414 = DIRECTION('',(0.992206366168,0.,0.124605485173));
#2415 = DIRECTION('',(-0.124605485173,0.,0.992206366168));
#2416 = FACE_BOUND('',#2417,.T.);
#2417 = EDGE_LOOP('',(#2418,#2419));
#2418 = ORIENTED_EDGE('',*,*,#2360,.T.);
#2419 = ORIENTED_EDGE('',*,*,#2341,.T.);
#2420 = SPHERICAL_SURFACE('',#2421,4.);
#2421 = AXIS2_PLACEMENT_3D('',#2422,#2423,#2424);
#2422 = CARTESIAN_POINT('',(9.933333333333,-35.,27.229434476432));
#2423 = DIRECTION('',(0.,0.,1.));
#2424 = DIRECTION('',(1.,0.,-0.));
#2425 = ADVANCED_FACE('',(#2426,#2466),#2470,.T.);
#2426 = FACE_BOUND('',#2427,.T.);
#2427 = EDGE_LOOP('',(#2428,#2439,#2440,#2449,#2458,#2459));
#2428 = ORIENTED_EDGE('',*,*,#2429,.F.);
#2429 = EDGE_CURVE('',#2430,#2432,#2434,.T.);
#2430 = VERTEX_POINT('',#2431);
#2431 = CARTESIAN_POINT('',(14.9,-35.,23.853169548885));
#2432 = VERTEX_POINT('',#2433);
#2433 = CARTESIAN_POINT('',(17.465614500189,-35.,24.784355081307));
#2434 = CIRCLE('',#2435,4.);
#2435 = AXIS2_PLACEMENT_3D('',#2436,#2437,#2438);
#2436 = CARTESIAN_POINT('',(14.9,-35.,27.853169548885));
#2437 = DIRECTION('',(-2.449293598295E-16,-1.,0.));
#2438 = DIRECTION('',(1.,-2.449293598295E-16,0.));
#2439 = ORIENTED_EDGE('',*,*,#2429,.T.);
#2440 = ORIENTED_EDGE('',*,*,#2441,.F.);
#2441 = EDGE_CURVE('',#2442,#2432,#2444,.T.);
#2442 = VERTEX_POINT('',#2443);
#2443 = CARTESIAN_POINT('',(17.301052166478,-35.,31.052380153684));
#2444 = CIRCLE('',#2445,3.135092465527);
#2445 = AXIS2_PLACEMENT_3D('',#2446,#2447,#2448);
#2446 = CARTESIAN_POINT('',(17.383333333333,-35.,27.918367617495));
#2447 = DIRECTION('',(0.999655535092,0.,2.624521214616E-02));
#2448 = DIRECTION('',(-2.624521214616E-02,0.,0.999655535092));
#2449 = ORIENTED_EDGE('',*,*,#2450,.T.);
#2450 = EDGE_CURVE('',#2442,#2451,#2453,.T.);
#2451 = VERTEX_POINT('',#2452);
#2452 = CARTESIAN_POINT('',(14.9,-35.,31.853169548885));
#2453 = CIRCLE('',#2454,4.);
#2454 = AXIS2_PLACEMENT_3D('',#2455,#2456,#2457);
#2455 = CARTESIAN_POINT('',(14.9,-35.,27.853169548885));
#2456 = DIRECTION('',(-2.449293598295E-16,-1.,0.));
#2457 = DIRECTION('',(1.,-2.449293598295E-16,0.));
#2458 = ORIENTED_EDGE('',*,*,#2450,.F.);
#2459 = ORIENTED_EDGE('',*,*,#2460,.F.);
#2460 = EDGE_CURVE('',#2432,#2442,#2461,.T.);
#2461 = CIRCLE('',#2462,3.135092465527);
#2462 = AXIS2_PLACEMENT_3D('',#2463,#2464,#2465);
#2463 = CARTESIAN_POINT('',(17.383333333333,-35.,27.918367617495));
#2464 = DIRECTION('',(0.999655535092,0.,2.624521214616E-02));
#2465 = DIRECTION('',(-2.624521214616E-02,0.,0.999655535092));
#2466 = FACE_BOUND('',#2467,.T.);
#2467 = EDGE_LOOP('',(#2468,#2469));
#2468 = ORIENTED_EDGE('',*,*,#2410,.T.);
#2469 = ORIENTED_EDGE('',*,*,#2391,.T.);
#2470 = SPHERICAL_SURFACE('',#2471,4.);
#2471 = AXIS2_PLACEMENT_3D('',#2472,#2473,#2474);
#2472 = CARTESIAN_POINT('',(14.9,-35.,27.853169548885));
#2473 = DIRECTION('',(0.,0.,1.));
#2474 = DIRECTION('',(1.,0.,-0.));
#2475 = ADVANCED_FACE('',(#2476,#2516),#2520,.T.);
#2476 = FACE_BOUND('',#2477,.T.);
#2477 = EDGE_LOOP('',(#2478,#2489,#2490,#2499,#2508,#2509));
#2478 = ORIENTED_EDGE('',*,*,#2479,.F.);
#2479 = EDGE_CURVE('',#2480,#2482,#2484,.T.);
#2480 = VERTEX_POINT('',#2481);
#2481 = CARTESIAN_POINT('',(19.866666666667,-35.,23.983565686105));
#2482 = VERTEX_POINT('',#2483);
#2483 = CARTESIAN_POINT('',(22.107804765814,-35.,24.670364813753));
#2484 = CIRCLE('',#2485,4.);
#2485 = AXIS2_PLACEMENT_3D('',#2486,#2487,#2488);
#2486 = CARTESIAN_POINT('',(19.866666666667,-35.,27.983565686105));
#2487 = DIRECTION('',(-2.449293598295E-16,-1.,0.));
#2488 = DIRECTION('',(1.,-2.449293598295E-16,0.));
#2489 = ORIENTED_EDGE('',*,*,#2479,.T.);
#2490 = ORIENTED_EDGE('',*,*,#2491,.F.);
#2491 = EDGE_CURVE('',#2492,#2482,#2494,.T.);
#2492 = VERTEX_POINT('',#2493);
#2493 = CARTESIAN_POINT('',(22.592195234186,-35.,30.911277083705));
#2494 = CIRCLE('',#2495,3.129841053755);
#2495 = AXIS2_PLACEMENT_3D('',#2496,#2497,#2498);
#2496 = CARTESIAN_POINT('',(22.35,-35.,27.790820948729));
#2497 = DIRECTION('',(0.997001471123,0.,-7.738259867714E-02));
#2498 = DIRECTION('',(7.738259867714E-02,0.,0.997001471123));
#2499 = ORIENTED_EDGE('',*,*,#2500,.T.);
#2500 = EDGE_CURVE('',#2492,#2501,#2503,.T.);
#2501 = VERTEX_POINT('',#2502);
#2502 = CARTESIAN_POINT('',(19.866666666667,-35.,31.983565686105));
#2503 = CIRCLE('',#2504,4.);
#2504 = AXIS2_PLACEMENT_3D('',#2505,#2506,#2507);
#2505 = CARTESIAN_POINT('',(19.866666666667,-35.,27.983565686105));
#2506 = DIRECTION('',(-2.449293598295E-16,-1.,0.));
#2507 = DIRECTION('',(1.,-2.449293598295E-16,0.));
#2508 = ORIENTED_EDGE('',*,*,#2500,.F.);
#2509 = ORIENTED_EDGE('',*,*,#2510,.F.);
#2510 = EDGE_CURVE('',#2482,#2492,#2511,.T.);
#2511 = CIRCLE('',#2512,3.129841053755);
#2512 = AXIS2_PLACEMENT_3D('',#2513,#2514,#2515);
#2513 = CARTESIAN_POINT('',(22.35,-35.,27.790820948729));
#2514 = DIRECTION('',(0.997001471123,0.,-7.738259867714E-02));
#2515 = DIRECTION('',(7.738259867714E-02,0.,0.997001471123));
#2516 = FACE_BOUND('',#2517,.T.);
#2517 = EDGE_LOOP('',(#2518,#2519));
#2518 = ORIENTED_EDGE('',*,*,#2460,.T.);
#2519 = ORIENTED_EDGE('',*,*,#2441,.T.);
#2520 = SPHERICAL_SURFACE('',#2521,4.);
#2521 = AXIS2_PLACEMENT_3D('',#2522,#2523,#2524);
#2522 = CARTESIAN_POINT('',(19.866666666667,-35.,27.983565686105));
#2523 = DIRECTION('',(0.,0.,1.));
#2524 = DIRECTION('',(1.,0.,-0.));
#2525 = ADVANCED_FACE('',(#2526,#2566),#2570,.T.);
#2526 = FACE_BOUND('',#2527,.T.);
#2527 = EDGE_LOOP('',(#2528,#2539,#2540,#2549,#2558,#2559));
#2528 = ORIENTED_EDGE('',*,*,#2529,.F.);
#2529 = EDGE_CURVE('',#2530,#2532,#2534,.T.);
#2530 = VERTEX_POINT('',#2531);
#2531 = CARTESIAN_POINT('',(24.833333333333,-35.,23.598076211353));
#2532 = VERTEX_POINT('',#2533);
#2533 = CARTESIAN_POINT('',(26.801567716063,-35.,24.115827883815));
#2534 = CIRCLE('',#2535,4.);
#2535 = AXIS2_PLACEMENT_3D('',#2536,#2537,#2538);
#2536 = CARTESIAN_POINT('',(24.833333333333,-35.,27.598076211353));
#2537 = DIRECTION('',(-2.449293598295E-16,-1.,0.));
#2538 = DIRECTION('',(1.,-2.449293598295E-16,0.));
#2539 = ORIENTED_EDGE('',*,*,#2529,.T.);
#2540 = ORIENTED_EDGE('',*,*,#2541,.F.);
#2541 = EDGE_CURVE('',#2542,#2532,#2544,.T.);
#2542 = VERTEX_POINT('',#2543);
#2543 = CARTESIAN_POINT('',(27.831765617271,-35.,30.245604084416));
#2544 = CIRCLE('',#2545,3.107871618371);
#2545 = AXIS2_PLACEMENT_3D('',#2546,#2547,#2548);
#2546 = CARTESIAN_POINT('',(27.316666666667,-35.,27.180715984115));
#2547 = DIRECTION('',(0.986169467935,0.,-0.165740099288));
#2548 = DIRECTION('',(0.165740099288,0.,0.986169467935));
#2549 = ORIENTED_EDGE('',*,*,#2550,.T.);
#2550 = EDGE_CURVE('',#2542,#2551,#2553,.T.);
#2551 = VERTEX_POINT('',#2552);
#2552 = CARTESIAN_POINT('',(24.833333333333,-35.,31.598076211353));
#2553 = CIRCLE('',#2554,4.);
#2554 = AXIS2_PLACEMENT_3D('',#2555,#2556,#2557);
#2555 = CARTESIAN_POINT('',(24.833333333333,-35.,27.598076211353));
#2556 = DIRECTION('',(-2.449293598295E-16,-1.,0.));
#2557 = DIRECTION('',(1.,-2.449293598295E-16,0.));
#2558 = ORIENTED_EDGE('',*,*,#2550,.F.);
#2559 = ORIENTED_EDGE('',*,*,#2560,.F.);
#2560 = EDGE_CURVE('',#2532,#2542,#2561,.T.);
#2561 = CIRCLE('',#2562,3.107871618371);
#2562 = AXIS2_PLACEMENT_3D('',#2563,#2564,#2565);
#2563 = CARTESIAN_POINT('',(27.316666666667,-35.,27.180715984115));
#2564 = DIRECTION('',(0.986169467935,0.,-0.165740099288));
#2565 = DIRECTION('',(0.165740099288,0.,0.986169467935));
#2566 = FACE_BOUND('',#2567,.T.);
#2567 = EDGE_LOOP('',(#2568,#2569));
#2568 = ORIENTED_EDGE('',*,*,#2510,.T.);
#2569 = ORIENTED_EDGE('',*,*,#2491,.T.);
#2570 = SPHERICAL_SURFACE('',#2571,4.);
#2571 = AXIS2_PLACEMENT_3D('',#2572,#2573,#2574);
#2572 = CARTESIAN_POINT('',(24.833333333333,-35.,27.598076211353));
#2573 = DIRECTION('',(0.,0.,1.));
#2574 = DIRECTION('',(1.,0.,-0.));
#2575 = ADVANCED_FACE('',(#2576,#2616),#2620,.T.);
#2576 = FACE_BOUND('',#2577,.T.);
#2577 = EDGE_LOOP('',(#2578,#2589,#2590,#2599,#2608,#2609));
#2578 = ORIENTED_EDGE('',*,*,#2579,.F.);
#2579 = EDGE_CURVE('',#2580,#2582,#2584,.T.);
#2580 = VERTEX_POINT('',#2581);
#2581 = CARTESIAN_POINT('',(29.8,-35.,22.763355756877));
#2582 = VERTEX_POINT('',#2583);
#2583 = CARTESIAN_POINT('',(31.593718519485,-35.,23.188083197637));
#2584 = CIRCLE('',#2585,4.);
#2585 = AXIS2_PLACEMENT_3D('',#2586,#2587,#2588);
#2586 = CARTESIAN_POINT('',(29.8,-35.,26.763355756877));
#2587 = DIRECTION('',(-2.449293598295E-16,-1.,0.));
#2588 = DIRECTION('',(1.,-2.449293598295E-16,0.));
#2589 = ORIENTED_EDGE('',*,*,#2579,.T.);
#2590 = ORIENTED_EDGE('',*,*,#2591,.F.);
#2591 = EDGE_CURVE('',#2592,#2582,#2594,.T.);
#2592 = VERTEX_POINT('',#2593);
#2593 = CARTESIAN_POINT('',(32.972948147182,-35.,29.199007631694));
#2594 = CIRCLE('',#2595,3.083564776272);
#2595 = AXIS2_PLACEMENT_3D('',#2596,#2597,#2598);
#2596 = CARTESIAN_POINT('',(32.283333333333,-35.,26.193545414665));
#2597 = DIRECTION('',(0.97467134148,0.,-0.223642071396));
#2598 = DIRECTION('',(0.223642071396,0.,0.97467134148));
#2599 = ORIENTED_EDGE('',*,*,#2600,.T.);
#2600 = EDGE_CURVE('',#2592,#2601,#2603,.T.);
#2601 = VERTEX_POINT('',#2602);
#2602 = CARTESIAN_POINT('',(29.8,-35.,30.763355756877));
#2603 = CIRCLE('',#2604,4.);
#2604 = AXIS2_PLACEMENT_3D('',#2605,#2606,#2607);
#2605 = CARTESIAN_POINT('',(29.8,-35.,26.763355756877));
#2606 = DIRECTION('',(-2.449293598295E-16,-1.,0.));
#2607 = DIRECTION('',(1.,-2.449293598295E-16,0.));
#2608 = ORIENTED_EDGE('',*,*,#2600,.F.);
#2609 = ORIENTED_EDGE('',*,*,#2610,.F.);
#2610 = EDGE_CURVE('',#2582,#2592,#2611,.T.);
#2611 = CIRCLE('',#2612,3.083564776272);
#2612 = AXIS2_PLACEMENT_3D('',#2613,#2614,#2615);
#2613 = CARTESIAN_POINT('',(32.283333333333,-35.,26.193545414665));
#2614 = DIRECTION('',(0.97467134148,0.,-0.223642071396));
#2615 = DIRECTION('',(0.223642071396,0.,0.97467134148));
#2616 = FACE_BOUND('',#2617,.T.);
#2617 = EDGE_LOOP('',(#2618,#2619));
#2618 = ORIENTED_EDGE('',*,*,#2560,.T.);
#2619 = ORIENTED_EDGE('',*,*,#2541,.T.);
#2620 = SPHERICAL_SURFACE('',#2621,4.);
#2621 = AXIS2_PLACEMENT_3D('',#2622,#2623,#2624);
#2622 = CARTESIAN_POINT('',(29.8,-35.,26.763355756877));
#2623 = DIRECTION('',(0.,0.,1.));
#2624 = DIRECTION('',(1.,0.,-0.));
#2625 = ADVANCED_FACE('',(#2626,#2666),#2670,.T.);
#2626 = FACE_BOUND('',#2627,.T.);
#2627 = EDGE_LOOP('',(#2628,#2639,#2640,#2649,#2658,#2659));
#2628 = ORIENTED_EDGE('',*,*,#2629,.F.);
#2629 = EDGE_CURVE('',#2630,#2632,#2634,.T.);
#2630 = VERTEX_POINT('',#2631);
#2631 = CARTESIAN_POINT('',(34.766666666667,-35.,21.623735072453));
#2632 = VERTEX_POINT('',#2633);
#2633 = CARTESIAN_POINT('',(36.501383751093,-35.,22.019465848741));
#2634 = CIRCLE('',#2635,4.);
#2635 = AXIS2_PLACEMENT_3D('',#2636,#2637,#2638);
#2636 = CARTESIAN_POINT('',(34.766666666667,-35.,25.623735072453));
#2637 = DIRECTION('',(-2.449293598295E-16,-1.,0.));
#2638 = DIRECTION('',(1.,-2.449293598295E-16,0.));
#2639 = ORIENTED_EDGE('',*,*,#2629,.T.);
#2640 = ORIENTED_EDGE('',*,*,#2641,.F.);
#2641 = EDGE_CURVE('',#2642,#2632,#2644,.T.);
#2642 = VERTEX_POINT('',#2643);
#2643 = CARTESIAN_POINT('',(37.998616248907,-35.,27.980534151259));
#2644 = CIRCLE('',#2645,3.073110820479);
#2645 = AXIS2_PLACEMENT_3D('',#2646,#2647,#2648);
#2646 = CARTESIAN_POINT('',(37.25,-35.,25.));
#2647 = DIRECTION('',(0.96987525845,0.,-0.243602099839));
#2648 = DIRECTION('',(0.243602099839,0.,0.96987525845));
#2649 = ORIENTED_EDGE('',*,*,#2650,.T.);
#2650 = EDGE_CURVE('',#2642,#2651,#2653,.T.);
#2651 = VERTEX_POINT('',#2652);
#2652 = CARTESIAN_POINT('',(34.766666666667,-35.,29.623735072453));
#2653 = CIRCLE('',#2654,4.);
#2654 = AXIS2_PLACEMENT_3D('',#2655,#2656,#2657);
#2655 = CARTESIAN_POINT('',(34.766666666667,-35.,25.623735072453));
#2656 = DIRECTION('',(-2.449293598295E-16,-1.,0.));
#2657 = DIRECTION('',(1.,-2.449293598295E-16,0.));
#2658 = ORIENTED_EDGE('',*,*,#2650,.F.);
#2659 = ORIENTED_EDGE('',*,*,#2660,.F.);
#2660 = EDGE_CURVE('',#2632,#2642,#2661,.T.);
#2661 = CIRCLE('',#2662,3.073110820479);
#2662 = AXIS2_PLACEMENT_3D('',#2663,#2664,#2665);
#2663 = CARTESIAN_POINT('',(37.25,-35.,25.));
#2664 = DIRECTION('',(0.96987525845,0.,-0.243602099839));
#2665 = DIRECTION('',(0.243602099839,0.,0.96987525845));
#2666 = FACE_BOUND('',#2667,.T.);
#2667 = EDGE_LOOP('',(#2668,#2669));
#2668 = ORIENTED_EDGE('',*,*,#2610,.T.);
#2669 = ORIENTED_EDGE('',*,*,#2591,.T.);
#2670 = SPHERICAL_SURFACE('',#2671,4.);
#2671 = AXIS2_PLACEMENT_3D('',#2672,#2673,#2674);
#2672 = CARTESIAN_POINT('',(34.766666666667,-35.,25.623735072453));
#2673 = DIRECTION('',(0.,0.,1.));
#2674 = DIRECTION('',(1.,0.,-0.));
#2675 = ADVANCED_FACE('',(#2676,#2716),#2720,.T.);
#2676 = FACE_BOUND('',#2677,.T.);
#2677 = EDGE_LOOP('',(#2678,#2689,#2690,#2699,#2708,#2709));
#2678 = ORIENTED_EDGE('',*,*,#2679,.F.);
#2679 = EDGE_CURVE('',#2680,#2682,#2684,.T.);
#2680 = VERTEX_POINT('',#2681);
#2681 = CARTESIAN_POINT('',(39.733333333333,-35.,20.376264927547));
#2682 = VERTEX_POINT('',#2683);
#2683 = CARTESIAN_POINT('',(41.527051852818,-35.,20.800992368306));
#2684 = CIRCLE('',#2685,4.);
#2685 = AXIS2_PLACEMENT_3D('',#2686,#2687,#2688);
#2686 = CARTESIAN_POINT('',(39.733333333333,-35.,24.376264927547));
#2687 = DIRECTION('',(-2.449293598295E-16,-1.,0.));
#2688 = DIRECTION('',(1.,-2.449293598295E-16,0.));
#2689 = ORIENTED_EDGE('',*,*,#2679,.T.);
#2690 = ORIENTED_EDGE('',*,*,#2691,.F.);
#2691 = EDGE_CURVE('',#2692,#2682,#2694,.T.);
#2692 = VERTEX_POINT('',#2693);
#2693 = CARTESIAN_POINT('',(42.906281480515,-35.,26.811916802363));
#2694 = CIRCLE('',#2695,3.083564776272);
#2695 = AXIS2_PLACEMENT_3D('',#2696,#2697,#2698);
#2696 = CARTESIAN_POINT('',(42.216666666667,-35.,23.806454585335));
#2697 = DIRECTION('',(0.97467134148,0.,-0.223642071396));
#2698 = DIRECTION('',(0.223642071396,0.,0.97467134148));
#2699 = ORIENTED_EDGE('',*,*,#2700,.T.);
#2700 = EDGE_CURVE('',#2692,#2701,#2703,.T.);
#2701 = VERTEX_POINT('',#2702);
#2702 = CARTESIAN_POINT('',(39.733333333333,-35.,28.376264927547));
#2703 = CIRCLE('',#2704,4.);
#2704 = AXIS2_PLACEMENT_3D('',#2705,#2706,#2707);
#2705 = CARTESIAN_POINT('',(39.733333333333,-35.,24.376264927547));
#2706 = DIRECTION('',(-2.449293598295E-16,-1.,0.));
#2707 = DIRECTION('',(1.,-2.449293598295E-16,0.));
#2708 = ORIENTED_EDGE('',*,*,#2700,.F.);
#2709 = ORIENTED_EDGE('',*,*,#2710,.F.);
#2710 = EDGE_CURVE('',#2682,#2692,#2711,.T.);
#2711 = CIRCLE('',#2712,3.083564776272);
#2712 = AXIS2_PLACEMENT_3D('',#2713,#2714,#2715);
#2713 = CARTESIAN_POINT('',(42.216666666667,-35.,23.806454585335));
#2714 = DIRECTION('',(0.97467134148,0.,-0.223642071396));
#2715 = DIRECTION('',(0.223642071396,0.,0.97467134148));
#2716 = FACE_BOUND('',#2717,.T.);
#2717 = EDGE_LOOP('',(#2718,#2719));
#2718 = ORIENTED_EDGE('',*,*,#2660,.T.);
#2719 = ORIENTED_EDGE('',*,*,#2641,.T.);
#2720 = SPHERICAL_SURFACE('',#2721,4.);
#2721 = AXIS2_PLACEMENT_3D('',#2722,#2723,#2724);
#2722 = CARTESIAN_POINT('',(39.733333333333,-35.,24.376264927547));
#2723 = DIRECTION('',(0.,0.,1.));
#2724 = DIRECTION('',(1.,0.,-0.));
#2725 = ADVANCED_FACE('',(#2726,#2766),#2770,.T.);
#2726 = FACE_BOUND('',#2727,.T.);
#2727 = EDGE_LOOP('',(#2728,#2739,#2740,#2749,#2758,#2759));
#2728 = ORIENTED_EDGE('',*,*,#2729,.F.);
#2729 = EDGE_CURVE('',#2730,#2732,#2734,.T.);
#2730 = VERTEX_POINT('',#2731);
#2731 = CARTESIAN_POINT('',(44.7,-35.,19.236644243123));
#2732 = VERTEX_POINT('',#2733);
#2733 = CARTESIAN_POINT('',(46.668234382729,-35.,19.754395915584));
#2734 = CIRCLE('',#2735,4.);
#2735 = AXIS2_PLACEMENT_3D('',#2736,#2737,#2738);
#2736 = CARTESIAN_POINT('',(44.7,-35.,23.236644243123));
#2737 = DIRECTION('',(-2.449293598295E-16,-1.,0.));
#2738 = DIRECTION('',(1.,-2.449293598295E-16,0.));
#2739 = ORIENTED_EDGE('',*,*,#2729,.T.);
#2740 = ORIENTED_EDGE('',*,*,#2741,.F.);
#2741 = EDGE_CURVE('',#2742,#2732,#2744,.T.);
#2742 = VERTEX_POINT('',#2743);
#2743 = CARTESIAN_POINT('',(47.698432283937,-35.,25.884172116185));
#2744 = CIRCLE('',#2745,3.107871618371);
#2745 = AXIS2_PLACEMENT_3D('',#2746,#2747,#2748);
#2746 = CARTESIAN_POINT('',(47.183333333333,-35.,22.819284015885));
#2747 = DIRECTION('',(0.986169467935,0.,-0.165740099288));
#2748 = DIRECTION('',(0.165740099288,0.,0.986169467935));
#2749 = ORIENTED_EDGE('',*,*,#2750,.T.);
#2750 = EDGE_CURVE('',#2742,#2751,#2753,.T.);
#2751 = VERTEX_POINT('',#2752);
#2752 = CARTESIAN_POINT('',(44.7,-35.,27.236644243123));
#2753 = CIRCLE('',#2754,4.);
#2754 = AXIS2_PLACEMENT_3D('',#2755,#2756,#2757);
#2755 = CARTESIAN_POINT('',(44.7,-35.,23.236644243123));
#2756 = DIRECTION('',(-2.449293598295E-16,-1.,0.));
#2757 = DIRECTION('',(1.,-2.449293598295E-16,0.));
#2758 = ORIENTED_EDGE('',*,*,#2750,.F.);
#2759 = ORIENTED_EDGE('',*,*,#2760,.F.);
#2760 = EDGE_CURVE('',#2732,#2742,#2761,.T.);
#2761 = CIRCLE('',#2762,3.107871618371);
#2762 = AXIS2_PLACEMENT_3D('',#2763,#2764,#2765);
#2763 = CARTESIAN_POINT('',(47.183333333333,-35.,22.819284015885));
#2764 = DIRECTION('',(0.986169467935,0.,-0.165740099288));
#2765 = DIRECTION('',(0.165740099288,0.,0.986169467935));
#2766 = FACE_BOUND('',#2767,.T.);
#2767 = EDGE_LOOP('',(#2768,#2769));
#2768 = ORIENTED_EDGE('',*,*,#2710,.T.);
#2769 = ORIENTED_EDGE('',*,*,#2691,.T.);
#2770 = SPHERICAL_SURFACE('',#2771,4.);
#2771 = AXIS2_PLACEMENT_3D('',#2772,#2773,#2774);
#2772 = CARTESIAN_POINT('',(44.7,-35.,23.236644243123));
#2773 = DIRECTION('',(0.,0.,1.));
#2774 = DIRECTION('',(1.,0.,-0.));
#2775 = ADVANCED_FACE('',(#2776,#2816),#2820,.T.);
#2776 = FACE_BOUND('',#2777,.T.);
#2777 = EDGE_LOOP('',(#2778,#2789,#2790,#2799,#2808,#2809));
#2778 = ORIENTED_EDGE('',*,*,#2779,.F.);
#2779 = EDGE_CURVE('',#2780,#2782,#2784,.T.);
#2780 = VERTEX_POINT('',#2781);
#2781 = CARTESIAN_POINT('',(49.666666666667,-35.,18.401923788647));
#2782 = VERTEX_POINT('',#2783);
#2783 = CARTESIAN_POINT('',(51.907804765814,-35.,19.088722916295));
#2784 = CIRCLE('',#2785,4.);
#2785 = AXIS2_PLACEMENT_3D('',#2786,#2787,#2788);
#2786 = CARTESIAN_POINT('',(49.666666666667,-35.,22.401923788647));
#2787 = DIRECTION('',(-2.449293598295E-16,-1.,0.));
#2788 = DIRECTION('',(1.,-2.449293598295E-16,0.));
#2789 = ORIENTED_EDGE('',*,*,#2779,.T.);
#2790 = ORIENTED_EDGE('',*,*,#2791,.F.);
#2791 = EDGE_CURVE('',#2792,#2782,#2794,.T.);
#2792 = VERTEX_POINT('',#2793);
#2793 = CARTESIAN_POINT('',(52.392195234186,-35.,25.329635186247));
#2794 = CIRCLE('',#2795,3.129841053755);
#2795 = AXIS2_PLACEMENT_3D('',#2796,#2797,#2798);
#2796 = CARTESIAN_POINT('',(52.15,-35.,22.209179051271));
#2797 = DIRECTION('',(0.997001471123,0.,-7.738259867714E-02));
#2798 = DIRECTION('',(7.738259867714E-02,0.,0.997001471123));
#2799 = ORIENTED_EDGE('',*,*,#2800,.T.);
#2800 = EDGE_CURVE('',#2792,#2801,#2803,.T.);
#2801 = VERTEX_POINT('',#2802);
#2802 = CARTESIAN_POINT('',(49.666666666667,-35.,26.401923788647));
#2803 = CIRCLE('',#2804,4.);
#2804 = AXIS2_PLACEMENT_3D('',#2805,#2806,#2807);
#2805 = CARTESIAN_POINT('',(49.666666666667,-35.,22.401923788647));
#2806 = DIRECTION('',(-2.449293598295E-16,-1.,0.));
#2807 = DIRECTION('',(1.,-2.449293598295E-16,0.));
#2808 = ORIENTED_EDGE('',*,*,#2800,.F.);
#2809 = ORIENTED_EDGE('',*,*,#2810,.F.);
#2810 = EDGE_CURVE('',#2782,#2792,#2811,.T.);
#2811 = CIRCLE('',#2812,3.129841053755);
#2812 = AXIS2_PLACEMENT_3D('',#2813,#2814,#2815);
#2813 = CARTESIAN_POINT('',(52.15,-35.,22.209179051271));
#2814 = DIRECTION('',(0.997001471123,0.,-7.738259867714E-02));
#2815 = DIRECTION('',(7.738259867714E-02,0.,0.997001471123));
#2816 = FACE_BOUND('',#2817,.T.);
#2817 = EDGE_LOOP('',(#2818,#2819));
#2818 = ORIENTED_EDGE('',*,*,#2760,.T.);
#2819 = ORIENTED_EDGE('',*,*,#2741,.T.);
#2820 = SPHERICAL_SURFACE('',#2821,4.);
#2821 = AXIS2_PLACEMENT_3D('',#2822,#2823,#2824);
#2822 = CARTESIAN_POINT('',(49.666666666667,-35.,22.401923788647));
#2823 = DIRECTION('',(0.,0.,1.));
#2824 = DIRECTION('',(1.,0.,-0.));
#2825 = ADVANCED_FACE('',(#2826,#2866),#2870,.T.);
#2826 = FACE_BOUND('',#2827,.T.);
#2827 = EDGE_LOOP('',(#2828,#2839,#2840,#2849,#2858,#2859));
#2828 = ORIENTED_EDGE('',*,*,#2829,.F.);
#2829 = EDGE_CURVE('',#2830,#2832,#2834,.T.);
#2830 = VERTEX_POINT('',#2831);
#2831 = CARTESIAN_POINT('',(54.633333333333,-35.,18.016434313895));
#2832 = VERTEX_POINT('',#2833);
#2833 = CARTESIAN_POINT('',(57.198947833522,-35.,18.947619846316));
#2834 = CIRCLE('',#2835,4.);
#2835 = AXIS2_PLACEMENT_3D('',#2836,#2837,#2838);
#2836 = CARTESIAN_POINT('',(54.633333333333,-35.,22.016434313895));
#2837 = DIRECTION('',(-2.449293598295E-16,-1.,0.));
#2838 = DIRECTION('',(1.,-2.449293598295E-16,0.));
#2839 = ORIENTED_EDGE('',*,*,#2829,.T.);
#2840 = ORIENTED_EDGE('',*,*,#2841,.F.);
#2841 = EDGE_CURVE('',#2842,#2832,#2844,.T.);
#2842 = VERTEX_POINT('',#2843);
#2843 = CARTESIAN_POINT('',(57.034385499811,-35.,25.215644918693));
#2844 = CIRCLE('',#2845,3.135092465527);
#2845 = AXIS2_PLACEMENT_3D('',#2846,#2847,#2848);
#2846 = CARTESIAN_POINT('',(57.116666666667,-35.,22.081632382505));
#2847 = DIRECTION('',(0.999655535092,0.,2.624521214616E-02));
#2848 = DIRECTION('',(-2.624521214616E-02,0.,0.999655535092));
#2849 = ORIENTED_EDGE('',*,*,#2850,.T.);
#2850 = EDGE_CURVE('',#2842,#2851,#2853,.T.);
#2851 = VERTEX_POINT('',#2852);
#2852 = CARTESIAN_POINT('',(54.633333333333,-35.,26.016434313895));
#2853 = CIRCLE('',#2854,4.);
#2854 = AXIS2_PLACEMENT_3D('',#2855,#2856,#2857);
#2855 = CARTESIAN_POINT('',(54.633333333333,-35.,22.016434313895));
#2856 = DIRECTION('',(-2.449293598295E-16,-1.,0.));
#2857 = DIRECTION('',(1.,-2.449293598295E-16,0.));
#2858 = ORIENTED_EDGE('',*,*,#2850,.F.);
#2859 = ORIENTED_EDGE('',*,*,#2860,.F.);
#2860 = EDGE_CURVE('',#2832,#2842,#2861,.T.);
#2861 = CIRCLE('',#2862,3.135092465527);
#2862 = AXIS2_PLACEMENT_3D('',#2863,#2864,#2865);
#2863 = CARTESIAN_POINT('',(57.116666666667,-35.,22.081632382505));
#2864 = DIRECTION('',(0.999655535092,0.,2.624521214616E-02));
#2865 = DIRECTION('',(-2.624521214616E-02,0.,0.999655535092));
#2866 = FACE_BOUND('',#2867,.T.);
#2867 = EDGE_LOOP('',(#2868,#2869));
#2868 = ORIENTED_EDGE('',*,*,#2810,.T.);
#2869 = ORIENTED_EDGE('',*,*,#2791,.T.);
#2870 = SPHERICAL_SURFACE('',#2871,4.);
#2871 = AXIS2_PLACEMENT_3D('',#2872,#2873,#2874);
#2872 = CARTESIAN_POINT('',(54.633333333333,-35.,22.016434313895));
#2873 = DIRECTION('',(0.,0.,1.));
#2874 = DIRECTION('',(1.,0.,-0.));
#2875 = ADVANCED_FACE('',(#2876,#2916),#2920,.T.);
#2876 = FACE_BOUND('',#2877,.T.);
#2877 = EDGE_LOOP('',(#2878,#2889,#2890,#2899,#2908,#2909));
#2878 = ORIENTED_EDGE('',*,*,#2879,.F.);
#2879 = EDGE_CURVE('',#2880,#2882,#2884,.T.);
#2880 = VERTEX_POINT('',#2881);
#2881 = CARTESIAN_POINT('',(59.6,-35.,18.146830451115));
#2882 = VERTEX_POINT('',#2883);
#2883 = CARTESIAN_POINT('',(62.472130286523,-35.,19.362792445405));
#2884 = CIRCLE('',#2885,4.);
#2885 = AXIS2_PLACEMENT_3D('',#2886,#2887,#2888);
#2886 = CARTESIAN_POINT('',(59.6,-35.,22.146830451115));
#2887 = DIRECTION('',(-2.449293598295E-16,-1.,0.));
#2888 = DIRECTION('',(1.,-2.449293598295E-16,0.));
#2889 = ORIENTED_EDGE('',*,*,#2879,.T.);
#2890 = ORIENTED_EDGE('',*,*,#2891,.F.);
#2891 = EDGE_CURVE('',#2892,#2882,#2894,.T.);
#2892 = VERTEX_POINT('',#2893);
#2893 = CARTESIAN_POINT('',(61.694536380144,-35.,25.554603529278));
#2894 = CIRCLE('',#2895,3.120223420751);
#2895 = AXIS2_PLACEMENT_3D('',#2896,#2897,#2898);
#2896 = CARTESIAN_POINT('',(62.083333333333,-35.,22.458697987341));
#2897 = DIRECTION('',(0.992206366168,0.,0.124605485173));
#2898 = DIRECTION('',(-0.124605485173,0.,0.992206366168));
#2899 = ORIENTED_EDGE('',*,*,#2900,.T.);
#2900 = EDGE_CURVE('',#2892,#2901,#2903,.T.);
#2901 = VERTEX_POINT('',#2902);
#2902 = CARTESIAN_POINT('',(59.6,-35.,26.146830451115));
#2903 = CIRCLE('',#2904,4.);
#2904 = AXIS2_PLACEMENT_3D('',#2905,#2906,#2907);
#2905 = CARTESIAN_POINT('',(59.6,-35.,22.146830451115));
#2906 = DIRECTION('',(-2.449293598295E-16,-1.,0.));
#2907 = DIRECTION('',(1.,-2.449293598295E-16,0.));
#2908 = ORIENTED_EDGE('',*,*,#2900,.F.);
#2909 = ORIENTED_EDGE('',*,*,#2910,.F.);
#2910 = EDGE_CURVE('',#2882,#2892,#2911,.T.);
#2911 = CIRCLE('',#2912,3.120223420751);
#2912 = AXIS2_PLACEMENT_3D('',#2913,#2914,#2915);
#2913 = CARTESIAN_POINT('',(62.083333333333,-35.,22.458697987341));
#2914 = DIRECTION('',(0.992206366168,0.,0.124605485173));
#2915 = DIRECTION('',(-0.124605485173,0.,0.992206366168));
#2916 = FACE_BOUND('',#2917,.T.);
#2917 = EDGE_LOOP('',(#2918,#2919));
#2918 = ORIENTED_EDGE('',*,*,#2860,.T.);
#2919 = ORIENTED_EDGE('',*,*,#2841,.T.);
#2920 = SPHERICAL_SURFACE('',#2921,4.);
#2921 = AXIS2_PLACEMENT_3D('',#2922,#2923,#2924);
#2922 = CARTESIAN_POINT('',(59.6,-35.,22.146830451115));
#2923 = DIRECTION('',(0.,0.,1.));
#2924 = DIRECTION('',(1.,0.,-0.));
#2925 = ADVANCED_FACE('',(#2926,#2966),#2970,.T.);
#2926 = FACE_BOUND('',#2927,.T.);
#2927 = EDGE_LOOP('',(#2928,#2939,#2940,#2949,#2958,#2959));
#2928 = ORIENTED_EDGE('',*,*,#2929,.F.);
#2929 = EDGE_CURVE('',#2930,#2932,#2934,.T.);
#2930 = VERTEX_POINT('',#2931);
#2931 = CARTESIAN_POINT('',(64.566666666667,-35.,18.770565523568));
#2932 = VERTEX_POINT('',#2933);
#2933 = CARTESIAN_POINT('',(67.666288285301,-35.,20.24225663791));
#2934 = CIRCLE('',#2935,4.);
#2935 = AXIS2_PLACEMENT_3D('',#2936,#2937,#2938);
#2936 = CARTESIAN_POINT('',(64.566666666667,-35.,22.770565523568));
#2937 = DIRECTION('',(-2.449293598295E-16,-1.,0.));
#2938 = DIRECTION('',(1.,-2.449293598295E-16,0.));
#2939 = ORIENTED_EDGE('',*,*,#2929,.T.);
#2940 = ORIENTED_EDGE('',*,*,#2941,.F.);
#2941 = EDGE_CURVE('',#2942,#2932,#2944,.T.);
#2942 = VERTEX_POINT('',#2943);
#2943 = CARTESIAN_POINT('',(66.433711714699,-35.,26.30809895643));
#2944 = CIRCLE('',#2945,3.094902584717);
#2945 = AXIS2_PLACEMENT_3D('',#2946,#2947,#2948);
#2946 = CARTESIAN_POINT('',(67.05,-35.,23.27517779717));
#2947 = DIRECTION('',(0.979973060941,0.,0.199130107792));
#2948 = DIRECTION('',(-0.199130107792,0.,0.979973060941));
#2949 = ORIENTED_EDGE('',*,*,#2950,.T.);
#2950 = EDGE_CURVE('',#2942,#2951,#2953,.T.);
#2951 = VERTEX_POINT('',#2952);
#2952 = CARTESIAN_POINT('',(64.566666666667,-35.,26.770565523568));
#2953 = CIRCLE('',#2954,4.);
#2954 = AXIS2_PLACEMENT_3D('',#2955,#2956,#2957);
#2955 = CARTESIAN_POINT('',(64.566666666667,-35.,22.770565523568));
#2956 = DIRECTION('',(-2.449293598295E-16,-1.,0.));
#2957 = DIRECTION('',(1.,-2.449293598295E-16,0.));
#2958 = ORIENTED_EDGE('',*,*,#2950,.F.);
#2959 = ORIENTED_EDGE('',*,*,#2960,.F.);
#2960 = EDGE_CURVE('',#2932,#2942,#2961,.T.);
#2961 = CIRCLE('',#2962,3.094902584717);
#2962 = AXIS2_PLACEMENT_3D('',#2963,#2964,#2965);
#2963 = CARTESIAN_POINT('',(67.05,-35.,23.27517779717));
#2964 = DIRECTION('',(0.979973060941,0.,0.199130107792));
#2965 = DIRECTION('',(-0.199130107792,0.,0.979973060941));
#2966 = FACE_BOUND('',#2967,.T.);
#2967 = EDGE_LOOP('',(#2968,#2969));
#2968 = ORIENTED_EDGE('',*,*,#2910,.T.);
#2969 = ORIENTED_EDGE('',*,*,#2891,.T.);
#2970 = SPHERICAL_SURFACE('',#2971,4.);
#2971 = AXIS2_PLACEMENT_3D('',#2972,#2973,#2974);
#2972 = CARTESIAN_POINT('',(64.566666666667,-35.,22.770565523568));
#2973 = DIRECTION('',(0.,0.,1.));
#2974 = DIRECTION('',(1.,0.,-0.));
#2975 = ADVANCED_FACE('',(#2976,#3016),#3020,.T.);
#2976 = FACE_BOUND('',#2977,.T.);
#2977 = EDGE_LOOP('',(#2978,#2989,#2998,#3007,#3008,#3015));
#2978 = ORIENTED_EDGE('',*,*,#2979,.T.);
#2979 = EDGE_CURVE('',#2980,#2982,#2984,.T.);
#2980 = VERTEX_POINT('',#2981);
#2981 = CARTESIAN_POINT('',(69.533333333333,-35.,19.779790070773));
#2982 = VERTEX_POINT('',#2983);
#2983 = CARTESIAN_POINT('',(72.750517384413,-35.,21.402874678614));
#2984 = CIRCLE('',#2985,4.);
#2985 = AXIS2_PLACEMENT_3D('',#2986,#2987,#2988);
#2986 = CARTESIAN_POINT('',(69.533333333333,-35.,23.779790070773));
#2987 = DIRECTION('',(-2.449293598295E-16,-1.,0.));
#2988 = DIRECTION('',(1.,-2.449293598295E-16,0.));
#2989 = ORIENTED_EDGE('',*,*,#2990,.F.);
#2990 = EDGE_CURVE('',#2991,#2982,#2993,.T.);
#2991 = VERTEX_POINT('',#2992);
#2992 = CARTESIAN_POINT('',(71.282815948921,-35.,27.376915392159));
#2993 = CIRCLE('',#2994,3.075845816635);
#2994 = AXIS2_PLACEMENT_3D('',#2995,#2996,#2997);
#2995 = CARTESIAN_POINT('',(72.016666666667,-35.,24.389895035386));
#2996 = DIRECTION('',(0.971121614945,0.,0.23858501417));
#2997 = DIRECTION('',(-0.23858501417,0.,0.971121614945));
#2998 = ORIENTED_EDGE('',*,*,#2999,.T.);
#2999 = EDGE_CURVE('',#2991,#3000,#3002,.T.);
#3000 = VERTEX_POINT('',#3001);
#3001 = CARTESIAN_POINT('',(69.533333333333,-35.,27.779790070773));
#3002 = CIRCLE('',#3003,4.);
#3003 = AXIS2_PLACEMENT_3D('',#3004,#3005,#3006);
#3004 = CARTESIAN_POINT('',(69.533333333333,-35.,23.779790070773));
#3005 = DIRECTION('',(-2.449293598295E-16,-1.,0.));
#3006 = DIRECTION('',(1.,-2.449293598295E-16,0.));
#3007 = ORIENTED_EDGE('',*,*,#2999,.F.);
#3008 = ORIENTED_EDGE('',*,*,#3009,.F.);
#3009 = EDGE_CURVE('',#2982,#2991,#3010,.T.);
#3010 = CIRCLE('',#3011,3.075845816635);
#3011 = AXIS2_PLACEMENT_3D('',#3012,#3013,#3014);
#3012 = CARTESIAN_POINT('',(72.016666666667,-35.,24.389895035386));
#3013 = DIRECTION('',(0.971121614945,0.,0.23858501417));
#3014 = DIRECTION('',(-0.23858501417,0.,0.971121614945));
#3015 = ORIENTED_EDGE('',*,*,#2979,.F.);
#3016 = FACE_BOUND('',#3017,.T.);
#3017 = EDGE_LOOP('',(#3018,#3019));
#3018 = ORIENTED_EDGE('',*,*,#2960,.T.);
#3019 = ORIENTED_EDGE('',*,*,#2941,.T.);
#3020 = SPHERICAL_SURFACE('',#3021,4.);
#3021 = AXIS2_PLACEMENT_3D('',#3022,#3023,#3024);
#3022 = CARTESIAN_POINT('',(69.533333333333,-35.,23.779790070773));
#3023 = DIRECTION('',(0.,0.,1.));
#3024 = DIRECTION('',(1.,0.,-0.));
#3025 = ADVANCED_FACE('',(#3026,#3030),#3034,.T.);
#3026 = FACE_BOUND('',#3027,.T.);
#3027 = VERTEX_LOOP('',#3028);
#3028 = VERTEX_POINT('',#3029);
#3029 = CARTESIAN_POINT('',(74.5,-35.,29.));
#3030 = FACE_BOUND('',#3031,.T.);
#3031 = EDGE_LOOP('',(#3032,#3033));
#3032 = ORIENTED_EDGE('',*,*,#3009,.T.);
#3033 = ORIENTED_EDGE('',*,*,#2990,.T.);
#3034 = SPHERICAL_SURFACE('',#3035,4.);
#3035 = AXIS2_PLACEMENT_3D('',#3036,#3037,#3038);
#3036 = CARTESIAN_POINT('',(74.5,-35.,25.));
#3037 = DIRECTION('',(0.,0.,1.));
#3038 = DIRECTION('',(1.,0.,-0.));
#3039 = MANIFOLD_SOLID_BREP('',#3040);
#3040 = CLOSED_SHELL('',(#3041,#3081,#3218,#3243,#3268,#3319,#3336,#3353
    ,#3370,#3387,#3399,#3431,#3455,#3480,#3504,#3529,#3553,#3578,#3595)
  );
#3041 = ADVANCED_FACE('',(#3042),#3076,.F.);
#3042 = FACE_BOUND('',#3043,.F.);
#3043 = EDGE_LOOP('',(#3044,#3054,#3062,#3070));
#3044 = ORIENTED_EDGE('',*,*,#3045,.F.);
#3045 = EDGE_CURVE('',#3046,#3048,#3050,.T.);
#3046 = VERTEX_POINT('',#3047);
#3047 = CARTESIAN_POINT('',(-99.5,-53.,22.));
#3048 = VERTEX_POINT('',#3049);
#3049 = CARTESIAN_POINT('',(-99.5,53.,22.));
#3050 = LINE('',#3051,#3052);
#3051 = CARTESIAN_POINT('',(-99.5,-56.,22.));
#3052 = VECTOR('',#3053,1.);
#3053 = DIRECTION('',(-0.,1.,0.));
#3054 = ORIENTED_EDGE('',*,*,#3055,.F.);
#3055 = EDGE_CURVE('',#3056,#3046,#3058,.T.);
#3056 = VERTEX_POINT('',#3057);
#3057 = CARTESIAN_POINT('',(-99.5,-53.,0.));
#3058 = LINE('',#3059,#3060);
#3059 = CARTESIAN_POINT('',(-99.5,-53.,0.));
#3060 = VECTOR('',#3061,1.);
#3061 = DIRECTION('',(0.,0.,1.));
#3062 = ORIENTED_EDGE('',*,*,#3063,.T.);
#3063 = EDGE_CURVE('',#3056,#3064,#3066,.T.);
#3064 = VERTEX_POINT('',#3065);
#3065 = CARTESIAN_POINT('',(-99.5,53.,0.));
#3066 = LINE('',#3067,#3068);
#3067 = CARTESIAN_POINT('',(-99.5,-56.,0.));
#3068 = VECTOR('',#3069,1.);
#3069 = DIRECTION('',(-0.,1.,0.));
#3070 = ORIENTED_EDGE('',*,*,#3071,.T.);
#3071 = EDGE_CURVE('',#3064,#3048,#3072,.T.);
#3072 = LINE('',#3073,#3074);
#3073 = CARTESIAN_POINT('',(-99.5,53.,0.));
#3074 = VECTOR('',#3075,1.);
#3075 = DIRECTION('',(0.,0.,1.));
#3076 = PLANE('',#3077);
#3077 = AXIS2_PLACEMENT_3D('',#3078,#3079,#3080);
#3078 = CARTESIAN_POINT('',(-99.5,-56.,0.));
#3079 = DIRECTION('',(1.,0.,-0.));
#3080 = DIRECTION('',(0.,0.,1.));
#3081 = ADVANCED_FACE('',(#3082,#3143),#3213,.T.);
#3082 = FACE_BOUND('',#3083,.T.);
#3083 = EDGE_LOOP('',(#3084,#3085,#3094,#3102,#3111,#3119,#3128,#3136));
#3084 = ORIENTED_EDGE('',*,*,#3045,.F.);
#3085 = ORIENTED_EDGE('',*,*,#3086,.T.);
#3086 = EDGE_CURVE('',#3046,#3087,#3089,.T.);
#3087 = VERTEX_POINT('',#3088);
#3088 = CARTESIAN_POINT('',(-96.5,-56.,22.));
#3089 = CIRCLE('',#3090,3.);
#3090 = AXIS2_PLACEMENT_3D('',#3091,#3092,#3093);
#3091 = CARTESIAN_POINT('',(-96.5,-53.,22.));
#3092 = DIRECTION('',(0.,0.,1.));
#3093 = DIRECTION('',(0.,-1.,0.));
#3094 = ORIENTED_EDGE('',*,*,#3095,.T.);
#3095 = EDGE_CURVE('',#3087,#3096,#3098,.T.);
#3096 = VERTEX_POINT('',#3097);
#3097 = CARTESIAN_POINT('',(96.5,-56.,22.));
#3098 = LINE('',#3099,#3100);
#3099 = CARTESIAN_POINT('',(-99.5,-56.,22.));
#3100 = VECTOR('',#3101,1.);
#3101 = DIRECTION('',(1.,0.,-0.));
#3102 = ORIENTED_EDGE('',*,*,#3103,.F.);
#3103 = EDGE_CURVE('',#3104,#3096,#3106,.T.);
#3104 = VERTEX_POINT('',#3105);
#3105 = CARTESIAN_POINT('',(99.5,-53.,22.));
#3106 = CIRCLE('',#3107,3.);
#3107 = AXIS2_PLACEMENT_3D('',#3108,#3109,#3110);
#3108 = CARTESIAN_POINT('',(96.5,-53.,22.));
#3109 = DIRECTION('',(-0.,-0.,-1.));
#3110 = DIRECTION('',(0.,-1.,0.));
#3111 = ORIENTED_EDGE('',*,*,#3112,.T.);
#3112 = EDGE_CURVE('',#3104,#3113,#3115,.T.);
#3113 = VERTEX_POINT('',#3114);
#3114 = CARTESIAN_POINT('',(99.5,53.,22.));
#3115 = LINE('',#3116,#3117);
#3116 = CARTESIAN_POINT('',(99.5,-56.,22.));
#3117 = VECTOR('',#3118,1.);
#3118 = DIRECTION('',(-0.,1.,0.));
#3119 = ORIENTED_EDGE('',*,*,#3120,.T.);
#3120 = EDGE_CURVE('',#3113,#3121,#3123,.T.);
#3121 = VERTEX_POINT('',#3122);
#3122 = CARTESIAN_POINT('',(96.5,56.,22.));
#3123 = CIRCLE('',#3124,3.);
#3124 = AXIS2_PLACEMENT_3D('',#3125,#3126,#3127);
#3125 = CARTESIAN_POINT('',(96.5,53.,22.));
#3126 = DIRECTION('',(0.,0.,1.));
#3127 = DIRECTION('',(0.,-1.,0.));
#3128 = ORIENTED_EDGE('',*,*,#3129,.F.);
#3129 = EDGE_CURVE('',#3130,#3121,#3132,.T.);
#3130 = VERTEX_POINT('',#3131);
#3131 = CARTESIAN_POINT('',(-96.5,56.,22.));
#3132 = LINE('',#3133,#3134);
#3133 = CARTESIAN_POINT('',(-99.5,56.,22.));
#3134 = VECTOR('',#3135,1.);
#3135 = DIRECTION('',(1.,0.,-0.));
#3136 = ORIENTED_EDGE('',*,*,#3137,.F.);
#3137 = EDGE_CURVE('',#3048,#3130,#3138,.T.);
#3138 = CIRCLE('',#3139,3.);
#3139 = AXIS2_PLACEMENT_3D('',#3140,#3141,#3142);
#3140 = CARTESIAN_POINT('',(-96.5,53.,22.));
#3141 = DIRECTION('',(-0.,-0.,-1.));
#3142 = DIRECTION('',(0.,-1.,0.));
#3143 = FACE_BOUND('',#3144,.T.);
#3144 = EDGE_LOOP('',(#3145,#3156,#3164,#3173,#3181,#3190,#3198,#3207));
#3145 = ORIENTED_EDGE('',*,*,#3146,.F.);
#3146 = EDGE_CURVE('',#3147,#3149,#3151,.T.);
#3147 = VERTEX_POINT('',#3148);
#3148 = CARTESIAN_POINT('',(-87.5,-40.8,22.));
#3149 = VERTEX_POINT('',#3150);
#3150 = CARTESIAN_POINT('',(-84.3,-44.,22.));
#3151 = CIRCLE('',#3152,3.2);
#3152 = AXIS2_PLACEMENT_3D('',#3153,#3154,#3155);
#3153 = CARTESIAN_POINT('',(-84.3,-40.8,22.));
#3154 = DIRECTION('',(0.,0.,1.));
#3155 = DIRECTION('',(-1.,-0.,0.));
#3156 = ORIENTED_EDGE('',*,*,#3157,.T.);
#3157 = EDGE_CURVE('',#3147,#3158,#3160,.T.);
#3158 = VERTEX_POINT('',#3159);
#3159 = CARTESIAN_POINT('',(-87.5,40.8,22.));
#3160 = LINE('',#3161,#3162);
#3161 = CARTESIAN_POINT('',(-87.5,-50.,22.));
#3162 = VECTOR('',#3163,1.);
#3163 = DIRECTION('',(-0.,1.,0.));
#3164 = ORIENTED_EDGE('',*,*,#3165,.F.);
#3165 = EDGE_CURVE('',#3166,#3158,#3168,.T.);
#3166 = VERTEX_POINT('',#3167);
#3167 = CARTESIAN_POINT('',(-84.3,44.,22.));
#3168 = CIRCLE('',#3169,3.2);
#3169 = AXIS2_PLACEMENT_3D('',#3170,#3171,#3172);
#3170 = CARTESIAN_POINT('',(-84.3,40.8,22.));
#3171 = DIRECTION('',(0.,0.,1.));
#3172 = DIRECTION('',(-1.,-0.,0.));
#3173 = ORIENTED_EDGE('',*,*,#3174,.F.);
#3174 = EDGE_CURVE('',#3175,#3166,#3177,.T.);
#3175 = VERTEX_POINT('',#3176);
#3176 = CARTESIAN_POINT('',(84.3,44.,22.));
#3177 = LINE('',#3178,#3179);
#3178 = CARTESIAN_POINT('',(-93.5,44.,22.));
#3179 = VECTOR('',#3180,1.);
#3180 = DIRECTION('',(-1.,-0.,0.));
#3181 = ORIENTED_EDGE('',*,*,#3182,.F.);
#3182 = EDGE_CURVE('',#3183,#3175,#3185,.T.);
#3183 = VERTEX_POINT('',#3184);
#3184 = CARTESIAN_POINT('',(87.5,40.8,22.));
#3185 = CIRCLE('',#3186,3.2);
#3186 = AXIS2_PLACEMENT_3D('',#3187,#3188,#3189);
#3187 = CARTESIAN_POINT('',(84.3,40.8,22.));
#3188 = DIRECTION('',(0.,0.,1.));
#3189 = DIRECTION('',(1.,0.,-0.));
#3190 = ORIENTED_EDGE('',*,*,#3191,.F.);
#3191 = EDGE_CURVE('',#3192,#3183,#3194,.T.);
#3192 = VERTEX_POINT('',#3193);
#3193 = CARTESIAN_POINT('',(87.5,-40.8,22.));
#3194 = LINE('',#3195,#3196);
#3195 = CARTESIAN_POINT('',(87.5,-50.,22.));
#3196 = VECTOR('',#3197,1.);
#3197 = DIRECTION('',(-0.,1.,0.));
#3198 = ORIENTED_EDGE('',*,*,#3199,.F.);
#3199 = EDGE_CURVE('',#3200,#3192,#3202,.T.);
#3200 = VERTEX_POINT('',#3201);
#3201 = CARTESIAN_POINT('',(84.3,-44.,22.));
#3202 = CIRCLE('',#3203,3.2);
#3203 = AXIS2_PLACEMENT_3D('',#3204,#3205,#3206);
#3204 = CARTESIAN_POINT('',(84.3,-40.8,22.));
#3205 = DIRECTION('',(0.,0.,1.));
#3206 = DIRECTION('',(1.,0.,-0.));
#3207 = ORIENTED_EDGE('',*,*,#3208,.T.);
#3208 = EDGE_CURVE('',#3200,#3149,#3209,.T.);
#3209 = LINE('',#3210,#3211);
#3210 = CARTESIAN_POINT('',(-93.5,-44.,22.));
#3211 = VECTOR('',#3212,1.);
#3212 = DIRECTION('',(-1.,-0.,0.));
#3213 = PLANE('',#3214);
#3214 = AXIS2_PLACEMENT_3D('',#3215,#3216,#3217);
#3215 = CARTESIAN_POINT('',(-99.5,-56.,22.));
#3216 = DIRECTION('',(0.,0.,1.));
#3217 = DIRECTION('',(1.,0.,-0.));
#3218 = ADVANCED_FACE('',(#3219),#3238,.T.);
#3219 = FACE_BOUND('',#3220,.T.);
#3220 = EDGE_LOOP('',(#3221,#3230,#3236,#3237));
#3221 = ORIENTED_EDGE('',*,*,#3222,.T.);
#3222 = EDGE_CURVE('',#3056,#3223,#3225,.T.);
#3223 = VERTEX_POINT('',#3224);
#3224 = CARTESIAN_POINT('',(-96.5,-56.,0.));
#3225 = CIRCLE('',#3226,3.);
#3226 = AXIS2_PLACEMENT_3D('',#3227,#3228,#3229);
#3227 = CARTESIAN_POINT('',(-96.5,-53.,0.));
#3228 = DIRECTION('',(0.,0.,1.));
#3229 = DIRECTION('',(0.,-1.,0.));
#3230 = ORIENTED_EDGE('',*,*,#3231,.T.);
#3231 = EDGE_CURVE('',#3223,#3087,#3232,.T.);
#3232 = LINE('',#3233,#3234);
#3233 = CARTESIAN_POINT('',(-96.5,-56.,0.));
#3234 = VECTOR('',#3235,1.);
#3235 = DIRECTION('',(0.,0.,1.));
#3236 = ORIENTED_EDGE('',*,*,#3086,.F.);
#3237 = ORIENTED_EDGE('',*,*,#3055,.F.);
#3238 = CYLINDRICAL_SURFACE('',#3239,3.);
#3239 = AXIS2_PLACEMENT_3D('',#3240,#3241,#3242);
#3240 = CARTESIAN_POINT('',(-96.5,-53.,0.));
#3241 = DIRECTION('',(0.,0.,1.));
#3242 = DIRECTION('',(-1.,-0.,0.));
#3243 = ADVANCED_FACE('',(#3244),#3263,.T.);
#3244 = FACE_BOUND('',#3245,.F.);
#3245 = EDGE_LOOP('',(#3246,#3255,#3261,#3262));
#3246 = ORIENTED_EDGE('',*,*,#3247,.T.);
#3247 = EDGE_CURVE('',#3064,#3248,#3250,.T.);
#3248 = VERTEX_POINT('',#3249);
#3249 = CARTESIAN_POINT('',(-96.5,56.,0.));
#3250 = CIRCLE('',#3251,3.);
#3251 = AXIS2_PLACEMENT_3D('',#3252,#3253,#3254);
#3252 = CARTESIAN_POINT('',(-96.5,53.,0.));
#3253 = DIRECTION('',(-0.,-0.,-1.));
#3254 = DIRECTION('',(0.,-1.,0.));
#3255 = ORIENTED_EDGE('',*,*,#3256,.T.);
#3256 = EDGE_CURVE('',#3248,#3130,#3257,.T.);
#3257 = LINE('',#3258,#3259);
#3258 = CARTESIAN_POINT('',(-96.5,56.,0.));
#3259 = VECTOR('',#3260,1.);
#3260 = DIRECTION('',(0.,0.,1.));
#3261 = ORIENTED_EDGE('',*,*,#3137,.F.);
#3262 = ORIENTED_EDGE('',*,*,#3071,.F.);
#3263 = CYLINDRICAL_SURFACE('',#3264,3.);
#3264 = AXIS2_PLACEMENT_3D('',#3265,#3266,#3267);
#3265 = CARTESIAN_POINT('',(-96.5,53.,0.));
#3266 = DIRECTION('',(0.,0.,1.));
#3267 = DIRECTION('',(-1.,-0.,0.));
#3268 = ADVANCED_FACE('',(#3269),#3314,.F.);
#3269 = FACE_BOUND('',#3270,.F.);
#3270 = EDGE_LOOP('',(#3271,#3272,#3273,#3281,#3290,#3298,#3307,#3313));
#3271 = ORIENTED_EDGE('',*,*,#3063,.F.);
#3272 = ORIENTED_EDGE('',*,*,#3222,.T.);
#3273 = ORIENTED_EDGE('',*,*,#3274,.T.);
#3274 = EDGE_CURVE('',#3223,#3275,#3277,.T.);
#3275 = VERTEX_POINT('',#3276);
#3276 = CARTESIAN_POINT('',(96.5,-56.,0.));
#3277 = LINE('',#3278,#3279);
#3278 = CARTESIAN_POINT('',(-99.5,-56.,0.));
#3279 = VECTOR('',#3280,1.);
#3280 = DIRECTION('',(1.,0.,-0.));
#3281 = ORIENTED_EDGE('',*,*,#3282,.F.);
#3282 = EDGE_CURVE('',#3283,#3275,#3285,.T.);
#3283 = VERTEX_POINT('',#3284);
#3284 = CARTESIAN_POINT('',(99.5,-53.,0.));
#3285 = CIRCLE('',#3286,3.);
#3286 = AXIS2_PLACEMENT_3D('',#3287,#3288,#3289);
#3287 = CARTESIAN_POINT('',(96.5,-53.,0.));
#3288 = DIRECTION('',(-0.,-0.,-1.));
#3289 = DIRECTION('',(0.,-1.,0.));
#3290 = ORIENTED_EDGE('',*,*,#3291,.T.);
#3291 = EDGE_CURVE('',#3283,#3292,#3294,.T.);
#3292 = VERTEX_POINT('',#3293);
#3293 = CARTESIAN_POINT('',(99.5,53.,0.));
#3294 = LINE('',#3295,#3296);
#3295 = CARTESIAN_POINT('',(99.5,-56.,0.));
#3296 = VECTOR('',#3297,1.);
#3297 = DIRECTION('',(-0.,1.,0.));
#3298 = ORIENTED_EDGE('',*,*,#3299,.T.);
#3299 = EDGE_CURVE('',#3292,#3300,#3302,.T.);
#3300 = VERTEX_POINT('',#3301);
#3301 = CARTESIAN_POINT('',(96.5,56.,0.));
#3302 = CIRCLE('',#3303,3.);
#3303 = AXIS2_PLACEMENT_3D('',#3304,#3305,#3306);
#3304 = CARTESIAN_POINT('',(96.5,53.,0.));
#3305 = DIRECTION('',(0.,0.,1.));
#3306 = DIRECTION('',(0.,-1.,0.));
#3307 = ORIENTED_EDGE('',*,*,#3308,.F.);
#3308 = EDGE_CURVE('',#3248,#3300,#3309,.T.);
#3309 = LINE('',#3310,#3311);
#3310 = CARTESIAN_POINT('',(-99.5,56.,0.));
#3311 = VECTOR('',#3312,1.);
#3312 = DIRECTION('',(1.,0.,-0.));
#3313 = ORIENTED_EDGE('',*,*,#3247,.F.);
#3314 = PLANE('',#3315);
#3315 = AXIS2_PLACEMENT_3D('',#3316,#3317,#3318);
#3316 = CARTESIAN_POINT('',(-99.5,-56.,0.));
#3317 = DIRECTION('',(0.,0.,1.));
#3318 = DIRECTION('',(1.,0.,-0.));
#3319 = ADVANCED_FACE('',(#3320),#3331,.F.);
#3320 = FACE_BOUND('',#3321,.F.);
#3321 = EDGE_LOOP('',(#3322,#3323,#3324,#3325));
#3322 = ORIENTED_EDGE('',*,*,#3274,.F.);
#3323 = ORIENTED_EDGE('',*,*,#3231,.T.);
#3324 = ORIENTED_EDGE('',*,*,#3095,.T.);
#3325 = ORIENTED_EDGE('',*,*,#3326,.F.);
#3326 = EDGE_CURVE('',#3275,#3096,#3327,.T.);
#3327 = LINE('',#3328,#3329);
#3328 = CARTESIAN_POINT('',(96.5,-56.,0.));
#3329 = VECTOR('',#3330,1.);
#3330 = DIRECTION('',(0.,0.,1.));
#3331 = PLANE('',#3332);
#3332 = AXIS2_PLACEMENT_3D('',#3333,#3334,#3335);
#3333 = CARTESIAN_POINT('',(-99.5,-56.,0.));
#3334 = DIRECTION('',(-0.,1.,0.));
#3335 = DIRECTION('',(0.,0.,1.));
#3336 = ADVANCED_FACE('',(#3337),#3348,.T.);
#3337 = FACE_BOUND('',#3338,.T.);
#3338 = EDGE_LOOP('',(#3339,#3340,#3341,#3342));
#3339 = ORIENTED_EDGE('',*,*,#3308,.F.);
#3340 = ORIENTED_EDGE('',*,*,#3256,.T.);
#3341 = ORIENTED_EDGE('',*,*,#3129,.T.);
#3342 = ORIENTED_EDGE('',*,*,#3343,.F.);
#3343 = EDGE_CURVE('',#3300,#3121,#3344,.T.);
#3344 = LINE('',#3345,#3346);
#3345 = CARTESIAN_POINT('',(96.5,56.,0.));
#3346 = VECTOR('',#3347,1.);
#3347 = DIRECTION('',(0.,0.,1.));
#3348 = PLANE('',#3349);
#3349 = AXIS2_PLACEMENT_3D('',#3350,#3351,#3352);
#3350 = CARTESIAN_POINT('',(-99.5,56.,0.));
#3351 = DIRECTION('',(-0.,1.,0.));
#3352 = DIRECTION('',(0.,0.,1.));
#3353 = ADVANCED_FACE('',(#3354),#3365,.T.);
#3354 = FACE_BOUND('',#3355,.F.);
#3355 = EDGE_LOOP('',(#3356,#3357,#3358,#3359));
#3356 = ORIENTED_EDGE('',*,*,#3282,.T.);
#3357 = ORIENTED_EDGE('',*,*,#3326,.T.);
#3358 = ORIENTED_EDGE('',*,*,#3103,.F.);
#3359 = ORIENTED_EDGE('',*,*,#3360,.F.);
#3360 = EDGE_CURVE('',#3283,#3104,#3361,.T.);
#3361 = LINE('',#3362,#3363);
#3362 = CARTESIAN_POINT('',(99.5,-53.,0.));
#3363 = VECTOR('',#3364,1.);
#3364 = DIRECTION('',(0.,0.,1.));
#3365 = CYLINDRICAL_SURFACE('',#3366,3.);
#3366 = AXIS2_PLACEMENT_3D('',#3367,#3368,#3369);
#3367 = CARTESIAN_POINT('',(96.5,-53.,0.));
#3368 = DIRECTION('',(0.,0.,1.));
#3369 = DIRECTION('',(1.,0.,-0.));
#3370 = ADVANCED_FACE('',(#3371),#3382,.T.);
#3371 = FACE_BOUND('',#3372,.T.);
#3372 = EDGE_LOOP('',(#3373,#3374,#3375,#3376));
#3373 = ORIENTED_EDGE('',*,*,#3299,.T.);
#3374 = ORIENTED_EDGE('',*,*,#3343,.T.);
#3375 = ORIENTED_EDGE('',*,*,#3120,.F.);
#3376 = ORIENTED_EDGE('',*,*,#3377,.F.);
#3377 = EDGE_CURVE('',#3292,#3113,#3378,.T.);
#3378 = LINE('',#3379,#3380);
#3379 = CARTESIAN_POINT('',(99.5,53.,0.));
#3380 = VECTOR('',#3381,1.);
#3381 = DIRECTION('',(0.,0.,1.));
#3382 = CYLINDRICAL_SURFACE('',#3383,3.);
#3383 = AXIS2_PLACEMENT_3D('',#3384,#3385,#3386);
#3384 = CARTESIAN_POINT('',(96.5,53.,0.));
#3385 = DIRECTION('',(0.,0.,1.));
#3386 = DIRECTION('',(1.,0.,-0.));
#3387 = ADVANCED_FACE('',(#3388),#3394,.T.);
#3388 = FACE_BOUND('',#3389,.T.);
#3389 = EDGE_LOOP('',(#3390,#3391,#3392,#3393));
#3390 = ORIENTED_EDGE('',*,*,#3112,.F.);
#3391 = ORIENTED_EDGE('',*,*,#3360,.F.);
#3392 = ORIENTED_EDGE('',*,*,#3291,.T.);
#3393 = ORIENTED_EDGE('',*,*,#3377,.T.);
#3394 = PLANE('',#3395);
#3395 = AXIS2_PLACEMENT_3D('',#3396,#3397,#3398);
#3396 = CARTESIAN_POINT('',(99.5,-56.,0.));
#3397 = DIRECTION('',(1.,0.,-0.));
#3398 = DIRECTION('',(0.,0.,1.));
#3399 = ADVANCED_FACE('',(#3400),#3426,.F.);
#3400 = FACE_BOUND('',#3401,.F.);
#3401 = EDGE_LOOP('',(#3402,#3410,#3419,#3425));
#3402 = ORIENTED_EDGE('',*,*,#3403,.F.);
#3403 = EDGE_CURVE('',#3404,#3147,#3406,.T.);
#3404 = VERTEX_POINT('',#3405);
#3405 = CARTESIAN_POINT('',(-87.5,-40.8,6.));
#3406 = LINE('',#3407,#3408);
#3407 = CARTESIAN_POINT('',(-87.5,-40.8,6.));
#3408 = VECTOR('',#3409,1.);
#3409 = DIRECTION('',(0.,0.,1.));
#3410 = ORIENTED_EDGE('',*,*,#3411,.T.);
#3411 = EDGE_CURVE('',#3404,#3412,#3414,.T.);
#3412 = VERTEX_POINT('',#3413);
#3413 = CARTESIAN_POINT('',(-84.3,-44.,6.));
#3414 = CIRCLE('',#3415,3.2);
#3415 = AXIS2_PLACEMENT_3D('',#3416,#3417,#3418);
#3416 = CARTESIAN_POINT('',(-84.3,-40.8,6.));
#3417 = DIRECTION('',(0.,0.,1.));
#3418 = DIRECTION('',(0.,-1.,0.));
#3419 = ORIENTED_EDGE('',*,*,#3420,.T.);
#3420 = EDGE_CURVE('',#3412,#3149,#3421,.T.);
#3421 = LINE('',#3422,#3423);
#3422 = CARTESIAN_POINT('',(-84.3,-44.,6.));
#3423 = VECTOR('',#3424,1.);
#3424 = DIRECTION('',(0.,0.,1.));
#3425 = ORIENTED_EDGE('',*,*,#3146,.F.);
#3426 = CYLINDRICAL_SURFACE('',#3427,3.2);
#3427 = AXIS2_PLACEMENT_3D('',#3428,#3429,#3430);
#3428 = CARTESIAN_POINT('',(-84.3,-40.8,6.));
#3429 = DIRECTION('',(0.,0.,1.));
#3430 = DIRECTION('',(-1.,-0.,0.));
#3431 = ADVANCED_FACE('',(#3432),#3450,.T.);
#3432 = FACE_BOUND('',#3433,.T.);
#3433 = EDGE_LOOP('',(#3434,#3442,#3443,#3444));
#3434 = ORIENTED_EDGE('',*,*,#3435,.F.);
#3435 = EDGE_CURVE('',#3412,#3436,#3438,.T.);
#3436 = VERTEX_POINT('',#3437);
#3437 = CARTESIAN_POINT('',(84.3,-44.,6.));
#3438 = LINE('',#3439,#3440);
#3439 = CARTESIAN_POINT('',(-87.5,-44.,6.));
#3440 = VECTOR('',#3441,1.);
#3441 = DIRECTION('',(1.,0.,-0.));
#3442 = ORIENTED_EDGE('',*,*,#3420,.T.);
#3443 = ORIENTED_EDGE('',*,*,#3208,.F.);
#3444 = ORIENTED_EDGE('',*,*,#3445,.F.);
#3445 = EDGE_CURVE('',#3436,#3200,#3446,.T.);
#3446 = LINE('',#3447,#3448);
#3447 = CARTESIAN_POINT('',(84.3,-44.,6.));
#3448 = VECTOR('',#3449,1.);
#3449 = DIRECTION('',(0.,0.,1.));
#3450 = PLANE('',#3451);
#3451 = AXIS2_PLACEMENT_3D('',#3452,#3453,#3454);
#3452 = CARTESIAN_POINT('',(-87.5,-44.,6.));
#3453 = DIRECTION('',(-0.,1.,0.));
#3454 = DIRECTION('',(0.,0.,1.));
#3455 = ADVANCED_FACE('',(#3456),#3475,.F.);
#3456 = FACE_BOUND('',#3457,.T.);
#3457 = EDGE_LOOP('',(#3458,#3466,#3473,#3474));
#3458 = ORIENTED_EDGE('',*,*,#3459,.F.);
#3459 = EDGE_CURVE('',#3460,#3192,#3462,.T.);
#3460 = VERTEX_POINT('',#3461);
#3461 = CARTESIAN_POINT('',(87.5,-40.8,6.));
#3462 = LINE('',#3463,#3464);
#3463 = CARTESIAN_POINT('',(87.5,-40.8,6.));
#3464 = VECTOR('',#3465,1.);
#3465 = DIRECTION('',(0.,0.,1.));
#3466 = ORIENTED_EDGE('',*,*,#3467,.T.);
#3467 = EDGE_CURVE('',#3460,#3436,#3468,.T.);
#3468 = CIRCLE('',#3469,3.2);
#3469 = AXIS2_PLACEMENT_3D('',#3470,#3471,#3472);
#3470 = CARTESIAN_POINT('',(84.3,-40.8,6.));
#3471 = DIRECTION('',(-0.,-0.,-1.));
#3472 = DIRECTION('',(0.,-1.,0.));
#3473 = ORIENTED_EDGE('',*,*,#3445,.T.);
#3474 = ORIENTED_EDGE('',*,*,#3199,.T.);
#3475 = CYLINDRICAL_SURFACE('',#3476,3.2);
#3476 = AXIS2_PLACEMENT_3D('',#3477,#3478,#3479);
#3477 = CARTESIAN_POINT('',(84.3,-40.8,6.));
#3478 = DIRECTION('',(0.,0.,1.));
#3479 = DIRECTION('',(1.,0.,-0.));
#3480 = ADVANCED_FACE('',(#3481),#3499,.F.);
#3481 = FACE_BOUND('',#3482,.F.);
#3482 = EDGE_LOOP('',(#3483,#3484,#3485,#3493));
#3483 = ORIENTED_EDGE('',*,*,#3191,.F.);
#3484 = ORIENTED_EDGE('',*,*,#3459,.F.);
#3485 = ORIENTED_EDGE('',*,*,#3486,.T.);
#3486 = EDGE_CURVE('',#3460,#3487,#3489,.T.);
#3487 = VERTEX_POINT('',#3488);
#3488 = CARTESIAN_POINT('',(87.5,40.8,6.));
#3489 = LINE('',#3490,#3491);
#3490 = CARTESIAN_POINT('',(87.5,-44.,6.));
#3491 = VECTOR('',#3492,1.);
#3492 = DIRECTION('',(-0.,1.,0.));
#3493 = ORIENTED_EDGE('',*,*,#3494,.T.);
#3494 = EDGE_CURVE('',#3487,#3183,#3495,.T.);
#3495 = LINE('',#3496,#3497);
#3496 = CARTESIAN_POINT('',(87.5,40.8,6.));
#3497 = VECTOR('',#3498,1.);
#3498 = DIRECTION('',(0.,0.,1.));
#3499 = PLANE('',#3500);
#3500 = AXIS2_PLACEMENT_3D('',#3501,#3502,#3503);
#3501 = CARTESIAN_POINT('',(87.5,-44.,6.));
#3502 = DIRECTION('',(1.,0.,-0.));
#3503 = DIRECTION('',(0.,0.,1.));
#3504 = ADVANCED_FACE('',(#3505),#3524,.F.);
#3505 = FACE_BOUND('',#3506,.F.);
#3506 = EDGE_LOOP('',(#3507,#3508,#3517,#3523));
#3507 = ORIENTED_EDGE('',*,*,#3494,.F.);
#3508 = ORIENTED_EDGE('',*,*,#3509,.T.);
#3509 = EDGE_CURVE('',#3487,#3510,#3512,.T.);
#3510 = VERTEX_POINT('',#3511);
#3511 = CARTESIAN_POINT('',(84.3,44.,6.));
#3512 = CIRCLE('',#3513,3.2);
#3513 = AXIS2_PLACEMENT_3D('',#3514,#3515,#3516);
#3514 = CARTESIAN_POINT('',(84.3,40.8,6.));
#3515 = DIRECTION('',(0.,0.,1.));
#3516 = DIRECTION('',(0.,-1.,0.));
#3517 = ORIENTED_EDGE('',*,*,#3518,.T.);
#3518 = EDGE_CURVE('',#3510,#3175,#3519,.T.);
#3519 = LINE('',#3520,#3521);
#3520 = CARTESIAN_POINT('',(84.3,44.,6.));
#3521 = VECTOR('',#3522,1.);
#3522 = DIRECTION('',(0.,0.,1.));
#3523 = ORIENTED_EDGE('',*,*,#3182,.F.);
#3524 = CYLINDRICAL_SURFACE('',#3525,3.2);
#3525 = AXIS2_PLACEMENT_3D('',#3526,#3527,#3528);
#3526 = CARTESIAN_POINT('',(84.3,40.8,6.));
#3527 = DIRECTION('',(0.,0.,1.));
#3528 = DIRECTION('',(1.,0.,-0.));
#3529 = ADVANCED_FACE('',(#3530),#3548,.F.);
#3530 = FACE_BOUND('',#3531,.F.);
#3531 = EDGE_LOOP('',(#3532,#3540,#3546,#3547));
#3532 = ORIENTED_EDGE('',*,*,#3533,.F.);
#3533 = EDGE_CURVE('',#3534,#3510,#3536,.T.);
#3534 = VERTEX_POINT('',#3535);
#3535 = CARTESIAN_POINT('',(-84.3,44.,6.));
#3536 = LINE('',#3537,#3538);
#3537 = CARTESIAN_POINT('',(-87.5,44.,6.));
#3538 = VECTOR('',#3539,1.);
#3539 = DIRECTION('',(1.,0.,-0.));
#3540 = ORIENTED_EDGE('',*,*,#3541,.T.);
#3541 = EDGE_CURVE('',#3534,#3166,#3542,.T.);
#3542 = LINE('',#3543,#3544);
#3543 = CARTESIAN_POINT('',(-84.3,44.,6.));
#3544 = VECTOR('',#3545,1.);
#3545 = DIRECTION('',(0.,0.,1.));
#3546 = ORIENTED_EDGE('',*,*,#3174,.F.);
#3547 = ORIENTED_EDGE('',*,*,#3518,.F.);
#3548 = PLANE('',#3549);
#3549 = AXIS2_PLACEMENT_3D('',#3550,#3551,#3552);
#3550 = CARTESIAN_POINT('',(-87.5,44.,6.));
#3551 = DIRECTION('',(-0.,1.,0.));
#3552 = DIRECTION('',(0.,0.,1.));
#3553 = ADVANCED_FACE('',(#3554),#3573,.F.);
#3554 = FACE_BOUND('',#3555,.T.);
#3555 = EDGE_LOOP('',(#3556,#3564,#3571,#3572));
#3556 = ORIENTED_EDGE('',*,*,#3557,.F.);
#3557 = EDGE_CURVE('',#3558,#3158,#3560,.T.);
#3558 = VERTEX_POINT('',#3559);
#3559 = CARTESIAN_POINT('',(-87.5,40.8,6.));
#3560 = LINE('',#3561,#3562);
#3561 = CARTESIAN_POINT('',(-87.5,40.8,6.));
#3562 = VECTOR('',#3563,1.);
#3563 = DIRECTION('',(0.,0.,1.));
#3564 = ORIENTED_EDGE('',*,*,#3565,.T.);
#3565 = EDGE_CURVE('',#3558,#3534,#3566,.T.);
#3566 = CIRCLE('',#3567,3.2);
#3567 = AXIS2_PLACEMENT_3D('',#3568,#3569,#3570);
#3568 = CARTESIAN_POINT('',(-84.3,40.8,6.));
#3569 = DIRECTION('',(-0.,-0.,-1.));
#3570 = DIRECTION('',(0.,-1.,0.));
#3571 = ORIENTED_EDGE('',*,*,#3541,.T.);
#3572 = ORIENTED_EDGE('',*,*,#3165,.T.);
#3573 = CYLINDRICAL_SURFACE('',#3574,3.2);
#3574 = AXIS2_PLACEMENT_3D('',#3575,#3576,#3577);
#3575 = CARTESIAN_POINT('',(-84.3,40.8,6.));
#3576 = DIRECTION('',(0.,0.,1.));
#3577 = DIRECTION('',(-1.,-0.,0.));
#3578 = ADVANCED_FACE('',(#3579),#3590,.T.);
#3579 = FACE_BOUND('',#3580,.T.);
#3580 = EDGE_LOOP('',(#3581,#3582,#3583,#3589));
#3581 = ORIENTED_EDGE('',*,*,#3157,.F.);
#3582 = ORIENTED_EDGE('',*,*,#3403,.F.);
#3583 = ORIENTED_EDGE('',*,*,#3584,.T.);
#3584 = EDGE_CURVE('',#3404,#3558,#3585,.T.);
#3585 = LINE('',#3586,#3587);
#3586 = CARTESIAN_POINT('',(-87.5,-44.,6.));
#3587 = VECTOR('',#3588,1.);
#3588 = DIRECTION('',(-0.,1.,0.));
#3589 = ORIENTED_EDGE('',*,*,#3557,.T.);
#3590 = PLANE('',#3591);
#3591 = AXIS2_PLACEMENT_3D('',#3592,#3593,#3594);
#3592 = CARTESIAN_POINT('',(-87.5,-44.,6.));
#3593 = DIRECTION('',(1.,0.,-0.));
#3594 = DIRECTION('',(0.,0.,1.));
#3595 = ADVANCED_FACE('',(#3596),#3606,.T.);
#3596 = FACE_BOUND('',#3597,.T.);
#3597 = EDGE_LOOP('',(#3598,#3599,#3600,#3601,#3602,#3603,#3604,#3605));
#3598 = ORIENTED_EDGE('',*,*,#3584,.F.);
#3599 = ORIENTED_EDGE('',*,*,#3411,.T.);
#3600 = ORIENTED_EDGE('',*,*,#3435,.T.);
#3601 = ORIENTED_EDGE('',*,*,#3467,.F.);
#3602 = ORIENTED_EDGE('',*,*,#3486,.T.);
#3603 = ORIENTED_EDGE('',*,*,#3509,.T.);
#3604 = ORIENTED_EDGE('',*,*,#3533,.F.);
#3605 = ORIENTED_EDGE('',*,*,#3565,.F.);
#3606 = PLANE('',#3607);
#3607 = AXIS2_PLACEMENT_3D('',#3608,#3609,#3610);
#3608 = CARTESIAN_POINT('',(-87.5,-44.,6.));
#3609 = DIRECTION('',(0.,0.,1.));
#3610 = DIRECTION('',(1.,0.,-0.));
#3611 = ( GEOMETRIC_REPRESENTATION_CONTEXT(3) 
GLOBAL_UNCERTAINTY_ASSIGNED_CONTEXT((#3615)) 
GLOBAL_UNIT_ASSIGNED_CONTEXT((#3612,#3613,#3614)) REPRESENTATION_CONTEXT
('Context #1','3D Context with UNIT and UNCERTAINTY') );
#3612 = ( LENGTH_UNIT() NAMED_UNIT(*) SI_UNIT(.MILLI.,.METRE.) );
#3613 = ( NAMED_UNIT(*) PLANE_ANGLE_UNIT() SI_UNIT($,.RADIAN.) );
#3614 = ( NAMED_UNIT(*) SI_UNIT($,.STERADIAN.) SOLID_ANGLE_UNIT() );
#3615 = UNCERTAINTY_MEASURE_WITH_UNIT(LENGTH_MEASURE(1.E-07),#3612,
  'distance_accuracy_value','confusion accuracy');
#3616 = PRODUCT_RELATED_PRODUCT_CATEGORY('part',$,(#7));
ENDSEC;
END-ISO-10303-21;
