solid OpenSCAD_Model
  facet normal 0 1 -0
    outer loop
      vertex 96.5 56 0
      vertex -96.5 56 22
      vertex 96.5 56 22
    endloop
  endfacet
  facet normal 0 1 0
    outer loop
      vertex -96.5 56 22
      vertex 96.5 56 0
      vertex -96.5 56 0
    endloop
  endfacet
  facet normal 0.740908 -0.671607 0
    outer loop
      vertex 98.6213 -55.1213 22
      vertex 98.819 -54.9032 0
      vertex 98.819 -54.9032 22
    endloop
  endfacet
  facet normal 0.740908 -0.671607 0
    outer loop
      vertex 98.819 -54.9032 0
      vertex 98.6213 -55.1213 22
      vertex 98.6213 -55.1213 0
    endloop
  endfacet
  facet normal 0.595699 -0.803208 0
    outer loop
      vertex 98.1667 -55.4944 0
      vertex 98.4032 -55.319 22
      vertex 98.1667 -55.4944 22
    endloop
  endfacet
  facet normal 0.595699 -0.803208 0
    outer loop
      vertex 98.4032 -55.319 22
      vertex 98.1667 -55.4944 0
      vertex 98.4032 -55.319 0
    endloop
  endfacet
  facet normal 0.857643 -0.514246 0
    outer loop
      vertex 98.9944 -54.6667 22
      vertex 99.1458 -54.4142 0
      vertex 99.1458 -54.4142 22
    endloop
  endfacet
  facet normal 0.857643 -0.514246 0
    outer loop
      vertex 99.1458 -54.4142 0
      vertex 98.9944 -54.6667 22
      vertex 98.9944 -54.6667 0
    endloop
  endfacet
  facet normal 0.671607 -0.740908 0
    outer loop
      vertex 98.4032 -55.319 0
      vertex 98.6213 -55.1213 22
      vertex 98.4032 -55.319 22
    endloop
  endfacet
  facet normal 0.671607 -0.740908 0
    outer loop
      vertex 98.6213 -55.1213 22
      vertex 98.4032 -55.319 0
      vertex 98.6213 -55.1213 0
    endloop
  endfacet
  facet normal -0.857643 0.514246 0
    outer loop
      vertex -99.1458 54.4142 0
      vertex -98.9944 54.6667 22
      vertex -98.9944 54.6667 0
    endloop
  endfacet
  facet normal -0.857643 0.514246 0
    outer loop
      vertex -98.9944 54.6667 22
      vertex -99.1458 54.4142 0
      vertex -99.1458 54.4142 22
    endloop
  endfacet
  facet normal -0.671607 0.740908 0
    outer loop
      vertex -98.4032 55.319 0
      vertex -98.6213 55.1213 22
      vertex -98.4032 55.319 22
    endloop
  endfacet
  facet normal -0.671607 0.740908 0
    outer loop
      vertex -98.6213 55.1213 22
      vertex -98.4032 55.319 0
      vertex -98.6213 55.1213 0
    endloop
  endfacet
  facet normal -0.998787 0.0492431 0
    outer loop
      vertex -99.5 53 0
      vertex -99.4855 53.2941 22
      vertex -99.4855 53.2941 0
    endloop
  endfacet
  facet normal -0.998787 0.0492431 0
    outer loop
      vertex -99.4855 53.2941 22
      vertex -99.5 53 0
      vertex -99.5 53 22
    endloop
  endfacet
  facet normal 0.336939 -0.941527 0
    outer loop
      vertex 97.3708 -55.8708 0
      vertex 97.648 -55.7716 22
      vertex 97.3708 -55.8708 22
    endloop
  endfacet
  facet normal 0.336939 -0.941527 0
    outer loop
      vertex 97.648 -55.7716 22
      vertex 97.3708 -55.8708 0
      vertex 97.648 -55.7716 0
    endloop
  endfacet
  facet normal 0.0489044 -0.998803 0
    outer loop
      vertex 96.5 -56 0
      vertex 96.7941 -55.9856 22
      vertex 96.5 -56 22
    endloop
  endfacet
  facet normal 0.0489044 -0.998803 0
    outer loop
      vertex 96.7941 -55.9856 22
      vertex 96.5 -56 0
      vertex 96.7941 -55.9856 0
    endloop
  endfacet
  facet normal -0.0489044 -0.998803 0
    outer loop
      vertex -96.7941 -55.9856 0
      vertex -96.5 -56 22
      vertex -96.7941 -55.9856 22
    endloop
  endfacet
  facet normal -0.0489044 -0.998803 -0
    outer loop
      vertex -96.5 -56 22
      vertex -96.7941 -55.9856 0
      vertex -96.5 -56 0
    endloop
  endfacet
  facet normal -0.514246 -0.857643 0
    outer loop
      vertex -98.1667 -55.4944 0
      vertex -97.9142 -55.6458 22
      vertex -98.1667 -55.4944 22
    endloop
  endfacet
  facet normal -0.514246 -0.857643 -0
    outer loop
      vertex -97.9142 -55.6458 22
      vertex -98.1667 -55.4944 0
      vertex -97.9142 -55.6458 0
    endloop
  endfacet
  facet normal -1 0 0
    outer loop
      vertex -99.5 -53 0
      vertex -99.5 53 22
      vertex -99.5 53 0
    endloop
  endfacet
  facet normal -1 -0 0
    outer loop
      vertex -99.5 53 22
      vertex -99.5 -53 0
      vertex -99.5 -53 22
    endloop
  endfacet
  facet normal 0.969982 -0.243175 0
    outer loop
      vertex 99.3708 -53.8709 22
      vertex 99.4424 -53.5853 0
      vertex 99.4424 -53.5853 22
    endloop
  endfacet
  facet normal 0.969982 -0.243175 0
    outer loop
      vertex 99.4424 -53.5853 0
      vertex 99.3708 -53.8709 22
      vertex 99.3708 -53.8709 0
    endloop
  endfacet
  facet normal -0.243255 0.969962 0
    outer loop
      vertex -97.0853 55.9424 0
      vertex -97.3708 55.8708 22
      vertex -97.0853 55.9424 22
    endloop
  endfacet
  facet normal -0.243255 0.969962 0
    outer loop
      vertex -97.3708 55.8708 22
      vertex -97.0853 55.9424 0
      vertex -97.3708 55.8708 0
    endloop
  endfacet
  facet normal -0.857643 -0.514246 0
    outer loop
      vertex -98.9944 -54.6667 0
      vertex -99.1458 -54.4142 22
      vertex -99.1458 -54.4142 0
    endloop
  endfacet
  facet normal -0.857643 -0.514246 0
    outer loop
      vertex -99.1458 -54.4142 22
      vertex -98.9944 -54.6667 0
      vertex -98.9944 -54.6667 22
    endloop
  endfacet
  facet normal -0.0489044 0.998803 0
    outer loop
      vertex -96.5 56 0
      vertex -96.7941 55.9856 22
      vertex -96.5 56 22
    endloop
  endfacet
  facet normal -0.0489044 0.998803 0
    outer loop
      vertex -96.7941 55.9856 22
      vertex -96.5 56 0
      vertex -96.7941 55.9856 0
    endloop
  endfacet
  facet normal 0.427269 -0.904125 0
    outer loop
      vertex 97.648 -55.7716 0
      vertex 97.9142 -55.6458 22
      vertex 97.648 -55.7716 22
    endloop
  endfacet
  facet normal 0.427269 -0.904125 0
    outer loop
      vertex 97.9142 -55.6458 22
      vertex 97.648 -55.7716 0
      vertex 97.9142 -55.6458 0
    endloop
  endfacet
  facet normal 0.740908 0.671607 0
    outer loop
      vertex 98.819 54.9032 22
      vertex 98.6213 55.1213 0
      vertex 98.6213 55.1213 22
    endloop
  endfacet
  facet normal 0.740908 0.671607 0
    outer loop
      vertex 98.6213 55.1213 0
      vertex 98.819 54.9032 22
      vertex 98.819 54.9032 0
    endloop
  endfacet
  facet normal 0 -1 0
    outer loop
      vertex -96.5 -56 0
      vertex 96.5 -56 22
      vertex -96.5 -56 22
    endloop
  endfacet
  facet normal 0 -1 -0
    outer loop
      vertex 96.5 -56 22
      vertex -96.5 -56 0
      vertex 96.5 -56 0
    endloop
  endfacet
  facet normal 0.514246 -0.857643 0
    outer loop
      vertex 97.9142 -55.6458 0
      vertex 98.1667 -55.4944 22
      vertex 97.9142 -55.6458 22
    endloop
  endfacet
  facet normal 0.514246 -0.857643 0
    outer loop
      vertex 98.1667 -55.4944 22
      vertex 97.9142 -55.6458 0
      vertex 98.1667 -55.4944 0
    endloop
  endfacet
  facet normal 0.904125 0.427269 0
    outer loop
      vertex 99.2716 54.148 22
      vertex 99.1458 54.4142 0
      vertex 99.1458 54.4142 22
    endloop
  endfacet
  facet normal 0.904125 0.427269 0
    outer loop
      vertex 99.1458 54.4142 0
      vertex 99.2716 54.148 22
      vertex 99.2716 54.148 0
    endloop
  endfacet
  facet normal -0.336939 0.941527 0
    outer loop
      vertex -97.3708 55.8708 0
      vertex -97.648 55.7716 22
      vertex -97.3708 55.8708 22
    endloop
  endfacet
  facet normal -0.336939 0.941527 0
    outer loop
      vertex -97.648 55.7716 22
      vertex -97.3708 55.8708 0
      vertex -97.648 55.7716 0
    endloop
  endfacet
  facet normal 0.595699 0.803208 -0
    outer loop
      vertex 98.4032 55.319 0
      vertex 98.1667 55.4944 22
      vertex 98.4032 55.319 22
    endloop
  endfacet
  facet normal 0.595699 0.803208 0
    outer loop
      vertex 98.1667 55.4944 22
      vertex 98.4032 55.319 0
      vertex 98.1667 55.4944 0
    endloop
  endfacet
  facet normal 0.0489044 0.998803 -0
    outer loop
      vertex 96.7941 55.9856 0
      vertex 96.5 56 22
      vertex 96.7941 55.9856 22
    endloop
  endfacet
  facet normal 0.0489044 0.998803 0
    outer loop
      vertex 96.5 56 22
      vertex 96.7941 55.9856 0
      vertex 96.5 56 0
    endloop
  endfacet
  facet normal 0.803208 -0.595699 0
    outer loop
      vertex 98.819 -54.9032 22
      vertex 98.9944 -54.6667 0
      vertex 98.9944 -54.6667 22
    endloop
  endfacet
  facet normal 0.803208 -0.595699 0
    outer loop
      vertex 98.9944 -54.6667 0
      vertex 98.819 -54.9032 22
      vertex 98.819 -54.9032 0
    endloop
  endfacet
  facet normal -0.146746 0.989174 0
    outer loop
      vertex -96.7941 55.9856 0
      vertex -97.0853 55.9424 22
      vertex -96.7941 55.9856 22
    endloop
  endfacet
  facet normal -0.146746 0.989174 0
    outer loop
      vertex -97.0853 55.9424 22
      vertex -96.7941 55.9856 0
      vertex -97.0853 55.9424 0
    endloop
  endfacet
  facet normal 0.857643 0.514246 0
    outer loop
      vertex 99.1458 54.4142 22
      vertex 98.9944 54.6667 0
      vertex 98.9944 54.6667 22
    endloop
  endfacet
  facet normal 0.857643 0.514246 0
    outer loop
      vertex 98.9944 54.6667 0
      vertex 99.1458 54.4142 22
      vertex 99.1458 54.4142 0
    endloop
  endfacet
  facet normal 0 0 -1
    outer loop
      vertex -85.6958 -45.01 0
      vertex 85.6958 -45.01 0
      vertex -85.5239 -45.4905 0
    endloop
  endfacet
  facet normal 0 0 -1
    outer loop
      vertex 85.914 44.5487 0
      vertex -85.325 46.4903 0
      vertex -85.3 47 0
    endloop
  endfacet
  facet normal 0 0 -1
    outer loop
      vertex 85.6958 -45.01 0
      vertex -85.6958 -45.01 0
      vertex 85.914 -44.5487 0
    endloop
  endfacet
  facet normal 0 0 -1
    outer loop
      vertex 85.914 44.5487 0
      vertex -85.3999 45.9855 0
      vertex -85.325 46.4903 0
    endloop
  endfacet
  facet normal 0 0 -1
    outer loop
      vertex -85.914 -44.5487 0
      vertex 85.914 -44.5487 0
      vertex -85.6958 -45.01 0
    endloop
  endfacet
  facet normal 0 0 -1
    outer loop
      vertex 85.914 44.5487 0
      vertex -85.5239 45.4905 0
      vertex -85.3999 45.9855 0
    endloop
  endfacet
  facet normal 0 0 -1
    outer loop
      vertex 85.914 -44.5487 0
      vertex -85.914 -44.5487 0
      vertex 85.914 44.5487 0
    endloop
  endfacet
  facet normal 0 0 -1
    outer loop
      vertex 85.914 44.5487 0
      vertex -85.6958 45.01 0
      vertex -85.5239 45.4905 0
    endloop
  endfacet
  facet normal 0 0 -1
    outer loop
      vertex -85.914 44.5487 0
      vertex 85.914 44.5487 0
      vertex -85.914 -44.5487 0
    endloop
  endfacet
  facet normal 0 0 -1
    outer loop
      vertex 85.914 44.5487 0
      vertex -85.914 44.5487 0
      vertex -85.6958 45.01 0
    endloop
  endfacet
  facet normal 0 0 -1
    outer loop
      vertex -86.1764 -44.111 0
      vertex -85.914 44.5487 0
      vertex -85.914 -44.5487 0
    endloop
  endfacet
  facet normal 0 0 -1
    outer loop
      vertex -86.1764 -44.111 0
      vertex -86.1764 44.111 0
      vertex -85.914 44.5487 0
    endloop
  endfacet
  facet normal 0 0 -1
    outer loop
      vertex -86.4803 -43.7012 0
      vertex -86.1764 44.111 0
      vertex -86.1764 -44.111 0
    endloop
  endfacet
  facet normal 0 0 -1
    outer loop
      vertex -86.4803 -43.7012 0
      vertex -86.4803 43.7012 0
      vertex -86.1764 44.111 0
    endloop
  endfacet
  facet normal 0 0 -1
    outer loop
      vertex -86.823 -43.323 0
      vertex -86.4803 43.7012 0
      vertex -86.4803 -43.7012 0
    endloop
  endfacet
  facet normal 0 0 -1
    outer loop
      vertex -86.823 -43.323 0
      vertex -86.823 43.323 0
      vertex -86.4803 43.7012 0
    endloop
  endfacet
  facet normal 0 0 -1
    outer loop
      vertex -87.2012 -42.9803 0
      vertex -86.823 43.323 0
      vertex -86.823 -43.323 0
    endloop
  endfacet
  facet normal 0 0 -1
    outer loop
      vertex -87.2012 -42.9803 0
      vertex -87.2012 42.9803 0
      vertex -86.823 43.323 0
    endloop
  endfacet
  facet normal 0 0 -1
    outer loop
      vertex -87.611 -42.6764 0
      vertex -87.2012 42.9803 0
      vertex -87.2012 -42.9803 0
    endloop
  endfacet
  facet normal 0 0 -1
    outer loop
      vertex -87.611 -42.6764 0
      vertex -87.611 42.6764 0
      vertex -87.2012 42.9803 0
    endloop
  endfacet
  facet normal 0 0 -1
    outer loop
      vertex -88.0487 -42.414 0
      vertex -87.611 42.6764 0
      vertex -87.611 -42.6764 0
    endloop
  endfacet
  facet normal 0 0 -1
    outer loop
      vertex -88.0487 -42.414 0
      vertex -88.0487 42.414 0
      vertex -87.611 42.6764 0
    endloop
  endfacet
  facet normal 0 0 -1
    outer loop
      vertex -88.51 -42.1958 0
      vertex -88.0487 42.414 0
      vertex -88.0487 -42.414 0
    endloop
  endfacet
  facet normal 0 0 -1
    outer loop
      vertex -88.51 -42.1958 0
      vertex -88.51 42.1958 0
      vertex -88.0487 42.414 0
    endloop
  endfacet
  facet normal 0 0 -1
    outer loop
      vertex -88.9905 -42.0239 0
      vertex -88.51 42.1958 0
      vertex -88.51 -42.1958 0
    endloop
  endfacet
  facet normal 0 0 -1
    outer loop
      vertex -88.9905 -42.0239 0
      vertex -88.9905 42.0239 0
      vertex -88.51 42.1958 0
    endloop
  endfacet
  facet normal 0 0 -1
    outer loop
      vertex -89.4855 -41.8999 0
      vertex -88.9905 42.0239 0
      vertex -88.9905 -42.0239 0
    endloop
  endfacet
  facet normal 0 0 -1
    outer loop
      vertex -89.4855 -41.8999 0
      vertex -89.4855 41.8999 0
      vertex -88.9905 42.0239 0
    endloop
  endfacet
  facet normal 0 0 -1
    outer loop
      vertex -89.9903 -41.825 0
      vertex -89.4855 41.8999 0
      vertex -89.4855 -41.8999 0
    endloop
  endfacet
  facet normal 0 0 -1
    outer loop
      vertex -89.9903 -41.825 0
      vertex -89.9903 41.825 0
      vertex -89.4855 41.8999 0
    endloop
  endfacet
  facet normal 0 0 -1
    outer loop
      vertex -90.5 -41.8 0
      vertex -89.9903 41.825 0
      vertex -89.9903 -41.825 0
    endloop
  endfacet
  facet normal 0 0 -1
    outer loop
      vertex -90.5 -41.8 0
      vertex -90.5 41.8 0
      vertex -89.9903 41.825 0
    endloop
  endfacet
  facet normal 0 0 -1
    outer loop
      vertex -91.0097 -41.825 0
      vertex -90.5 41.8 0
      vertex -90.5 -41.8 0
    endloop
  endfacet
  facet normal 0 0 -1
    outer loop
      vertex -91.0097 -41.825 0
      vertex -91.0097 41.825 0
      vertex -90.5 41.8 0
    endloop
  endfacet
  facet normal 0 0 -1
    outer loop
      vertex -91.5145 -41.8999 0
      vertex -91.0097 41.825 0
      vertex -91.0097 -41.825 0
    endloop
  endfacet
  facet normal 0 0 -1
    outer loop
      vertex -91.5145 -41.8999 0
      vertex -91.5145 41.8999 0
      vertex -91.0097 41.825 0
    endloop
  endfacet
  facet normal 0 0 -1
    outer loop
      vertex -92.0095 -42.0239 0
      vertex -91.5145 41.8999 0
      vertex -91.5145 -41.8999 0
    endloop
  endfacet
  facet normal 0 0 -1
    outer loop
      vertex -92.0095 -42.0239 0
      vertex -92.0095 42.0239 0
      vertex -91.5145 41.8999 0
    endloop
  endfacet
  facet normal 0 0 -1
    outer loop
      vertex -92.49 -42.1958 0
      vertex -92.0095 42.0239 0
      vertex -92.0095 -42.0239 0
    endloop
  endfacet
  facet normal 0 0 -1
    outer loop
      vertex -92.49 -42.1958 0
      vertex -92.49 42.1958 0
      vertex -92.0095 42.0239 0
    endloop
  endfacet
  facet normal 0 0 -1
    outer loop
      vertex -92.9513 -42.414 0
      vertex -92.49 42.1958 0
      vertex -92.49 -42.1958 0
    endloop
  endfacet
  facet normal 0 0 -1
    outer loop
      vertex -92.9513 -42.414 0
      vertex -92.9513 42.414 0
      vertex -92.49 42.1958 0
    endloop
  endfacet
  facet normal 0 0 -1
    outer loop
      vertex -93.389 -42.6764 0
      vertex -92.9513 42.414 0
      vertex -92.9513 -42.414 0
    endloop
  endfacet
  facet normal 0 0 -1
    outer loop
      vertex -93.389 -42.6764 0
      vertex -93.389 42.6764 0
      vertex -92.9513 42.414 0
    endloop
  endfacet
  facet normal 0 0 -1
    outer loop
      vertex -93.7988 -42.9803 0
      vertex -93.389 42.6764 0
      vertex -93.389 -42.6764 0
    endloop
  endfacet
  facet normal 0 0 -1
    outer loop
      vertex -93.7988 -42.9803 0
      vertex -93.7988 42.9803 0
      vertex -93.389 42.6764 0
    endloop
  endfacet
  facet normal 0 0 -1
    outer loop
      vertex -94.177 -43.323 0
      vertex -93.7988 42.9803 0
      vertex -93.7988 -42.9803 0
    endloop
  endfacet
  facet normal 0 0 -1
    outer loop
      vertex -94.177 -43.323 0
      vertex -94.177 43.323 0
      vertex -93.7988 42.9803 0
    endloop
  endfacet
  facet normal 0 0 -1
    outer loop
      vertex -94.5197 -43.7012 0
      vertex -94.177 43.323 0
      vertex -94.177 -43.323 0
    endloop
  endfacet
  facet normal 0 0 -1
    outer loop
      vertex -94.5197 -43.7012 0
      vertex -94.5197 43.7012 0
      vertex -94.177 43.323 0
    endloop
  endfacet
  facet normal 0 0 -1
    outer loop
      vertex -94.8236 -44.111 0
      vertex -94.5197 43.7012 0
      vertex -94.5197 -43.7012 0
    endloop
  endfacet
  facet normal 0 0 -1
    outer loop
      vertex -94.8236 -44.111 0
      vertex -94.8236 44.111 0
      vertex -94.5197 43.7012 0
    endloop
  endfacet
  facet normal 0 0 -1
    outer loop
      vertex -95.086 -44.5487 0
      vertex -94.8236 44.111 0
      vertex -94.8236 -44.111 0
    endloop
  endfacet
  facet normal 0 0 -1
    outer loop
      vertex -95.086 -44.5487 0
      vertex -95.086 44.5487 0
      vertex -94.8236 44.111 0
    endloop
  endfacet
  facet normal 0 0 -1
    outer loop
      vertex -95.3042 -45.01 0
      vertex -95.086 44.5487 0
      vertex -95.086 -44.5487 0
    endloop
  endfacet
  facet normal 0 0 -1
    outer loop
      vertex -95.3042 -45.01 0
      vertex -95.3042 45.01 0
      vertex -95.086 44.5487 0
    endloop
  endfacet
  facet normal 0 0 -1
    outer loop
      vertex -99.5 -53 0
      vertex -95.3042 -45.01 0
      vertex -95.4761 -45.4905 0
    endloop
  endfacet
  facet normal -0 0 -1
    outer loop
      vertex -95.3042 -45.01 0
      vertex -99.5 -53 0
      vertex -95.3042 45.01 0
    endloop
  endfacet
  facet normal 0 0 -1
    outer loop
      vertex -99.5 -53 0
      vertex -95.4761 -45.4905 0
      vertex -95.6001 -45.9855 0
    endloop
  endfacet
  facet normal 0 0 -1
    outer loop
      vertex -99.5 53 0
      vertex -95.3042 45.01 0
      vertex -99.5 -53 0
    endloop
  endfacet
  facet normal 0 0 -1
    outer loop
      vertex -99.5 -53 0
      vertex -95.6001 -45.9855 0
      vertex -95.675 -46.4903 0
    endloop
  endfacet
  facet normal 0 0 -1
    outer loop
      vertex -95.3042 45.01 0
      vertex -99.5 53 0
      vertex -95.4761 45.4905 0
    endloop
  endfacet
  facet normal 0 0 -1
    outer loop
      vertex -99.5 -53 0
      vertex -95.675 -46.4903 0
      vertex -95.7 -47 0
    endloop
  endfacet
  facet normal 0 0 -1
    outer loop
      vertex -95.4761 45.4905 0
      vertex -99.5 53 0
      vertex -95.6001 45.9855 0
    endloop
  endfacet
  facet normal 0 0 -1
    outer loop
      vertex 95.4761 -45.4905 0
      vertex 99.5 -53 0
      vertex 95.6001 -45.9855 0
    endloop
  endfacet
  facet normal 0 0 -1
    outer loop
      vertex 99.5 53 0
      vertex 95.675 46.4903 0
      vertex 95.7 47 0
    endloop
  endfacet
  facet normal 0 0 -1
    outer loop
      vertex 95.3042 -45.01 0
      vertex 99.5 -53 0
      vertex 95.4761 -45.4905 0
    endloop
  endfacet
  facet normal 0 0 -1
    outer loop
      vertex 99.5 53 0
      vertex 95.6001 45.9855 0
      vertex 95.675 46.4903 0
    endloop
  endfacet
  facet normal 0 0 -1
    outer loop
      vertex 99.5 -53 0
      vertex 95.3042 -45.01 0
      vertex 99.5 53 0
    endloop
  endfacet
  facet normal 0 0 -1
    outer loop
      vertex 99.5 53 0
      vertex 95.4761 45.4905 0
      vertex 95.6001 45.9855 0
    endloop
  endfacet
  facet normal 0 0 -1
    outer loop
      vertex 95.3042 45.01 0
      vertex 99.5 53 0
      vertex 95.3042 -45.01 0
    endloop
  endfacet
  facet normal 0 0 -1
    outer loop
      vertex 99.5 53 0
      vertex 95.3042 45.01 0
      vertex 95.4761 45.4905 0
    endloop
  endfacet
  facet normal 0 0 -1
    outer loop
      vertex 95.086 -44.5487 0
      vertex 95.3042 45.01 0
      vertex 95.3042 -45.01 0
    endloop
  endfacet
  facet normal 0 0 -1
    outer loop
      vertex 95.086 -44.5487 0
      vertex 95.086 44.5487 0
      vertex 95.3042 45.01 0
    endloop
  endfacet
  facet normal 0 0 -1
    outer loop
      vertex 94.8236 -44.111 0
      vertex 95.086 44.5487 0
      vertex 95.086 -44.5487 0
    endloop
  endfacet
  facet normal 0 0 -1
    outer loop
      vertex 94.8236 -44.111 0
      vertex 94.8236 44.111 0
      vertex 95.086 44.5487 0
    endloop
  endfacet
  facet normal 0 0 -1
    outer loop
      vertex 94.5197 -43.7012 0
      vertex 94.8236 44.111 0
      vertex 94.8236 -44.111 0
    endloop
  endfacet
  facet normal 0 0 -1
    outer loop
      vertex 94.5197 -43.7012 0
      vertex 94.5197 43.7012 0
      vertex 94.8236 44.111 0
    endloop
  endfacet
  facet normal 0 0 -1
    outer loop
      vertex 94.177 -43.323 0
      vertex 94.5197 43.7012 0
      vertex 94.5197 -43.7012 0
    endloop
  endfacet
  facet normal 0 0 -1
    outer loop
      vertex 94.177 -43.323 0
      vertex 94.177 43.323 0
      vertex 94.5197 43.7012 0
    endloop
  endfacet
  facet normal 0 0 -1
    outer loop
      vertex 93.7988 -42.9803 0
      vertex 94.177 43.323 0
      vertex 94.177 -43.323 0
    endloop
  endfacet
  facet normal 0 0 -1
    outer loop
      vertex 93.7988 -42.9803 0
      vertex 93.7988 42.9803 0
      vertex 94.177 43.323 0
    endloop
  endfacet
  facet normal 0 0 -1
    outer loop
      vertex 93.389 -42.6764 0
      vertex 93.7988 42.9803 0
      vertex 93.7988 -42.9803 0
    endloop
  endfacet
  facet normal 0 0 -1
    outer loop
      vertex 93.389 -42.6764 0
      vertex 93.389 42.6764 0
      vertex 93.7988 42.9803 0
    endloop
  endfacet
  facet normal 0 0 -1
    outer loop
      vertex 92.9513 -42.414 0
      vertex 93.389 42.6764 0
      vertex 93.389 -42.6764 0
    endloop
  endfacet
  facet normal 0 0 -1
    outer loop
      vertex 92.9513 -42.414 0
      vertex 92.9513 42.414 0
      vertex 93.389 42.6764 0
    endloop
  endfacet
  facet normal 0 0 -1
    outer loop
      vertex 92.49 -42.1958 0
      vertex 92.9513 42.414 0
      vertex 92.9513 -42.414 0
    endloop
  endfacet
  facet normal 0 0 -1
    outer loop
      vertex 92.49 -42.1958 0
      vertex 92.49 42.1958 0
      vertex 92.9513 42.414 0
    endloop
  endfacet
  facet normal 0 0 -1
    outer loop
      vertex 92.0095 -42.0239 0
      vertex 92.49 42.1958 0
      vertex 92.49 -42.1958 0
    endloop
  endfacet
  facet normal 0 0 -1
    outer loop
      vertex 92.0095 -42.0239 0
      vertex 92.0095 42.0239 0
      vertex 92.49 42.1958 0
    endloop
  endfacet
  facet normal 0 0 -1
    outer loop
      vertex 91.5145 -41.8999 0
      vertex 92.0095 42.0239 0
      vertex 92.0095 -42.0239 0
    endloop
  endfacet
  facet normal 0 0 -1
    outer loop
      vertex 91.5145 -41.8999 0
      vertex 91.5145 41.8999 0
      vertex 92.0095 42.0239 0
    endloop
  endfacet
  facet normal 0 0 -1
    outer loop
      vertex 91.0097 -41.825 0
      vertex 91.5145 41.8999 0
      vertex 91.5145 -41.8999 0
    endloop
  endfacet
  facet normal 0 0 -1
    outer loop
      vertex 91.0097 -41.825 0
      vertex 91.0097 41.825 0
      vertex 91.5145 41.8999 0
    endloop
  endfacet
  facet normal 0 0 -1
    outer loop
      vertex 90.5 -41.8 0
      vertex 91.0097 41.825 0
      vertex 91.0097 -41.825 0
    endloop
  endfacet
  facet normal 0 0 -1
    outer loop
      vertex 90.5 -41.8 0
      vertex 90.5 41.8 0
      vertex 91.0097 41.825 0
    endloop
  endfacet
  facet normal 0 0 -1
    outer loop
      vertex 89.9903 -41.825 0
      vertex 90.5 41.8 0
      vertex 90.5 -41.8 0
    endloop
  endfacet
  facet normal 0 0 -1
    outer loop
      vertex 89.9903 -41.825 0
      vertex 89.9903 41.825 0
      vertex 90.5 41.8 0
    endloop
  endfacet
  facet normal 0 0 -1
    outer loop
      vertex 89.4855 -41.8999 0
      vertex 89.9903 41.825 0
      vertex 89.9903 -41.825 0
    endloop
  endfacet
  facet normal 0 0 -1
    outer loop
      vertex 89.4855 -41.8999 0
      vertex 89.4855 41.8999 0
      vertex 89.9903 41.825 0
    endloop
  endfacet
  facet normal 0 0 -1
    outer loop
      vertex 88.9905 -42.0239 0
      vertex 89.4855 41.8999 0
      vertex 89.4855 -41.8999 0
    endloop
  endfacet
  facet normal 0 0 -1
    outer loop
      vertex 88.9905 -42.0239 0
      vertex 88.9905 42.0239 0
      vertex 89.4855 41.8999 0
    endloop
  endfacet
  facet normal 0 0 -1
    outer loop
      vertex 88.51 -42.1958 0
      vertex 88.9905 42.0239 0
      vertex 88.9905 -42.0239 0
    endloop
  endfacet
  facet normal 0 0 -1
    outer loop
      vertex 88.51 -42.1958 0
      vertex 88.51 42.1958 0
      vertex 88.9905 42.0239 0
    endloop
  endfacet
  facet normal 0 0 -1
    outer loop
      vertex 88.0487 -42.414 0
      vertex 88.51 42.1958 0
      vertex 88.51 -42.1958 0
    endloop
  endfacet
  facet normal 0 0 -1
    outer loop
      vertex 88.0487 -42.414 0
      vertex 88.0487 42.414 0
      vertex 88.51 42.1958 0
    endloop
  endfacet
  facet normal 0 0 -1
    outer loop
      vertex 87.611 -42.6764 0
      vertex 88.0487 42.414 0
      vertex 88.0487 -42.414 0
    endloop
  endfacet
  facet normal 0 0 -1
    outer loop
      vertex 87.611 -42.6764 0
      vertex 87.611 42.6764 0
      vertex 88.0487 42.414 0
    endloop
  endfacet
  facet normal 0 0 -1
    outer loop
      vertex 87.2012 -42.9803 0
      vertex 87.611 42.6764 0
      vertex 87.611 -42.6764 0
    endloop
  endfacet
  facet normal 0 0 -1
    outer loop
      vertex 87.2012 -42.9803 0
      vertex 87.2012 42.9803 0
      vertex 87.611 42.6764 0
    endloop
  endfacet
  facet normal 0 0 -1
    outer loop
      vertex 86.823 -43.323 0
      vertex 87.2012 42.9803 0
      vertex 87.2012 -42.9803 0
    endloop
  endfacet
  facet normal 0 0 -1
    outer loop
      vertex 86.823 -43.323 0
      vertex 86.823 43.323 0
      vertex 87.2012 42.9803 0
    endloop
  endfacet
  facet normal 0 0 -1
    outer loop
      vertex 86.4803 -43.7012 0
      vertex 86.823 43.323 0
      vertex 86.823 -43.323 0
    endloop
  endfacet
  facet normal 0 0 -1
    outer loop
      vertex 86.4803 -43.7012 0
      vertex 86.4803 43.7012 0
      vertex 86.823 43.323 0
    endloop
  endfacet
  facet normal 0 0 -1
    outer loop
      vertex 86.1764 -44.111 0
      vertex 86.4803 43.7012 0
      vertex 86.4803 -43.7012 0
    endloop
  endfacet
  facet normal 0 0 -1
    outer loop
      vertex 86.1764 -44.111 0
      vertex 86.1764 44.111 0
      vertex 86.4803 43.7012 0
    endloop
  endfacet
  facet normal 0 0 -1
    outer loop
      vertex 85.914 -44.5487 0
      vertex 86.1764 44.111 0
      vertex 86.1764 -44.111 0
    endloop
  endfacet
  facet normal 0 0 -1
    outer loop
      vertex 85.914 -44.5487 0
      vertex 85.914 44.5487 0
      vertex 86.1764 44.111 0
    endloop
  endfacet
  facet normal 0 0 -1
    outer loop
      vertex 85.3999 -45.9855 0
      vertex -85.3999 -45.9855 0
      vertex 85.5239 -45.4905 0
    endloop
  endfacet
  facet normal 0 0 -1
    outer loop
      vertex -85.5239 -45.4905 0
      vertex 85.5239 -45.4905 0
      vertex -85.3999 -45.9855 0
    endloop
  endfacet
  facet normal 0 0 -1
    outer loop
      vertex -85.3999 -45.9855 0
      vertex 85.3999 -45.9855 0
      vertex -85.325 -46.4903 0
    endloop
  endfacet
  facet normal 0 0 -1
    outer loop
      vertex 85.5239 -45.4905 0
      vertex -85.5239 -45.4905 0
      vertex 85.6958 -45.01 0
    endloop
  endfacet
  facet normal 0 0 -1
    outer loop
      vertex 85.325 -46.4903 0
      vertex -85.325 -46.4903 0
      vertex 85.3999 -45.9855 0
    endloop
  endfacet
  facet normal 0 0 -1
    outer loop
      vertex 85.914 44.5487 0
      vertex -85.3 47 0
      vertex 85.6958 45.01 0
    endloop
  endfacet
  facet normal 0 0 -1
    outer loop
      vertex -85.325 -46.4903 0
      vertex 85.325 -46.4903 0
      vertex -85.3 -47 0
    endloop
  endfacet
  facet normal 0 0 -1
    outer loop
      vertex 85.6958 45.01 0
      vertex -85.3 47 0
      vertex 85.5239 45.4905 0
    endloop
  endfacet
  facet normal 0 0 -1
    outer loop
      vertex -85.3 -47 0
      vertex 85.325 -46.4903 0
      vertex 85.3 -47 0
    endloop
  endfacet
  facet normal 0 0 -1
    outer loop
      vertex 85.5239 45.4905 0
      vertex -85.3 47 0
      vertex 85.3999 45.9855 0
    endloop
  endfacet
  facet normal 0 0 -1
    outer loop
      vertex 94.177 -50.677 0
      vertex 99.5 -53 0
      vertex 99.4855 -53.2941 0
    endloop
  endfacet
  facet normal 0 0 -1
    outer loop
      vertex 95.675 -46.4903 0
      vertex 99.5 -53 0
      vertex 95.7 -47 0
    endloop
  endfacet
  facet normal 0 0 -1
    outer loop
      vertex 94.177 -50.677 0
      vertex 99.4855 -53.2941 0
      vertex 99.4424 -53.5853 0
    endloop
  endfacet
  facet normal 0 0 -1
    outer loop
      vertex 95.6001 -45.9855 0
      vertex 99.5 -53 0
      vertex 95.675 -46.4903 0
    endloop
  endfacet
  facet normal 0 0 -1
    outer loop
      vertex 94.177 -50.677 0
      vertex 99.4424 -53.5853 0
      vertex 99.3708 -53.8709 0
    endloop
  endfacet
  facet normal 0 0 -1
    outer loop
      vertex 95.675 47.5097 0
      vertex 99.5 53 0
      vertex 95.7 47 0
    endloop
  endfacet
  facet normal 0 0 -1
    outer loop
      vertex 94.177 -50.677 0
      vertex 99.3708 -53.8709 0
      vertex 99.2716 -54.148 0
    endloop
  endfacet
  facet normal 0 0 -1
    outer loop
      vertex 95.6001 48.0145 0
      vertex 99.5 53 0
      vertex 95.675 47.5097 0
    endloop
  endfacet
  facet normal 0 0 -1
    outer loop
      vertex 94.177 -50.677 0
      vertex 99.2716 -54.148 0
      vertex 99.1458 -54.4142 0
    endloop
  endfacet
  facet normal 0 0 -1
    outer loop
      vertex 95.4761 48.5095 0
      vertex 99.5 53 0
      vertex 95.6001 48.0145 0
    endloop
  endfacet
  facet normal 0 0 -1
    outer loop
      vertex 94.177 -50.677 0
      vertex 99.1458 -54.4142 0
      vertex 98.9944 -54.6667 0
    endloop
  endfacet
  facet normal 0 0 -1
    outer loop
      vertex 95.3042 48.99 0
      vertex 99.5 53 0
      vertex 95.4761 48.5095 0
    endloop
  endfacet
  facet normal 0 0 -1
    outer loop
      vertex 94.177 -50.677 0
      vertex 98.9944 -54.6667 0
      vertex 98.819 -54.9032 0
    endloop
  endfacet
  facet normal 0 0 -1
    outer loop
      vertex 95.086 49.4513 0
      vertex 99.5 53 0
      vertex 95.3042 48.99 0
    endloop
  endfacet
  facet normal 0 0 -1
    outer loop
      vertex 94.177 -50.677 0
      vertex 98.819 -54.9032 0
      vertex 98.6213 -55.1213 0
    endloop
  endfacet
  facet normal 0 0 -1
    outer loop
      vertex 94.8236 49.889 0
      vertex 99.5 53 0
      vertex 95.086 49.4513 0
    endloop
  endfacet
  facet normal 0 0 -1
    outer loop
      vertex 94.177 -50.677 0
      vertex 98.6213 -55.1213 0
      vertex 98.4032 -55.319 0
    endloop
  endfacet
  facet normal 0 0 -1
    outer loop
      vertex 94.5197 50.2988 0
      vertex 99.5 53 0
      vertex 94.8236 49.889 0
    endloop
  endfacet
  facet normal 0 0 -1
    outer loop
      vertex 94.177 -50.677 0
      vertex 98.4032 -55.319 0
      vertex 98.1667 -55.4944 0
    endloop
  endfacet
  facet normal 0 0 -1
    outer loop
      vertex 94.177 50.677 0
      vertex 99.5 53 0
      vertex 94.5197 50.2988 0
    endloop
  endfacet
  facet normal 0 0 -1
    outer loop
      vertex 94.177 -50.677 0
      vertex 98.1667 -55.4944 0
      vertex 97.9142 -55.6458 0
    endloop
  endfacet
  facet normal -0 0 -1
    outer loop
      vertex 99.5 53 0
      vertex 94.177 50.677 0
      vertex 99.4855 53.2941 0
    endloop
  endfacet
  facet normal 0 0 -1
    outer loop
      vertex 94.177 -50.677 0
      vertex 97.9142 -55.6458 0
      vertex 97.648 -55.7716 0
    endloop
  endfacet
  facet normal -0 0 -1
    outer loop
      vertex 99.4855 53.2941 0
      vertex 94.177 50.677 0
      vertex 99.4424 53.5853 0
    endloop
  endfacet
  facet normal 0 0 -1
    outer loop
      vertex 94.177 -50.677 0
      vertex 97.648 -55.7716 0
      vertex 97.3708 -55.8708 0
    endloop
  endfacet
  facet normal -0 0 -1
    outer loop
      vertex 99.4424 53.5853 0
      vertex 94.177 50.677 0
      vertex 99.3708 53.8709 0
    endloop
  endfacet
  facet normal 0 0 -1
    outer loop
      vertex 94.177 -50.677 0
      vertex 97.3708 -55.8708 0
      vertex 97.0853 -55.9424 0
    endloop
  endfacet
  facet normal -0 0 -1
    outer loop
      vertex 99.3708 53.8709 0
      vertex 94.177 50.677 0
      vertex 99.2716 54.148 0
    endloop
  endfacet
  facet normal 0 0 -1
    outer loop
      vertex 94.177 -50.677 0
      vertex 97.0853 -55.9424 0
      vertex 96.7941 -55.9856 0
    endloop
  endfacet
  facet normal -0 0 -1
    outer loop
      vertex 99.2716 54.148 0
      vertex 94.177 50.677 0
      vertex 99.1458 54.4142 0
    endloop
  endfacet
  facet normal 0 0 -1
    outer loop
      vertex 94.177 -50.677 0
      vertex 96.7941 -55.9856 0
      vertex 96.5 -56 0
    endloop
  endfacet
  facet normal -0 0 -1
    outer loop
      vertex 99.1458 54.4142 0
      vertex 94.177 50.677 0
      vertex 98.9944 54.6667 0
    endloop
  endfacet
  facet normal -0 0 -1
    outer loop
      vertex 98.9944 54.6667 0
      vertex 94.177 50.677 0
      vertex 98.819 54.9032 0
    endloop
  endfacet
  facet normal 0 0 -1
    outer loop
      vertex 99.5 -53 0
      vertex 95.675 -47.5097 0
      vertex 95.7 -47 0
    endloop
  endfacet
  facet normal 0 0 -1
    outer loop
      vertex 99.5 -53 0
      vertex 95.6001 -48.0145 0
      vertex 95.675 -47.5097 0
    endloop
  endfacet
  facet normal 0 0 -1
    outer loop
      vertex 99.5 -53 0
      vertex 95.4761 -48.5095 0
      vertex 95.6001 -48.0145 0
    endloop
  endfacet
  facet normal 0 0 -1
    outer loop
      vertex 99.5 -53 0
      vertex 95.3042 -48.99 0
      vertex 95.4761 -48.5095 0
    endloop
  endfacet
  facet normal 0 0 -1
    outer loop
      vertex 99.5 -53 0
      vertex 95.086 -49.4513 0
      vertex 95.3042 -48.99 0
    endloop
  endfacet
  facet normal 0 0 -1
    outer loop
      vertex 99.5 -53 0
      vertex 94.8236 -49.889 0
      vertex 95.086 -49.4513 0
    endloop
  endfacet
  facet normal 0 0 -1
    outer loop
      vertex 99.5 -53 0
      vertex 94.5197 -50.2988 0
      vertex 94.8236 -49.889 0
    endloop
  endfacet
  facet normal 0 0 -1
    outer loop
      vertex 99.5 -53 0
      vertex 94.177 -50.677 0
      vertex 94.5197 -50.2988 0
    endloop
  endfacet
  facet normal 0 0 -1
    outer loop
      vertex 96.5 -56 0
      vertex 93.7988 -51.0197 0
      vertex 94.177 -50.677 0
    endloop
  endfacet
  facet normal 0 0 -1
    outer loop
      vertex 96.5 -56 0
      vertex 93.389 -51.3236 0
      vertex 93.7988 -51.0197 0
    endloop
  endfacet
  facet normal 0 0 -1
    outer loop
      vertex 96.5 -56 0
      vertex 92.9513 -51.586 0
      vertex 93.389 -51.3236 0
    endloop
  endfacet
  facet normal 0 0 -1
    outer loop
      vertex 96.5 -56 0
      vertex 92.49 -51.8042 0
      vertex 92.9513 -51.586 0
    endloop
  endfacet
  facet normal 0 0 -1
    outer loop
      vertex 96.5 -56 0
      vertex 92.0095 -51.9761 0
      vertex 92.49 -51.8042 0
    endloop
  endfacet
  facet normal 0 0 -1
    outer loop
      vertex 96.5 -56 0
      vertex 91.5145 -52.1001 0
      vertex 92.0095 -51.9761 0
    endloop
  endfacet
  facet normal 0 0 -1
    outer loop
      vertex 96.5 -56 0
      vertex 91.0097 -52.175 0
      vertex 91.5145 -52.1001 0
    endloop
  endfacet
  facet normal 0 0 -1
    outer loop
      vertex 96.5 -56 0
      vertex 90.5 -52.2 0
      vertex 91.0097 -52.175 0
    endloop
  endfacet
  facet normal 0 0 -1
    outer loop
      vertex 96.5 -56 0
      vertex 89.9903 -52.175 0
      vertex 90.5 -52.2 0
    endloop
  endfacet
  facet normal 0 0 -1
    outer loop
      vertex 96.5 -56 0
      vertex 89.4855 -52.1001 0
      vertex 89.9903 -52.175 0
    endloop
  endfacet
  facet normal 0 0 -1
    outer loop
      vertex 96.5 -56 0
      vertex 88.9905 -51.9761 0
      vertex 89.4855 -52.1001 0
    endloop
  endfacet
  facet normal 0 0 -1
    outer loop
      vertex 96.5 -56 0
      vertex 88.51 -51.8042 0
      vertex 88.9905 -51.9761 0
    endloop
  endfacet
  facet normal 0 0 -1
    outer loop
      vertex 96.5 -56 0
      vertex 88.0487 -51.586 0
      vertex 88.51 -51.8042 0
    endloop
  endfacet
  facet normal 0 0 -1
    outer loop
      vertex 85.3999 45.9855 0
      vertex -85.3 47 0
      vertex 85.325 46.4903 0
    endloop
  endfacet
  facet normal 0 0 -1
    outer loop
      vertex 85.325 -47.5097 0
      vertex -85.3 -47 0
      vertex 85.3 -47 0
    endloop
  endfacet
  facet normal 0 0 -1
    outer loop
      vertex -85.325 -47.5097 0
      vertex 85.325 -47.5097 0
      vertex 85.3999 -48.0145 0
    endloop
  endfacet
  facet normal 0 0 -1
    outer loop
      vertex -85.3999 -48.0145 0
      vertex 85.3999 -48.0145 0
      vertex 85.5239 -48.5095 0
    endloop
  endfacet
  facet normal 0 0 -1
    outer loop
      vertex -85.5239 -48.5095 0
      vertex 85.5239 -48.5095 0
      vertex 85.6958 -48.99 0
    endloop
  endfacet
  facet normal 0 0 -1
    outer loop
      vertex -85.6958 -48.99 0
      vertex 85.6958 -48.99 0
      vertex 85.914 -49.4513 0
    endloop
  endfacet
  facet normal 0 0 -1
    outer loop
      vertex -85.914 -49.4513 0
      vertex 85.914 -49.4513 0
      vertex 86.1764 -49.889 0
    endloop
  endfacet
  facet normal 0 0 -1
    outer loop
      vertex -86.1764 -49.889 0
      vertex 86.1764 -49.889 0
      vertex 86.4803 -50.2988 0
    endloop
  endfacet
  facet normal 0 0 -1
    outer loop
      vertex -86.4803 -50.2988 0
      vertex 86.4803 -50.2988 0
      vertex 86.823 -50.677 0
    endloop
  endfacet
  facet normal 0 0 -1
    outer loop
      vertex -86.823 -50.677 0
      vertex 86.823 -50.677 0
      vertex 87.2012 -51.0197 0
    endloop
  endfacet
  facet normal 0 0 -1
    outer loop
      vertex -87.2012 -51.0197 0
      vertex 87.2012 -51.0197 0
      vertex 87.611 -51.3236 0
    endloop
  endfacet
  facet normal 0 0 -1
    outer loop
      vertex -87.611 -51.3236 0
      vertex 87.611 -51.3236 0
      vertex 88.0487 -51.586 0
    endloop
  endfacet
  facet normal 0 0 -1
    outer loop
      vertex -88.0487 -51.586 0
      vertex 88.0487 -51.586 0
      vertex 96.5 -56 0
    endloop
  endfacet
  facet normal 0 0 -1
    outer loop
      vertex 85.325 -47.5097 0
      vertex -85.325 -47.5097 0
      vertex -85.3 -47 0
    endloop
  endfacet
  facet normal 0 0 -1
    outer loop
      vertex 85.3999 -48.0145 0
      vertex -85.3999 -48.0145 0
      vertex -85.325 -47.5097 0
    endloop
  endfacet
  facet normal 0 0 -1
    outer loop
      vertex 85.5239 -48.5095 0
      vertex -85.5239 -48.5095 0
      vertex -85.3999 -48.0145 0
    endloop
  endfacet
  facet normal 0 0 -1
    outer loop
      vertex 85.6958 -48.99 0
      vertex -85.6958 -48.99 0
      vertex -85.5239 -48.5095 0
    endloop
  endfacet
  facet normal 0 0 -1
    outer loop
      vertex 85.914 -49.4513 0
      vertex -85.914 -49.4513 0
      vertex -85.6958 -48.99 0
    endloop
  endfacet
  facet normal 0 0 -1
    outer loop
      vertex 86.1764 -49.889 0
      vertex -86.1764 -49.889 0
      vertex -85.914 -49.4513 0
    endloop
  endfacet
  facet normal 0 0 -1
    outer loop
      vertex 86.4803 -50.2988 0
      vertex -86.4803 -50.2988 0
      vertex -86.1764 -49.889 0
    endloop
  endfacet
  facet normal 0 0 -1
    outer loop
      vertex 86.823 -50.677 0
      vertex -86.823 -50.677 0
      vertex -86.4803 -50.2988 0
    endloop
  endfacet
  facet normal 0 0 -1
    outer loop
      vertex 87.2012 -51.0197 0
      vertex -87.2012 -51.0197 0
      vertex -86.823 -50.677 0
    endloop
  endfacet
  facet normal 0 0 -1
    outer loop
      vertex 87.611 -51.3236 0
      vertex -87.611 -51.3236 0
      vertex -87.2012 -51.0197 0
    endloop
  endfacet
  facet normal 0 0 -1
    outer loop
      vertex 88.0487 -51.586 0
      vertex -88.0487 -51.586 0
      vertex -87.611 -51.3236 0
    endloop
  endfacet
  facet normal 0 0 -1
    outer loop
      vertex -96.5 -56 0
      vertex -88.0487 -51.586 0
      vertex 96.5 -56 0
    endloop
  endfacet
  facet normal 0 0 -1
    outer loop
      vertex -88.0487 -51.586 0
      vertex -96.5 -56 0
      vertex -88.51 -51.8042 0
    endloop
  endfacet
  facet normal 0 0 -1
    outer loop
      vertex -88.51 -51.8042 0
      vertex -96.5 -56 0
      vertex -88.9905 -51.9761 0
    endloop
  endfacet
  facet normal 0 0 -1
    outer loop
      vertex -88.9905 -51.9761 0
      vertex -96.5 -56 0
      vertex -89.4855 -52.1001 0
    endloop
  endfacet
  facet normal 0 0 -1
    outer loop
      vertex -89.4855 -52.1001 0
      vertex -96.5 -56 0
      vertex -89.9903 -52.175 0
    endloop
  endfacet
  facet normal -0 0 -1
    outer loop
      vertex -95.675 -47.5097 0
      vertex -99.5 -53 0
      vertex -95.7 -47 0
    endloop
  endfacet
  facet normal -0 0 -1
    outer loop
      vertex -95.6001 -48.0145 0
      vertex -99.5 -53 0
      vertex -95.675 -47.5097 0
    endloop
  endfacet
  facet normal -0 0 -1
    outer loop
      vertex -95.4761 -48.5095 0
      vertex -99.5 -53 0
      vertex -95.6001 -48.0145 0
    endloop
  endfacet
  facet normal -0 0 -1
    outer loop
      vertex -95.3042 -48.99 0
      vertex -99.5 -53 0
      vertex -95.4761 -48.5095 0
    endloop
  endfacet
  facet normal -0 0 -1
    outer loop
      vertex -95.086 -49.4513 0
      vertex -99.5 -53 0
      vertex -95.3042 -48.99 0
    endloop
  endfacet
  facet normal -0 0 -1
    outer loop
      vertex -94.8236 -49.889 0
      vertex -99.5 -53 0
      vertex -95.086 -49.4513 0
    endloop
  endfacet
  facet normal -0 0 -1
    outer loop
      vertex -94.5197 -50.2988 0
      vertex -99.5 -53 0
      vertex -94.8236 -49.889 0
    endloop
  endfacet
  facet normal -0 0 -1
    outer loop
      vertex -94.177 -50.677 0
      vertex -99.5 -53 0
      vertex -94.5197 -50.2988 0
    endloop
  endfacet
  facet normal 0 0 -1
    outer loop
      vertex -99.5 -53 0
      vertex -94.177 -50.677 0
      vertex -96.5 -56 0
    endloop
  endfacet
  facet normal -0 0 -1
    outer loop
      vertex -93.7988 -51.0197 0
      vertex -96.5 -56 0
      vertex -94.177 -50.677 0
    endloop
  endfacet
  facet normal -0 0 -1
    outer loop
      vertex -93.389 -51.3236 0
      vertex -96.5 -56 0
      vertex -93.7988 -51.0197 0
    endloop
  endfacet
  facet normal -0 0 -1
    outer loop
      vertex -92.9513 -51.586 0
      vertex -96.5 -56 0
      vertex -93.389 -51.3236 0
    endloop
  endfacet
  facet normal -0 0 -1
    outer loop
      vertex -92.49 -51.8042 0
      vertex -96.5 -56 0
      vertex -92.9513 -51.586 0
    endloop
  endfacet
  facet normal -0 0 -1
    outer loop
      vertex -92.0095 -51.9761 0
      vertex -96.5 -56 0
      vertex -92.49 -51.8042 0
    endloop
  endfacet
  facet normal -0 0 -1
    outer loop
      vertex -91.5145 -52.1001 0
      vertex -96.5 -56 0
      vertex -92.0095 -51.9761 0
    endloop
  endfacet
  facet normal -0 0 -1
    outer loop
      vertex -91.0097 -52.175 0
      vertex -96.5 -56 0
      vertex -91.5145 -52.1001 0
    endloop
  endfacet
  facet normal -0 0 -1
    outer loop
      vertex -90.5 -52.2 0
      vertex -96.5 -56 0
      vertex -91.0097 -52.175 0
    endloop
  endfacet
  facet normal 0 0 -1
    outer loop
      vertex -89.9903 -52.175 0
      vertex -96.5 -56 0
      vertex -90.5 -52.2 0
    endloop
  endfacet
  facet normal -0 0 -1
    outer loop
      vertex 98.819 54.9032 0
      vertex 94.177 50.677 0
      vertex 98.6213 55.1213 0
    endloop
  endfacet
  facet normal -0 0 -1
    outer loop
      vertex 98.6213 55.1213 0
      vertex 94.177 50.677 0
      vertex 98.4032 55.319 0
    endloop
  endfacet
  facet normal -0 0 -1
    outer loop
      vertex 98.4032 55.319 0
      vertex 94.177 50.677 0
      vertex 98.1667 55.4944 0
    endloop
  endfacet
  facet normal -0 0 -1
    outer loop
      vertex 98.1667 55.4944 0
      vertex 94.177 50.677 0
      vertex 97.9142 55.6458 0
    endloop
  endfacet
  facet normal -0 0 -1
    outer loop
      vertex 97.9142 55.6458 0
      vertex 94.177 50.677 0
      vertex 97.648 55.7716 0
    endloop
  endfacet
  facet normal -0 0 -1
    outer loop
      vertex 97.648 55.7716 0
      vertex 94.177 50.677 0
      vertex 97.3708 55.8708 0
    endloop
  endfacet
  facet normal -0 0 -1
    outer loop
      vertex 97.3708 55.8708 0
      vertex 94.177 50.677 0
      vertex 97.0853 55.9424 0
    endloop
  endfacet
  facet normal -0 0 -1
    outer loop
      vertex 97.0853 55.9424 0
      vertex 94.177 50.677 0
      vertex 96.7941 55.9856 0
    endloop
  endfacet
  facet normal -0 0 -1
    outer loop
      vertex 96.7941 55.9856 0
      vertex 94.177 50.677 0
      vertex 96.5 56 0
    endloop
  endfacet
  facet normal 0 0 -1
    outer loop
      vertex 93.7988 51.0197 0
      vertex 96.5 56 0
      vertex 94.177 50.677 0
    endloop
  endfacet
  facet normal 0 0 -1
    outer loop
      vertex 93.389 51.3236 0
      vertex 96.5 56 0
      vertex 93.7988 51.0197 0
    endloop
  endfacet
  facet normal 0 0 -1
    outer loop
      vertex 92.9513 51.586 0
      vertex 96.5 56 0
      vertex 93.389 51.3236 0
    endloop
  endfacet
  facet normal 0 0 -1
    outer loop
      vertex 92.49 51.8042 0
      vertex 96.5 56 0
      vertex 92.9513 51.586 0
    endloop
  endfacet
  facet normal 0 0 -1
    outer loop
      vertex 92.0095 51.9761 0
      vertex 96.5 56 0
      vertex 92.49 51.8042 0
    endloop
  endfacet
  facet normal 0 0 -1
    outer loop
      vertex 91.5145 52.1001 0
      vertex 96.5 56 0
      vertex 92.0095 51.9761 0
    endloop
  endfacet
  facet normal 0 0 -1
    outer loop
      vertex 91.0097 52.175 0
      vertex 96.5 56 0
      vertex 91.5145 52.1001 0
    endloop
  endfacet
  facet normal 0 0 -1
    outer loop
      vertex 90.5 52.2 0
      vertex 96.5 56 0
      vertex 91.0097 52.175 0
    endloop
  endfacet
  facet normal 0 0 -1
    outer loop
      vertex 89.9903 52.175 0
      vertex 96.5 56 0
      vertex 90.5 52.2 0
    endloop
  endfacet
  facet normal 0 0 -1
    outer loop
      vertex 89.4855 52.1001 0
      vertex 96.5 56 0
      vertex 89.9903 52.175 0
    endloop
  endfacet
  facet normal 0 0 -1
    outer loop
      vertex 88.9905 51.9761 0
      vertex 96.5 56 0
      vertex 89.4855 52.1001 0
    endloop
  endfacet
  facet normal 0 0 -1
    outer loop
      vertex 88.51 51.8042 0
      vertex 96.5 56 0
      vertex 88.9905 51.9761 0
    endloop
  endfacet
  facet normal 0 0 -1
    outer loop
      vertex 88.0487 51.586 0
      vertex 96.5 56 0
      vertex 88.51 51.8042 0
    endloop
  endfacet
  facet normal 0 0 -1
    outer loop
      vertex 85.325 46.4903 0
      vertex -85.3 47 0
      vertex 85.3 47 0
    endloop
  endfacet
  facet normal 0 0 -1
    outer loop
      vertex 85.3 47 0
      vertex -85.3 47 0
      vertex 85.325 47.5097 0
    endloop
  endfacet
  facet normal 0 0 -1
    outer loop
      vertex -85.325 47.5097 0
      vertex 85.325 47.5097 0
      vertex -85.3 47 0
    endloop
  endfacet
  facet normal 0 0 -1
    outer loop
      vertex 85.325 47.5097 0
      vertex -85.325 47.5097 0
      vertex 85.3999 48.0145 0
    endloop
  endfacet
  facet normal 0 0 -1
    outer loop
      vertex -85.3999 48.0145 0
      vertex 85.3999 48.0145 0
      vertex -85.325 47.5097 0
    endloop
  endfacet
  facet normal 0 0 -1
    outer loop
      vertex 85.3999 48.0145 0
      vertex -85.3999 48.0145 0
      vertex 85.5239 48.5095 0
    endloop
  endfacet
  facet normal 0 0 -1
    outer loop
      vertex -85.5239 48.5095 0
      vertex 85.5239 48.5095 0
      vertex -85.3999 48.0145 0
    endloop
  endfacet
  facet normal 0 0 -1
    outer loop
      vertex 85.5239 48.5095 0
      vertex -85.5239 48.5095 0
      vertex 85.6958 48.99 0
    endloop
  endfacet
  facet normal 0 0 -1
    outer loop
      vertex -85.6958 48.99 0
      vertex 85.6958 48.99 0
      vertex -85.5239 48.5095 0
    endloop
  endfacet
  facet normal 0 0 -1
    outer loop
      vertex 85.6958 48.99 0
      vertex -85.6958 48.99 0
      vertex 85.914 49.4513 0
    endloop
  endfacet
  facet normal 0 0 -1
    outer loop
      vertex -85.914 49.4513 0
      vertex 85.914 49.4513 0
      vertex -85.6958 48.99 0
    endloop
  endfacet
  facet normal 0 0 -1
    outer loop
      vertex 85.914 49.4513 0
      vertex -85.914 49.4513 0
      vertex 86.1764 49.889 0
    endloop
  endfacet
  facet normal 0 0 -1
    outer loop
      vertex -86.1764 49.889 0
      vertex 86.1764 49.889 0
      vertex -85.914 49.4513 0
    endloop
  endfacet
  facet normal 0 0 -1
    outer loop
      vertex 86.1764 49.889 0
      vertex -86.1764 49.889 0
      vertex 86.4803 50.2988 0
    endloop
  endfacet
  facet normal 0 0 -1
    outer loop
      vertex -86.4803 50.2988 0
      vertex 86.4803 50.2988 0
      vertex -86.1764 49.889 0
    endloop
  endfacet
  facet normal 0 0 -1
    outer loop
      vertex 86.4803 50.2988 0
      vertex -86.4803 50.2988 0
      vertex 86.823 50.677 0
    endloop
  endfacet
  facet normal 0 0 -1
    outer loop
      vertex -86.823 50.677 0
      vertex 86.823 50.677 0
      vertex -86.4803 50.2988 0
    endloop
  endfacet
  facet normal 0 0 -1
    outer loop
      vertex 86.823 50.677 0
      vertex -86.823 50.677 0
      vertex 87.2012 51.0197 0
    endloop
  endfacet
  facet normal 0 0 -1
    outer loop
      vertex -87.2012 51.0197 0
      vertex 87.2012 51.0197 0
      vertex -86.823 50.677 0
    endloop
  endfacet
  facet normal 0 0 -1
    outer loop
      vertex 87.2012 51.0197 0
      vertex -87.2012 51.0197 0
      vertex 87.611 51.3236 0
    endloop
  endfacet
  facet normal 0 0 -1
    outer loop
      vertex -87.611 51.3236 0
      vertex 87.611 51.3236 0
      vertex -87.2012 51.0197 0
    endloop
  endfacet
  facet normal 0 0 -1
    outer loop
      vertex 87.611 51.3236 0
      vertex -87.611 51.3236 0
      vertex 88.0487 51.586 0
    endloop
  endfacet
  facet normal 0 0 -1
    outer loop
      vertex -88.0487 51.586 0
      vertex 88.0487 51.586 0
      vertex -87.611 51.3236 0
    endloop
  endfacet
  facet normal 0 0 -1
    outer loop
      vertex 88.0487 51.586 0
      vertex -88.0487 51.586 0
      vertex 96.5 56 0
    endloop
  endfacet
  facet normal 0 0 -1
    outer loop
      vertex -96.5 56 0
      vertex -88.0487 51.586 0
      vertex -88.51 51.8042 0
    endloop
  endfacet
  facet normal 0 0 -1
    outer loop
      vertex -96.5 56 0
      vertex -88.51 51.8042 0
      vertex -88.9905 51.9761 0
    endloop
  endfacet
  facet normal 0 0 -1
    outer loop
      vertex -96.5 56 0
      vertex -88.9905 51.9761 0
      vertex -89.4855 52.1001 0
    endloop
  endfacet
  facet normal 0 0 -1
    outer loop
      vertex -96.5 56 0
      vertex -89.4855 52.1001 0
      vertex -89.9903 52.175 0
    endloop
  endfacet
  facet normal 0 0 -1
    outer loop
      vertex -96.5 56 0
      vertex -89.9903 52.175 0
      vertex -90.5 52.2 0
    endloop
  endfacet
  facet normal 0 0 -1
    outer loop
      vertex -88.0487 51.586 0
      vertex -96.5 56 0
      vertex 96.5 56 0
    endloop
  endfacet
  facet normal 0 0 -1
    outer loop
      vertex -91.0097 52.175 0
      vertex -96.5 56 0
      vertex -90.5 52.2 0
    endloop
  endfacet
  facet normal 0 0 -1
    outer loop
      vertex -91.5145 52.1001 0
      vertex -96.5 56 0
      vertex -91.0097 52.175 0
    endloop
  endfacet
  facet normal 0 0 -1
    outer loop
      vertex -92.0095 51.9761 0
      vertex -96.5 56 0
      vertex -91.5145 52.1001 0
    endloop
  endfacet
  facet normal 0 0 -1
    outer loop
      vertex -92.49 51.8042 0
      vertex -96.5 56 0
      vertex -92.0095 51.9761 0
    endloop
  endfacet
  facet normal 0 0 -1
    outer loop
      vertex -92.9513 51.586 0
      vertex -96.5 56 0
      vertex -92.49 51.8042 0
    endloop
  endfacet
  facet normal 0 0 -1
    outer loop
      vertex -93.389 51.3236 0
      vertex -96.5 56 0
      vertex -92.9513 51.586 0
    endloop
  endfacet
  facet normal 0 0 -1
    outer loop
      vertex -93.7988 51.0197 0
      vertex -96.5 56 0
      vertex -93.389 51.3236 0
    endloop
  endfacet
  facet normal 0 0 -1
    outer loop
      vertex -94.177 50.677 0
      vertex -96.5 56 0
      vertex -93.7988 51.0197 0
    endloop
  endfacet
  facet normal 0 0 -1
    outer loop
      vertex -99.5 53 0
      vertex -94.177 50.677 0
      vertex -94.5197 50.2988 0
    endloop
  endfacet
  facet normal 0 0 -1
    outer loop
      vertex -99.5 53 0
      vertex -94.5197 50.2988 0
      vertex -94.8236 49.889 0
    endloop
  endfacet
  facet normal 0 0 -1
    outer loop
      vertex -99.5 53 0
      vertex -94.8236 49.889 0
      vertex -95.086 49.4513 0
    endloop
  endfacet
  facet normal 0 0 -1
    outer loop
      vertex -99.5 53 0
      vertex -95.086 49.4513 0
      vertex -95.3042 48.99 0
    endloop
  endfacet
  facet normal 0 0 -1
    outer loop
      vertex -99.5 53 0
      vertex -95.3042 48.99 0
      vertex -95.4761 48.5095 0
    endloop
  endfacet
  facet normal 0 0 -1
    outer loop
      vertex -99.5 53 0
      vertex -95.4761 48.5095 0
      vertex -95.6001 48.0145 0
    endloop
  endfacet
  facet normal 0 0 -1
    outer loop
      vertex -99.5 53 0
      vertex -95.6001 48.0145 0
      vertex -95.675 47.5097 0
    endloop
  endfacet
  facet normal 0 0 -1
    outer loop
      vertex -99.5 53 0
      vertex -95.675 47.5097 0
      vertex -95.7 47 0
    endloop
  endfacet
  facet normal 0 0 -1
    outer loop
      vertex -95.6001 45.9855 0
      vertex -99.5 53 0
      vertex -95.675 46.4903 0
    endloop
  endfacet
  facet normal 0 0 -1
    outer loop
      vertex -99.5 -53 0
      vertex -96.5 -56 0
      vertex -96.7941 -55.9856 0
    endloop
  endfacet
  facet normal 0 0 -1
    outer loop
      vertex -95.675 46.4903 0
      vertex -99.5 53 0
      vertex -95.7 47 0
    endloop
  endfacet
  facet normal 0 0 -1
    outer loop
      vertex -99.5 -53 0
      vertex -96.7941 -55.9856 0
      vertex -97.0853 -55.9424 0
    endloop
  endfacet
  facet normal 0 0 -1
    outer loop
      vertex -94.177 50.677 0
      vertex -99.5 53 0
      vertex -96.5 56 0
    endloop
  endfacet
  facet normal 0 0 -1
    outer loop
      vertex -99.5 -53 0
      vertex -97.0853 -55.9424 0
      vertex -97.3708 -55.8708 0
    endloop
  endfacet
  facet normal 0 0 -1
    outer loop
      vertex -96.5 56 0
      vertex -99.5 53 0
      vertex -96.7941 55.9856 0
    endloop
  endfacet
  facet normal 0 0 -1
    outer loop
      vertex -99.5 -53 0
      vertex -97.3708 -55.8708 0
      vertex -97.648 -55.7716 0
    endloop
  endfacet
  facet normal 0 0 -1
    outer loop
      vertex -96.7941 55.9856 0
      vertex -99.5 53 0
      vertex -97.0853 55.9424 0
    endloop
  endfacet
  facet normal 0 0 -1
    outer loop
      vertex -99.5 -53 0
      vertex -97.648 -55.7716 0
      vertex -97.9142 -55.6458 0
    endloop
  endfacet
  facet normal 0 0 -1
    outer loop
      vertex -97.0853 55.9424 0
      vertex -99.5 53 0
      vertex -97.3708 55.8708 0
    endloop
  endfacet
  facet normal 0 0 -1
    outer loop
      vertex -99.5 -53 0
      vertex -97.9142 -55.6458 0
      vertex -98.1667 -55.4944 0
    endloop
  endfacet
  facet normal 0 0 -1
    outer loop
      vertex -97.3708 55.8708 0
      vertex -99.5 53 0
      vertex -97.648 55.7716 0
    endloop
  endfacet
  facet normal 0 0 -1
    outer loop
      vertex -99.5 -53 0
      vertex -98.1667 -55.4944 0
      vertex -98.4032 -55.319 0
    endloop
  endfacet
  facet normal 0 0 -1
    outer loop
      vertex -97.648 55.7716 0
      vertex -99.5 53 0
      vertex -97.9142 55.6458 0
    endloop
  endfacet
  facet normal 0 0 -1
    outer loop
      vertex -99.5 -53 0
      vertex -98.4032 -55.319 0
      vertex -98.6213 -55.1213 0
    endloop
  endfacet
  facet normal 0 0 -1
    outer loop
      vertex -97.9142 55.6458 0
      vertex -99.5 53 0
      vertex -98.1667 55.4944 0
    endloop
  endfacet
  facet normal 0 0 -1
    outer loop
      vertex -99.5 -53 0
      vertex -98.6213 -55.1213 0
      vertex -98.819 -54.9032 0
    endloop
  endfacet
  facet normal 0 0 -1
    outer loop
      vertex -98.1667 55.4944 0
      vertex -99.5 53 0
      vertex -98.4032 55.319 0
    endloop
  endfacet
  facet normal 0 0 -1
    outer loop
      vertex -99.5 -53 0
      vertex -98.819 -54.9032 0
      vertex -98.9944 -54.6667 0
    endloop
  endfacet
  facet normal 0 0 -1
    outer loop
      vertex -98.4032 55.319 0
      vertex -99.5 53 0
      vertex -98.6213 55.1213 0
    endloop
  endfacet
  facet normal 0 0 -1
    outer loop
      vertex -99.5 -53 0
      vertex -98.9944 -54.6667 0
      vertex -99.1458 -54.4142 0
    endloop
  endfacet
  facet normal 0 0 -1
    outer loop
      vertex -98.6213 55.1213 0
      vertex -99.5 53 0
      vertex -98.819 54.9032 0
    endloop
  endfacet
  facet normal 0 0 -1
    outer loop
      vertex -99.5 -53 0
      vertex -99.1458 -54.4142 0
      vertex -99.2716 -54.148 0
    endloop
  endfacet
  facet normal 0 0 -1
    outer loop
      vertex -98.819 54.9032 0
      vertex -99.5 53 0
      vertex -98.9944 54.6667 0
    endloop
  endfacet
  facet normal 0 0 -1
    outer loop
      vertex -99.5 -53 0
      vertex -99.2716 -54.148 0
      vertex -99.3708 -53.8709 0
    endloop
  endfacet
  facet normal 0 0 -1
    outer loop
      vertex -98.9944 54.6667 0
      vertex -99.5 53 0
      vertex -99.1458 54.4142 0
    endloop
  endfacet
  facet normal 0 0 -1
    outer loop
      vertex -99.5 -53 0
      vertex -99.3708 -53.8709 0
      vertex -99.4424 -53.5853 0
    endloop
  endfacet
  facet normal 0 0 -1
    outer loop
      vertex -99.1458 54.4142 0
      vertex -99.5 53 0
      vertex -99.2716 54.148 0
    endloop
  endfacet
  facet normal 0 0 -1
    outer loop
      vertex -99.5 -53 0
      vertex -99.4424 -53.5853 0
      vertex -99.4855 -53.2941 0
    endloop
  endfacet
  facet normal 0 0 -1
    outer loop
      vertex -99.2716 54.148 0
      vertex -99.5 53 0
      vertex -99.3708 53.8709 0
    endloop
  endfacet
  facet normal 0 0 -1
    outer loop
      vertex -99.3708 53.8709 0
      vertex -99.5 53 0
      vertex -99.4424 53.5853 0
    endloop
  endfacet
  facet normal 0 0 -1
    outer loop
      vertex -99.4424 53.5853 0
      vertex -99.5 53 0
      vertex -99.4855 53.2941 0
    endloop
  endfacet
  facet normal -0.803208 0.595699 0
    outer loop
      vertex -98.9944 54.6667 0
      vertex -98.819 54.9032 22
      vertex -98.819 54.9032 0
    endloop
  endfacet
  facet normal -0.803208 0.595699 0
    outer loop
      vertex -98.819 54.9032 22
      vertex -98.9944 54.6667 0
      vertex -98.9944 54.6667 22
    endloop
  endfacet
  facet normal -0.803208 -0.595699 0
    outer loop
      vertex -98.819 -54.9032 0
      vertex -98.9944 -54.6667 22
      vertex -98.9944 -54.6667 0
    endloop
  endfacet
  facet normal -0.803208 -0.595699 0
    outer loop
      vertex -98.9944 -54.6667 22
      vertex -98.819 -54.9032 0
      vertex -98.819 -54.9032 22
    endloop
  endfacet
  facet normal 0.941488 -0.337047 0
    outer loop
      vertex 99.2716 -54.148 22
      vertex 99.3708 -53.8709 0
      vertex 99.3708 -53.8709 22
    endloop
  endfacet
  facet normal 0.941488 -0.337047 0
    outer loop
      vertex 99.3708 -53.8709 0
      vertex 99.2716 -54.148 22
      vertex 99.2716 -54.148 0
    endloop
  endfacet
  facet normal 0.904125 -0.427269 0
    outer loop
      vertex 99.1458 -54.4142 22
      vertex 99.2716 -54.148 0
      vertex 99.2716 -54.148 22
    endloop
  endfacet
  facet normal 0.904125 -0.427269 0
    outer loop
      vertex 99.2716 -54.148 0
      vertex 99.1458 -54.4142 22
      vertex 99.1458 -54.4142 0
    endloop
  endfacet
  facet normal 0.146746 -0.989174 0
    outer loop
      vertex 96.7941 -55.9856 0
      vertex 97.0853 -55.9424 22
      vertex 96.7941 -55.9856 22
    endloop
  endfacet
  facet normal 0.146746 -0.989174 0
    outer loop
      vertex 97.0853 -55.9424 22
      vertex 96.7941 -55.9856 0
      vertex 97.0853 -55.9424 0
    endloop
  endfacet
  facet normal -0.336939 -0.941527 0
    outer loop
      vertex -97.648 -55.7716 0
      vertex -97.3708 -55.8708 22
      vertex -97.648 -55.7716 22
    endloop
  endfacet
  facet normal -0.336939 -0.941527 -0
    outer loop
      vertex -97.3708 -55.8708 22
      vertex -97.648 -55.7716 0
      vertex -97.3708 -55.8708 0
    endloop
  endfacet
  facet normal -0.904125 0.427269 0
    outer loop
      vertex -99.2716 54.148 0
      vertex -99.1458 54.4142 22
      vertex -99.1458 54.4142 0
    endloop
  endfacet
  facet normal -0.904125 0.427269 0
    outer loop
      vertex -99.1458 54.4142 22
      vertex -99.2716 54.148 0
      vertex -99.2716 54.148 22
    endloop
  endfacet
  facet normal 1 -0 0
    outer loop
      vertex 99.5 -53 22
      vertex 99.5 53 0
      vertex 99.5 53 22
    endloop
  endfacet
  facet normal 1 0 0
    outer loop
      vertex 99.5 53 0
      vertex 99.5 -53 22
      vertex 99.5 -53 0
    endloop
  endfacet
  facet normal 0.998787 -0.0492431 0
    outer loop
      vertex 99.4855 -53.2941 22
      vertex 99.5 -53 0
      vertex 99.5 -53 22
    endloop
  endfacet
  facet normal 0.998787 -0.0492431 0
    outer loop
      vertex 99.5 -53 0
      vertex 99.4855 -53.2941 22
      vertex 99.4855 -53.2941 0
    endloop
  endfacet
  facet normal -0.146746 -0.989174 0
    outer loop
      vertex -97.0853 -55.9424 0
      vertex -96.7941 -55.9856 22
      vertex -97.0853 -55.9424 22
    endloop
  endfacet
  facet normal -0.146746 -0.989174 -0
    outer loop
      vertex -96.7941 -55.9856 22
      vertex -97.0853 -55.9424 0
      vertex -96.7941 -55.9856 0
    endloop
  endfacet
  facet normal -0.969982 0.243175 0
    outer loop
      vertex -99.4424 53.5853 0
      vertex -99.3708 53.8709 22
      vertex -99.3708 53.8709 0
    endloop
  endfacet
  facet normal -0.969982 0.243175 0
    outer loop
      vertex -99.3708 53.8709 22
      vertex -99.4424 53.5853 0
      vertex -99.4424 53.5853 22
    endloop
  endfacet
  facet normal 0.803208 0.595699 0
    outer loop
      vertex 98.9944 54.6667 22
      vertex 98.819 54.9032 0
      vertex 98.819 54.9032 22
    endloop
  endfacet
  facet normal 0.803208 0.595699 0
    outer loop
      vertex 98.819 54.9032 0
      vertex 98.9944 54.6667 22
      vertex 98.9944 54.6667 0
    endloop
  endfacet
  facet normal -0.740908 -0.671607 0
    outer loop
      vertex -98.6213 -55.1213 0
      vertex -98.819 -54.9032 22
      vertex -98.819 -54.9032 0
    endloop
  endfacet
  facet normal -0.740908 -0.671607 0
    outer loop
      vertex -98.819 -54.9032 22
      vertex -98.6213 -55.1213 0
      vertex -98.6213 -55.1213 22
    endloop
  endfacet
  facet normal 0.336939 0.941527 -0
    outer loop
      vertex 97.648 55.7716 0
      vertex 97.3708 55.8708 22
      vertex 97.648 55.7716 22
    endloop
  endfacet
  facet normal 0.336939 0.941527 0
    outer loop
      vertex 97.3708 55.8708 22
      vertex 97.648 55.7716 0
      vertex 97.3708 55.8708 0
    endloop
  endfacet
  facet normal 0.243255 -0.969962 0
    outer loop
      vertex 97.0853 -55.9424 0
      vertex 97.3708 -55.8708 22
      vertex 97.0853 -55.9424 22
    endloop
  endfacet
  facet normal 0.243255 -0.969962 0
    outer loop
      vertex 97.3708 -55.8708 22
      vertex 97.0853 -55.9424 0
      vertex 97.3708 -55.8708 0
    endloop
  endfacet
  facet normal -0.671607 -0.740908 0
    outer loop
      vertex -98.6213 -55.1213 0
      vertex -98.4032 -55.319 22
      vertex -98.6213 -55.1213 22
    endloop
  endfacet
  facet normal -0.671607 -0.740908 -0
    outer loop
      vertex -98.4032 -55.319 22
      vertex -98.6213 -55.1213 0
      vertex -98.4032 -55.319 0
    endloop
  endfacet
  facet normal -0.243255 -0.969962 0
    outer loop
      vertex -97.3708 -55.8708 0
      vertex -97.0853 -55.9424 22
      vertex -97.3708 -55.8708 22
    endloop
  endfacet
  facet normal -0.243255 -0.969962 -0
    outer loop
      vertex -97.0853 -55.9424 22
      vertex -97.3708 -55.8708 0
      vertex -97.0853 -55.9424 0
    endloop
  endfacet
  facet normal 0.243255 0.969962 -0
    outer loop
      vertex 97.3708 55.8708 0
      vertex 97.0853 55.9424 22
      vertex 97.3708 55.8708 22
    endloop
  endfacet
  facet normal 0.243255 0.969962 0
    outer loop
      vertex 97.0853 55.9424 22
      vertex 97.3708 55.8708 0
      vertex 97.0853 55.9424 0
    endloop
  endfacet
  facet normal -0.427269 -0.904125 0
    outer loop
      vertex -97.9142 -55.6458 0
      vertex -97.648 -55.7716 22
      vertex -97.9142 -55.6458 22
    endloop
  endfacet
  facet normal -0.427269 -0.904125 -0
    outer loop
      vertex -97.648 -55.7716 22
      vertex -97.9142 -55.6458 0
      vertex -97.648 -55.7716 0
    endloop
  endfacet
  facet normal -0.595699 -0.803208 0
    outer loop
      vertex -98.4032 -55.319 0
      vertex -98.1667 -55.4944 22
      vertex -98.4032 -55.319 22
    endloop
  endfacet
  facet normal -0.595699 -0.803208 -0
    outer loop
      vertex -98.1667 -55.4944 22
      vertex -98.4032 -55.319 0
      vertex -98.1667 -55.4944 0
    endloop
  endfacet
  facet normal -0.989224 0.146413 0
    outer loop
      vertex -99.4855 53.2941 0
      vertex -99.4424 53.5853 22
      vertex -99.4424 53.5853 0
    endloop
  endfacet
  facet normal -0.989224 0.146413 0
    outer loop
      vertex -99.4424 53.5853 22
      vertex -99.4855 53.2941 0
      vertex -99.4855 53.2941 22
    endloop
  endfacet
  facet normal -0.595699 0.803208 0
    outer loop
      vertex -98.1667 55.4944 0
      vertex -98.4032 55.319 22
      vertex -98.1667 55.4944 22
    endloop
  endfacet
  facet normal -0.595699 0.803208 0
    outer loop
      vertex -98.4032 55.319 22
      vertex -98.1667 55.4944 0
      vertex -98.4032 55.319 0
    endloop
  endfacet
  facet normal 0.989224 -0.146413 0
    outer loop
      vertex 99.4424 -53.5853 22
      vertex 99.4855 -53.2941 0
      vertex 99.4855 -53.2941 22
    endloop
  endfacet
  facet normal 0.989224 -0.146413 0
    outer loop
      vertex 99.4855 -53.2941 0
      vertex 99.4424 -53.5853 22
      vertex 99.4424 -53.5853 0
    endloop
  endfacet
  facet normal 0.427269 0.904125 -0
    outer loop
      vertex 97.9142 55.6458 0
      vertex 97.648 55.7716 22
      vertex 97.9142 55.6458 22
    endloop
  endfacet
  facet normal 0.427269 0.904125 0
    outer loop
      vertex 97.648 55.7716 22
      vertex 97.9142 55.6458 0
      vertex 97.648 55.7716 0
    endloop
  endfacet
  facet normal 0.998787 0.0492431 0
    outer loop
      vertex 99.5 53 22
      vertex 99.4855 53.2941 0
      vertex 99.4855 53.2941 22
    endloop
  endfacet
  facet normal 0.998787 0.0492431 0
    outer loop
      vertex 99.4855 53.2941 0
      vertex 99.5 53 22
      vertex 99.5 53 0
    endloop
  endfacet
  facet normal 0.514246 0.857643 -0
    outer loop
      vertex 98.1667 55.4944 0
      vertex 97.9142 55.6458 22
      vertex 98.1667 55.4944 22
    endloop
  endfacet
  facet normal 0.514246 0.857643 0
    outer loop
      vertex 97.9142 55.6458 22
      vertex 98.1667 55.4944 0
      vertex 97.9142 55.6458 0
    endloop
  endfacet
  facet normal -0.904125 -0.427269 0
    outer loop
      vertex -99.1458 -54.4142 0
      vertex -99.2716 -54.148 22
      vertex -99.2716 -54.148 0
    endloop
  endfacet
  facet normal -0.904125 -0.427269 0
    outer loop
      vertex -99.2716 -54.148 22
      vertex -99.1458 -54.4142 0
      vertex -99.1458 -54.4142 22
    endloop
  endfacet
  facet normal 0.989224 0.146413 0
    outer loop
      vertex 99.4855 53.2941 22
      vertex 99.4424 53.5853 0
      vertex 99.4424 53.5853 22
    endloop
  endfacet
  facet normal 0.989224 0.146413 0
    outer loop
      vertex 99.4424 53.5853 0
      vertex 99.4855 53.2941 22
      vertex 99.4855 53.2941 0
    endloop
  endfacet
  facet normal -0.740908 0.671607 0
    outer loop
      vertex -98.819 54.9032 0
      vertex -98.6213 55.1213 22
      vertex -98.6213 55.1213 0
    endloop
  endfacet
  facet normal -0.740908 0.671607 0
    outer loop
      vertex -98.6213 55.1213 22
      vertex -98.819 54.9032 0
      vertex -98.819 54.9032 22
    endloop
  endfacet
  facet normal -0.514246 0.857643 0
    outer loop
      vertex -97.9142 55.6458 0
      vertex -98.1667 55.4944 22
      vertex -97.9142 55.6458 22
    endloop
  endfacet
  facet normal -0.514246 0.857643 0
    outer loop
      vertex -98.1667 55.4944 22
      vertex -97.9142 55.6458 0
      vertex -98.1667 55.4944 0
    endloop
  endfacet
  facet normal -0.998787 -0.0492431 0
    outer loop
      vertex -99.4855 -53.2941 0
      vertex -99.5 -53 22
      vertex -99.5 -53 0
    endloop
  endfacet
  facet normal -0.998787 -0.0492431 0
    outer loop
      vertex -99.5 -53 22
      vertex -99.4855 -53.2941 0
      vertex -99.4855 -53.2941 22
    endloop
  endfacet
  facet normal 0.941488 0.337047 0
    outer loop
      vertex 99.3708 53.8709 22
      vertex 99.2716 54.148 0
      vertex 99.2716 54.148 22
    endloop
  endfacet
  facet normal 0.941488 0.337047 0
    outer loop
      vertex 99.2716 54.148 0
      vertex 99.3708 53.8709 22
      vertex 99.3708 53.8709 0
    endloop
  endfacet
  facet normal 0 0 1
    outer loop
      vertex -84.3 -44 22
      vertex -85.5241 -46.5099 22
      vertex -85.5 -47 22
    endloop
  endfacet
  facet normal 0 0 1
    outer loop
      vertex -86.0904 -44.643 22
      vertex -85.2289 -43.8622 22
      vertex -85.5246 -43.7564 22
    endloop
  endfacet
  facet normal 0 0 1
    outer loop
      vertex -84.9243 -43.9385 22
      vertex -85.5961 -46.0245 22
      vertex -85.5241 -46.5099 22
    endloop
  endfacet
  facet normal 0 0 1
    outer loop
      vertex -84.9243 -43.9385 22
      vertex -85.7153 -45.5486 22
      vertex -85.5961 -46.0245 22
    endloop
  endfacet
  facet normal 0 0 1
    outer loop
      vertex -86.3427 -44.2221 22
      vertex -85.5246 -43.7564 22
      vertex -85.8085 -43.6221 22
    endloop
  endfacet
  facet normal 0 0 1
    outer loop
      vertex -84.9243 -43.9385 22
      vertex -85.8806 -45.0866 22
      vertex -85.7153 -45.5486 22
    endloop
  endfacet
  facet normal 0 0 1
    outer loop
      vertex -86.3427 -44.2221 22
      vertex -85.8085 -43.6221 22
      vertex -86.0778 -43.4607 22
    endloop
  endfacet
  facet normal 0 0 1
    outer loop
      vertex -85.2289 -43.8622 22
      vertex -86.0904 -44.643 22
      vertex -85.8806 -45.0866 22
    endloop
  endfacet
  facet normal 0 0 1
    outer loop
      vertex -86.6349 -43.828 22
      vertex -86.0778 -43.4607 22
      vertex -86.3301 -43.2736 22
    endloop
  endfacet
  facet normal 0 0 1
    outer loop
      vertex -85.5246 -43.7564 22
      vertex -86.3427 -44.2221 22
      vertex -86.0904 -44.643 22
    endloop
  endfacet
  facet normal 0 0 1
    outer loop
      vertex -86.9645 -43.4645 22
      vertex -86.3301 -43.2736 22
      vertex -86.5627 -43.0627 22
    endloop
  endfacet
  facet normal 0 0 1
    outer loop
      vertex -86.0778 -43.4607 22
      vertex -86.6349 -43.828 22
      vertex -86.3427 -44.2221 22
    endloop
  endfacet
  facet normal 0 0 1
    outer loop
      vertex -86.9645 -43.4645 22
      vertex -86.5627 -43.0627 22
      vertex -86.7736 -42.8301 22
    endloop
  endfacet
  facet normal 0 0 1
    outer loop
      vertex -87.328 -43.1349 22
      vertex -86.7736 -42.8301 22
      vertex -86.9607 -42.5778 22
    endloop
  endfacet
  facet normal 0 0 1
    outer loop
      vertex -86.3301 -43.2736 22
      vertex -86.9645 -43.4645 22
      vertex -86.6349 -43.828 22
    endloop
  endfacet
  facet normal 0 0 1
    outer loop
      vertex -87.7221 -42.8427 22
      vertex -86.9607 -42.5778 22
      vertex -87.1221 -42.3085 22
    endloop
  endfacet
  facet normal 0 0 1
    outer loop
      vertex -87.7221 -42.8427 22
      vertex -87.1221 -42.3085 22
      vertex -87.2564 -42.0246 22
    endloop
  endfacet
  facet normal 0 0 1
    outer loop
      vertex -86.7736 -42.8301 22
      vertex -87.328 -43.1349 22
      vertex -86.9645 -43.4645 22
    endloop
  endfacet
  facet normal 0 0 1
    outer loop
      vertex -88.143 -42.5904 22
      vertex -87.2564 -42.0246 22
      vertex -87.3622 -41.7289 22
    endloop
  endfacet
  facet normal 0 0 1
    outer loop
      vertex -88.5866 -42.3806 22
      vertex -87.3622 -41.7289 22
      vertex -87.4385 -41.4243 22
    endloop
  endfacet
  facet normal 0 0 1
    outer loop
      vertex -88.5866 -42.3806 22
      vertex -87.4385 -41.4243 22
      vertex -87.4846 -41.1137 22
    endloop
  endfacet
  facet normal 0 0 1
    outer loop
      vertex -86.9607 -42.5778 22
      vertex -87.7221 -42.8427 22
      vertex -87.328 -43.1349 22
    endloop
  endfacet
  facet normal 0 0 1
    outer loop
      vertex -89.0486 -42.2153 22
      vertex -87.4846 -41.1137 22
      vertex -87.5 -40.8 22
    endloop
  endfacet
  facet normal -0 0 1
    outer loop
      vertex -89.0486 42.2153 22
      vertex -87.4846 41.1137 22
      vertex -88.5866 42.3806 22
    endloop
  endfacet
  facet normal 0 0 1
    outer loop
      vertex -87.4846 41.1137 22
      vertex -89.0486 42.2153 22
      vertex -87.5 40.8 22
    endloop
  endfacet
  facet normal 0 0 1
    outer loop
      vertex -87.2564 -42.0246 22
      vertex -88.143 -42.5904 22
      vertex -87.7221 -42.8427 22
    endloop
  endfacet
  facet normal -0 0 1
    outer loop
      vertex -89.5246 42.0961 22
      vertex -87.5 40.8 22
      vertex -89.0486 42.2153 22
    endloop
  endfacet
  facet normal 0 0 1
    outer loop
      vertex -87.3622 -41.7289 22
      vertex -88.5866 -42.3806 22
      vertex -88.143 -42.5904 22
    endloop
  endfacet
  facet normal -0 0 1
    outer loop
      vertex -90.0099 42.0241 22
      vertex -87.5 40.8 22
      vertex -89.5246 42.0961 22
    endloop
  endfacet
  facet normal 0 0 1
    outer loop
      vertex -87.4846 -41.1137 22
      vertex -89.0486 -42.2153 22
      vertex -88.5866 -42.3806 22
    endloop
  endfacet
  facet normal -0 0 1
    outer loop
      vertex -90.5 42 22
      vertex -87.5 40.8 22
      vertex -90.0099 42.0241 22
    endloop
  endfacet
  facet normal 0 0 1
    outer loop
      vertex -87.5 -40.8 22
      vertex -89.5246 -42.0961 22
      vertex -89.0486 -42.2153 22
    endloop
  endfacet
  facet normal 0 0 1
    outer loop
      vertex -90.9901 42.0241 22
      vertex -87.5 40.8 22
      vertex -90.5 42 22
    endloop
  endfacet
  facet normal 0 0 1
    outer loop
      vertex -87.5 -40.8 22
      vertex -90.0099 -42.0241 22
      vertex -89.5246 -42.0961 22
    endloop
  endfacet
  facet normal 0 0 1
    outer loop
      vertex -91.4754 42.0961 22
      vertex -87.5 40.8 22
      vertex -90.9901 42.0241 22
    endloop
  endfacet
  facet normal 0 0 1
    outer loop
      vertex -87.5 -40.8 22
      vertex -90.5 -42 22
      vertex -90.0099 -42.0241 22
    endloop
  endfacet
  facet normal 0 0 1
    outer loop
      vertex -91.9514 42.2153 22
      vertex -87.5 40.8 22
      vertex -91.4754 42.0961 22
    endloop
  endfacet
  facet normal 0 0 1
    outer loop
      vertex -87.5 -40.8 22
      vertex -90.9901 -42.0241 22
      vertex -90.5 -42 22
    endloop
  endfacet
  facet normal 0 0 1
    outer loop
      vertex -87.5 40.8 22
      vertex -91.9514 42.2153 22
      vertex -87.5 -40.8 22
    endloop
  endfacet
  facet normal 0 0 1
    outer loop
      vertex -87.5 -40.8 22
      vertex -91.4754 -42.0961 22
      vertex -90.9901 -42.0241 22
    endloop
  endfacet
  facet normal 0 0 1
    outer loop
      vertex -91.9514 -42.2153 22
      vertex -87.5 -40.8 22
      vertex -91.9514 42.2153 22
    endloop
  endfacet
  facet normal 0 0 1
    outer loop
      vertex -87.5 -40.8 22
      vertex -91.9514 -42.2153 22
      vertex -91.4754 -42.0961 22
    endloop
  endfacet
  facet normal 0 0 1
    outer loop
      vertex -92.4134 42.3806 22
      vertex -91.9514 -42.2153 22
      vertex -91.9514 42.2153 22
    endloop
  endfacet
  facet normal 0 0 1
    outer loop
      vertex -92.4134 42.3806 22
      vertex -92.4134 -42.3806 22
      vertex -91.9514 -42.2153 22
    endloop
  endfacet
  facet normal 0 0 1
    outer loop
      vertex -92.857 42.5904 22
      vertex -92.4134 -42.3806 22
      vertex -92.4134 42.3806 22
    endloop
  endfacet
  facet normal 0 0 1
    outer loop
      vertex -92.857 42.5904 22
      vertex -92.857 -42.5904 22
      vertex -92.4134 -42.3806 22
    endloop
  endfacet
  facet normal 0 0 1
    outer loop
      vertex -93.2778 42.8427 22
      vertex -92.857 -42.5904 22
      vertex -92.857 42.5904 22
    endloop
  endfacet
  facet normal 0 0 1
    outer loop
      vertex -93.2778 42.8427 22
      vertex -93.2778 -42.8427 22
      vertex -92.857 -42.5904 22
    endloop
  endfacet
  facet normal 0 0 1
    outer loop
      vertex -93.672 43.1349 22
      vertex -93.2778 -42.8427 22
      vertex -93.2778 42.8427 22
    endloop
  endfacet
  facet normal 0 0 1
    outer loop
      vertex -93.672 43.1349 22
      vertex -93.672 -43.1349 22
      vertex -93.2778 -42.8427 22
    endloop
  endfacet
  facet normal 0 0 1
    outer loop
      vertex -94.0355 43.4645 22
      vertex -93.672 -43.1349 22
      vertex -93.672 43.1349 22
    endloop
  endfacet
  facet normal 0 0 1
    outer loop
      vertex -94.0355 43.4645 22
      vertex -94.0355 -43.4645 22
      vertex -93.672 -43.1349 22
    endloop
  endfacet
  facet normal 0 0 1
    outer loop
      vertex -94.3651 43.828 22
      vertex -94.0355 -43.4645 22
      vertex -94.0355 43.4645 22
    endloop
  endfacet
  facet normal 0 0 1
    outer loop
      vertex -94.3651 43.828 22
      vertex -94.3651 -43.828 22
      vertex -94.0355 -43.4645 22
    endloop
  endfacet
  facet normal 0 0 1
    outer loop
      vertex -94.6573 44.2221 22
      vertex -94.3651 -43.828 22
      vertex -94.3651 43.828 22
    endloop
  endfacet
  facet normal 0 0 1
    outer loop
      vertex -94.6573 44.2221 22
      vertex -94.6573 -44.2221 22
      vertex -94.3651 -43.828 22
    endloop
  endfacet
  facet normal 0 0 1
    outer loop
      vertex -94.9096 44.643 22
      vertex -94.6573 -44.2221 22
      vertex -94.6573 44.2221 22
    endloop
  endfacet
  facet normal 0 0 1
    outer loop
      vertex -94.9096 44.643 22
      vertex -94.9096 -44.643 22
      vertex -94.6573 -44.2221 22
    endloop
  endfacet
  facet normal 0 0 1
    outer loop
      vertex -99.5 53 22
      vertex -94.9096 44.643 22
      vertex -95.1194 45.0866 22
    endloop
  endfacet
  facet normal 0 0 1
    outer loop
      vertex -94.9096 44.643 22
      vertex -99.5 53 22
      vertex -94.9096 -44.643 22
    endloop
  endfacet
  facet normal 0 0 1
    outer loop
      vertex -99.5 53 22
      vertex -95.1194 45.0866 22
      vertex -95.2847 45.5486 22
    endloop
  endfacet
  facet normal 0 0 1
    outer loop
      vertex -99.5 -53 22
      vertex -94.9096 -44.643 22
      vertex -99.5 53 22
    endloop
  endfacet
  facet normal 0 0 1
    outer loop
      vertex -99.5 53 22
      vertex -95.2847 45.5486 22
      vertex -95.4039 46.0245 22
    endloop
  endfacet
  facet normal 0 0 1
    outer loop
      vertex -94.9096 -44.643 22
      vertex -99.5 -53 22
      vertex -95.1194 -45.0866 22
    endloop
  endfacet
  facet normal 0 0 1
    outer loop
      vertex -99.5 53 22
      vertex -95.4039 46.0245 22
      vertex -95.4759 46.5099 22
    endloop
  endfacet
  facet normal 0 0 1
    outer loop
      vertex -95.1194 -45.0866 22
      vertex -99.5 -53 22
      vertex -95.2847 -45.5486 22
    endloop
  endfacet
  facet normal 0 0 1
    outer loop
      vertex -99.5 53 22
      vertex -95.4759 46.5099 22
      vertex -95.5 47 22
    endloop
  endfacet
  facet normal 0 0 1
    outer loop
      vertex -95.2847 -45.5486 22
      vertex -99.5 -53 22
      vertex -95.4039 -46.0245 22
    endloop
  endfacet
  facet normal 0 0 1
    outer loop
      vertex -84.3 44 22
      vertex -85.7153 45.5486 22
      vertex -84.6137 43.9846 22
    endloop
  endfacet
  facet normal -0 0 1
    outer loop
      vertex -85.8806 45.0866 22
      vertex -84.6137 43.9846 22
      vertex -85.7153 45.5486 22
    endloop
  endfacet
  facet normal 0 0 1
    outer loop
      vertex -84.6137 43.9846 22
      vertex -85.8806 45.0866 22
      vertex -84.9243 43.9385 22
    endloop
  endfacet
  facet normal 0 0 1
    outer loop
      vertex -84.9243 43.9385 22
      vertex -85.8806 45.0866 22
      vertex -85.2289 43.8622 22
    endloop
  endfacet
  facet normal -0 0 1
    outer loop
      vertex -86.0904 44.643 22
      vertex -85.2289 43.8622 22
      vertex -85.8806 45.0866 22
    endloop
  endfacet
  facet normal 0 0 1
    outer loop
      vertex -85.2289 43.8622 22
      vertex -86.0904 44.643 22
      vertex -85.5246 43.7564 22
    endloop
  endfacet
  facet normal -0 0 1
    outer loop
      vertex -86.3427 44.2221 22
      vertex -85.5246 43.7564 22
      vertex -86.0904 44.643 22
    endloop
  endfacet
  facet normal 0 0 1
    outer loop
      vertex -85.5246 43.7564 22
      vertex -86.3427 44.2221 22
      vertex -85.8085 43.6221 22
    endloop
  endfacet
  facet normal 0 0 1
    outer loop
      vertex -85.8085 43.6221 22
      vertex -86.3427 44.2221 22
      vertex -86.0778 43.4607 22
    endloop
  endfacet
  facet normal -0 0 1
    outer loop
      vertex -86.6349 43.828 22
      vertex -86.0778 43.4607 22
      vertex -86.3427 44.2221 22
    endloop
  endfacet
  facet normal 0 0 1
    outer loop
      vertex -86.0778 43.4607 22
      vertex -86.6349 43.828 22
      vertex -86.3301 43.2736 22
    endloop
  endfacet
  facet normal -0 0 1
    outer loop
      vertex -86.9645 43.4645 22
      vertex -86.3301 43.2736 22
      vertex -86.6349 43.828 22
    endloop
  endfacet
  facet normal 0 0 1
    outer loop
      vertex -86.3301 43.2736 22
      vertex -86.9645 43.4645 22
      vertex -86.5627 43.0627 22
    endloop
  endfacet
  facet normal 0 0 1
    outer loop
      vertex -86.5627 43.0627 22
      vertex -86.9645 43.4645 22
      vertex -86.7736 42.8301 22
    endloop
  endfacet
  facet normal -0 0 1
    outer loop
      vertex -87.328 43.1349 22
      vertex -86.7736 42.8301 22
      vertex -86.9645 43.4645 22
    endloop
  endfacet
  facet normal 0 0 1
    outer loop
      vertex -86.7736 42.8301 22
      vertex -87.328 43.1349 22
      vertex -86.9607 42.5778 22
    endloop
  endfacet
  facet normal -0 0 1
    outer loop
      vertex -87.7221 42.8427 22
      vertex -86.9607 42.5778 22
      vertex -87.328 43.1349 22
    endloop
  endfacet
  facet normal 0 0 1
    outer loop
      vertex -86.9607 42.5778 22
      vertex -87.7221 42.8427 22
      vertex -87.1221 42.3085 22
    endloop
  endfacet
  facet normal 0 0 1
    outer loop
      vertex -87.1221 42.3085 22
      vertex -87.7221 42.8427 22
      vertex -87.2564 42.0246 22
    endloop
  endfacet
  facet normal -0 0 1
    outer loop
      vertex -88.143 42.5904 22
      vertex -87.2564 42.0246 22
      vertex -87.7221 42.8427 22
    endloop
  endfacet
  facet normal 0 0 1
    outer loop
      vertex -87.2564 42.0246 22
      vertex -88.143 42.5904 22
      vertex -87.3622 41.7289 22
    endloop
  endfacet
  facet normal 0 0 1
    outer loop
      vertex -87.4385 41.4243 22
      vertex -88.5866 42.3806 22
      vertex -87.4846 41.1137 22
    endloop
  endfacet
  facet normal 0 0 1
    outer loop
      vertex -87.3622 41.7289 22
      vertex -88.5866 42.3806 22
      vertex -87.4385 41.4243 22
    endloop
  endfacet
  facet normal -0 0 1
    outer loop
      vertex -88.5866 42.3806 22
      vertex -87.3622 41.7289 22
      vertex -88.143 42.5904 22
    endloop
  endfacet
  facet normal 0 0 1
    outer loop
      vertex 95.2847 45.5486 22
      vertex 99.5 53 22
      vertex 95.4039 46.0245 22
    endloop
  endfacet
  facet normal 0 0 1
    outer loop
      vertex 99.5 -53 22
      vertex 95.4759 -46.5099 22
      vertex 95.5 -47 22
    endloop
  endfacet
  facet normal 0 0 1
    outer loop
      vertex 95.1194 45.0866 22
      vertex 99.5 53 22
      vertex 95.2847 45.5486 22
    endloop
  endfacet
  facet normal 0 0 1
    outer loop
      vertex 99.5 -53 22
      vertex 95.4039 -46.0245 22
      vertex 95.4759 -46.5099 22
    endloop
  endfacet
  facet normal 0 0 1
    outer loop
      vertex 94.9096 44.643 22
      vertex 99.5 53 22
      vertex 95.1194 45.0866 22
    endloop
  endfacet
  facet normal 0 0 1
    outer loop
      vertex 99.5 -53 22
      vertex 95.2847 -45.5486 22
      vertex 95.4039 -46.0245 22
    endloop
  endfacet
  facet normal 0 0 1
    outer loop
      vertex 99.5 53 22
      vertex 94.9096 44.643 22
      vertex 99.5 -53 22
    endloop
  endfacet
  facet normal 0 0 1
    outer loop
      vertex 99.5 -53 22
      vertex 95.1194 -45.0866 22
      vertex 95.2847 -45.5486 22
    endloop
  endfacet
  facet normal -0 0 1
    outer loop
      vertex 94.9096 -44.643 22
      vertex 99.5 -53 22
      vertex 94.9096 44.643 22
    endloop
  endfacet
  facet normal 0 0 1
    outer loop
      vertex 99.5 -53 22
      vertex 94.9096 -44.643 22
      vertex 95.1194 -45.0866 22
    endloop
  endfacet
  facet normal -0 0 1
    outer loop
      vertex 94.6573 44.2221 22
      vertex 94.9096 -44.643 22
      vertex 94.9096 44.643 22
    endloop
  endfacet
  facet normal 0 0 1
    outer loop
      vertex 94.6573 44.2221 22
      vertex 94.6573 -44.2221 22
      vertex 94.9096 -44.643 22
    endloop
  endfacet
  facet normal -0 0 1
    outer loop
      vertex 94.3651 43.828 22
      vertex 94.6573 -44.2221 22
      vertex 94.6573 44.2221 22
    endloop
  endfacet
  facet normal 0 0 1
    outer loop
      vertex 94.3651 43.828 22
      vertex 94.3651 -43.828 22
      vertex 94.6573 -44.2221 22
    endloop
  endfacet
  facet normal -0 0 1
    outer loop
      vertex 94.0355 43.4645 22
      vertex 94.3651 -43.828 22
      vertex 94.3651 43.828 22
    endloop
  endfacet
  facet normal 0 0 1
    outer loop
      vertex 94.0355 43.4645 22
      vertex 94.0355 -43.4645 22
      vertex 94.3651 -43.828 22
    endloop
  endfacet
  facet normal -0 0 1
    outer loop
      vertex 93.672 43.1349 22
      vertex 94.0355 -43.4645 22
      vertex 94.0355 43.4645 22
    endloop
  endfacet
  facet normal 0 0 1
    outer loop
      vertex 93.672 43.1349 22
      vertex 93.672 -43.1349 22
      vertex 94.0355 -43.4645 22
    endloop
  endfacet
  facet normal -0 0 1
    outer loop
      vertex 93.2778 42.8427 22
      vertex 93.672 -43.1349 22
      vertex 93.672 43.1349 22
    endloop
  endfacet
  facet normal 0 0 1
    outer loop
      vertex 93.2778 42.8427 22
      vertex 93.2778 -42.8427 22
      vertex 93.672 -43.1349 22
    endloop
  endfacet
  facet normal -0 0 1
    outer loop
      vertex 92.857 42.5904 22
      vertex 93.2778 -42.8427 22
      vertex 93.2778 42.8427 22
    endloop
  endfacet
  facet normal 0 0 1
    outer loop
      vertex 92.857 42.5904 22
      vertex 92.857 -42.5904 22
      vertex 93.2778 -42.8427 22
    endloop
  endfacet
  facet normal -0 0 1
    outer loop
      vertex 92.4134 42.3806 22
      vertex 92.857 -42.5904 22
      vertex 92.857 42.5904 22
    endloop
  endfacet
  facet normal 0 0 1
    outer loop
      vertex 92.4134 42.3806 22
      vertex 92.4134 -42.3806 22
      vertex 92.857 -42.5904 22
    endloop
  endfacet
  facet normal -0 0 1
    outer loop
      vertex 91.9514 42.2153 22
      vertex 92.4134 -42.3806 22
      vertex 92.4134 42.3806 22
    endloop
  endfacet
  facet normal 0 0 1
    outer loop
      vertex 91.9514 42.2153 22
      vertex 91.9514 -42.2153 22
      vertex 92.4134 -42.3806 22
    endloop
  endfacet
  facet normal 0 0 1
    outer loop
      vertex 87.5 40.8 22
      vertex 91.9514 42.2153 22
      vertex 91.4754 42.0961 22
    endloop
  endfacet
  facet normal 0 0 1
    outer loop
      vertex 91.9514 42.2153 22
      vertex 87.5 40.8 22
      vertex 91.9514 -42.2153 22
    endloop
  endfacet
  facet normal 0 0 1
    outer loop
      vertex 87.5 40.8 22
      vertex 91.4754 42.0961 22
      vertex 90.9901 42.0241 22
    endloop
  endfacet
  facet normal -0 0 1
    outer loop
      vertex 87.5 -40.8 22
      vertex 91.9514 -42.2153 22
      vertex 87.5 40.8 22
    endloop
  endfacet
  facet normal 0 0 1
    outer loop
      vertex 87.5 40.8 22
      vertex 90.9901 42.0241 22
      vertex 90.5 42 22
    endloop
  endfacet
  facet normal 0 0 1
    outer loop
      vertex 91.9514 -42.2153 22
      vertex 87.5 -40.8 22
      vertex 91.4754 -42.0961 22
    endloop
  endfacet
  facet normal 0 0 1
    outer loop
      vertex 87.5 40.8 22
      vertex 90.5 42 22
      vertex 90.0099 42.0241 22
    endloop
  endfacet
  facet normal 0 0 1
    outer loop
      vertex 91.4754 -42.0961 22
      vertex 87.5 -40.8 22
      vertex 90.9901 -42.0241 22
    endloop
  endfacet
  facet normal 0 0 1
    outer loop
      vertex 87.5 40.8 22
      vertex 90.0099 42.0241 22
      vertex 89.5246 42.0961 22
    endloop
  endfacet
  facet normal 0 0 1
    outer loop
      vertex 90.9901 -42.0241 22
      vertex 87.5 -40.8 22
      vertex 90.5 -42 22
    endloop
  endfacet
  facet normal 0 0 1
    outer loop
      vertex 87.5 40.8 22
      vertex 89.5246 42.0961 22
      vertex 89.0486 42.2153 22
    endloop
  endfacet
  facet normal 0 0 1
    outer loop
      vertex 90.5 -42 22
      vertex 87.5 -40.8 22
      vertex 90.0099 -42.0241 22
    endloop
  endfacet
  facet normal 0 0 1
    outer loop
      vertex 87.4846 41.1137 22
      vertex 89.0486 42.2153 22
      vertex 88.5866 42.3806 22
    endloop
  endfacet
  facet normal 0 0 1
    outer loop
      vertex 90.0099 -42.0241 22
      vertex 87.5 -40.8 22
      vertex 89.5246 -42.0961 22
    endloop
  endfacet
  facet normal 0 0 1
    outer loop
      vertex 87.3622 41.7289 22
      vertex 88.5866 42.3806 22
      vertex 88.143 42.5904 22
    endloop
  endfacet
  facet normal 0 0 1
    outer loop
      vertex 89.5246 -42.0961 22
      vertex 87.5 -40.8 22
      vertex 89.0486 -42.2153 22
    endloop
  endfacet
  facet normal 0 0 1
    outer loop
      vertex 87.2564 42.0246 22
      vertex 88.143 42.5904 22
      vertex 87.7221 42.8427 22
    endloop
  endfacet
  facet normal -0 0 1
    outer loop
      vertex 87.4846 -41.1137 22
      vertex 89.0486 -42.2153 22
      vertex 87.5 -40.8 22
    endloop
  endfacet
  facet normal 0 0 1
    outer loop
      vertex 89.0486 -42.2153 22
      vertex 87.4846 -41.1137 22
      vertex 88.5866 -42.3806 22
    endloop
  endfacet
  facet normal 0 0 1
    outer loop
      vertex 89.0486 42.2153 22
      vertex 87.4846 41.1137 22
      vertex 87.5 40.8 22
    endloop
  endfacet
  facet normal 0 0 1
    outer loop
      vertex 88.5866 42.3806 22
      vertex 87.4385 41.4243 22
      vertex 87.4846 41.1137 22
    endloop
  endfacet
  facet normal 0 0 1
    outer loop
      vertex 88.5866 42.3806 22
      vertex 87.3622 41.7289 22
      vertex 87.4385 41.4243 22
    endloop
  endfacet
  facet normal 0 0 1
    outer loop
      vertex 86.9607 42.5778 22
      vertex 87.7221 42.8427 22
      vertex 87.328 43.1349 22
    endloop
  endfacet
  facet normal 0 0 1
    outer loop
      vertex 88.143 42.5904 22
      vertex 87.2564 42.0246 22
      vertex 87.3622 41.7289 22
    endloop
  endfacet
  facet normal 0 0 1
    outer loop
      vertex 87.7221 42.8427 22
      vertex 87.1221 42.3085 22
      vertex 87.2564 42.0246 22
    endloop
  endfacet
  facet normal 0 0 1
    outer loop
      vertex 86.7736 42.8301 22
      vertex 87.328 43.1349 22
      vertex 86.9645 43.4645 22
    endloop
  endfacet
  facet normal 0 0 1
    outer loop
      vertex 87.7221 42.8427 22
      vertex 86.9607 42.5778 22
      vertex 87.1221 42.3085 22
    endloop
  endfacet
  facet normal 0 0 1
    outer loop
      vertex 87.328 43.1349 22
      vertex 86.7736 42.8301 22
      vertex 86.9607 42.5778 22
    endloop
  endfacet
  facet normal 0 0 1
    outer loop
      vertex 86.3301 43.2736 22
      vertex 86.9645 43.4645 22
      vertex 86.6349 43.828 22
    endloop
  endfacet
  facet normal 0 0 1
    outer loop
      vertex 86.9645 43.4645 22
      vertex 86.5627 43.0627 22
      vertex 86.7736 42.8301 22
    endloop
  endfacet
  facet normal 0 0 1
    outer loop
      vertex 86.0778 43.4607 22
      vertex 86.6349 43.828 22
      vertex 86.3427 44.2221 22
    endloop
  endfacet
  facet normal 0 0 1
    outer loop
      vertex 86.9645 43.4645 22
      vertex 86.3301 43.2736 22
      vertex 86.5627 43.0627 22
    endloop
  endfacet
  facet normal 0 0 1
    outer loop
      vertex 85.5246 43.7564 22
      vertex 86.3427 44.2221 22
      vertex 86.0904 44.643 22
    endloop
  endfacet
  facet normal 0 0 1
    outer loop
      vertex 86.6349 43.828 22
      vertex 86.0778 43.4607 22
      vertex 86.3301 43.2736 22
    endloop
  endfacet
  facet normal 0 0 1
    outer loop
      vertex 85.2289 43.8622 22
      vertex 86.0904 44.643 22
      vertex 85.8806 45.0866 22
    endloop
  endfacet
  facet normal 0 0 1
    outer loop
      vertex 86.3427 44.2221 22
      vertex 85.8085 43.6221 22
      vertex 86.0778 43.4607 22
    endloop
  endfacet
  facet normal 0 0 1
    outer loop
      vertex 84.6137 43.9846 22
      vertex 85.8806 45.0866 22
      vertex 85.7153 45.5486 22
    endloop
  endfacet
  facet normal 0 0 1
    outer loop
      vertex 84.3 44 22
      vertex 85.7153 45.5486 22
      vertex 85.5961 46.0245 22
    endloop
  endfacet
  facet normal 0 0 1
    outer loop
      vertex 86.3427 44.2221 22
      vertex 85.5246 43.7564 22
      vertex 85.8085 43.6221 22
    endloop
  endfacet
  facet normal 0 0 1
    outer loop
      vertex 84.3 44 22
      vertex 85.5961 46.0245 22
      vertex 85.5241 46.5099 22
    endloop
  endfacet
  facet normal 0 0 1
    outer loop
      vertex 84.3 44 22
      vertex 85.5241 46.5099 22
      vertex 85.5 47 22
    endloop
  endfacet
  facet normal 0 0 1
    outer loop
      vertex 86.0904 44.643 22
      vertex 85.2289 43.8622 22
      vertex 85.5246 43.7564 22
    endloop
  endfacet
  facet normal 0 0 1
    outer loop
      vertex 94.0355 50.5355 22
      vertex 99.5 53 22
      vertex 99.4855 53.2941 22
    endloop
  endfacet
  facet normal 0 0 1
    outer loop
      vertex 95.4759 46.5099 22
      vertex 99.5 53 22
      vertex 95.5 47 22
    endloop
  endfacet
  facet normal 0 0 1
    outer loop
      vertex 94.0355 50.5355 22
      vertex 99.4855 53.2941 22
      vertex 99.4424 53.5853 22
    endloop
  endfacet
  facet normal 0 0 1
    outer loop
      vertex 95.4039 46.0245 22
      vertex 99.5 53 22
      vertex 95.4759 46.5099 22
    endloop
  endfacet
  facet normal 0 0 1
    outer loop
      vertex 94.0355 50.5355 22
      vertex 99.4424 53.5853 22
      vertex 99.3708 53.8709 22
    endloop
  endfacet
  facet normal -0 0 1
    outer loop
      vertex 95.4759 -47.4901 22
      vertex 99.5 -53 22
      vertex 95.5 -47 22
    endloop
  endfacet
  facet normal 0 0 1
    outer loop
      vertex 94.0355 50.5355 22
      vertex 99.3708 53.8709 22
      vertex 99.2716 54.148 22
    endloop
  endfacet
  facet normal -0 0 1
    outer loop
      vertex 95.4039 -47.9755 22
      vertex 99.5 -53 22
      vertex 95.4759 -47.4901 22
    endloop
  endfacet
  facet normal 0 0 1
    outer loop
      vertex 94.0355 50.5355 22
      vertex 99.2716 54.148 22
      vertex 99.1458 54.4142 22
    endloop
  endfacet
  facet normal -0 0 1
    outer loop
      vertex 95.2847 -48.4514 22
      vertex 99.5 -53 22
      vertex 95.4039 -47.9755 22
    endloop
  endfacet
  facet normal 0 0 1
    outer loop
      vertex 94.0355 50.5355 22
      vertex 99.1458 54.4142 22
      vertex 98.9944 54.6667 22
    endloop
  endfacet
  facet normal -0 0 1
    outer loop
      vertex 95.1194 -48.9134 22
      vertex 99.5 -53 22
      vertex 95.2847 -48.4514 22
    endloop
  endfacet
  facet normal 0 0 1
    outer loop
      vertex 94.0355 50.5355 22
      vertex 98.9944 54.6667 22
      vertex 98.819 54.9032 22
    endloop
  endfacet
  facet normal -0 0 1
    outer loop
      vertex 94.9096 -49.357 22
      vertex 99.5 -53 22
      vertex 95.1194 -48.9134 22
    endloop
  endfacet
  facet normal 0 0 1
    outer loop
      vertex 94.0355 50.5355 22
      vertex 98.819 54.9032 22
      vertex 98.6213 55.1213 22
    endloop
  endfacet
  facet normal -0 0 1
    outer loop
      vertex 94.6573 -49.7779 22
      vertex 99.5 -53 22
      vertex 94.9096 -49.357 22
    endloop
  endfacet
  facet normal 0 0 1
    outer loop
      vertex 94.0355 50.5355 22
      vertex 98.6213 55.1213 22
      vertex 98.4032 55.319 22
    endloop
  endfacet
  facet normal -0 0 1
    outer loop
      vertex 94.3651 -50.172 22
      vertex 99.5 -53 22
      vertex 94.6573 -49.7779 22
    endloop
  endfacet
  facet normal 0 0 1
    outer loop
      vertex 94.0355 50.5355 22
      vertex 98.4032 55.319 22
      vertex 98.1667 55.4944 22
    endloop
  endfacet
  facet normal -0 0 1
    outer loop
      vertex 94.0355 -50.5355 22
      vertex 99.5 -53 22
      vertex 94.3651 -50.172 22
    endloop
  endfacet
  facet normal 0 0 1
    outer loop
      vertex 94.0355 50.5355 22
      vertex 98.1667 55.4944 22
      vertex 97.9142 55.6458 22
    endloop
  endfacet
  facet normal 0 0 1
    outer loop
      vertex 99.5 -53 22
      vertex 94.0355 -50.5355 22
      vertex 99.4855 -53.2941 22
    endloop
  endfacet
  facet normal 0 0 1
    outer loop
      vertex 94.0355 50.5355 22
      vertex 97.9142 55.6458 22
      vertex 97.648 55.7716 22
    endloop
  endfacet
  facet normal 0 0 1
    outer loop
      vertex 99.4855 -53.2941 22
      vertex 94.0355 -50.5355 22
      vertex 99.4424 -53.5853 22
    endloop
  endfacet
  facet normal 0 0 1
    outer loop
      vertex 94.0355 50.5355 22
      vertex 97.648 55.7716 22
      vertex 97.3708 55.8708 22
    endloop
  endfacet
  facet normal 0 0 1
    outer loop
      vertex 99.4424 -53.5853 22
      vertex 94.0355 -50.5355 22
      vertex 99.3708 -53.8709 22
    endloop
  endfacet
  facet normal 0 0 1
    outer loop
      vertex 94.0355 50.5355 22
      vertex 97.3708 55.8708 22
      vertex 97.0853 55.9424 22
    endloop
  endfacet
  facet normal 0 0 1
    outer loop
      vertex 99.3708 -53.8709 22
      vertex 94.0355 -50.5355 22
      vertex 99.2716 -54.148 22
    endloop
  endfacet
  facet normal 0 0 1
    outer loop
      vertex 94.0355 50.5355 22
      vertex 97.0853 55.9424 22
      vertex 96.7941 55.9856 22
    endloop
  endfacet
  facet normal 0 0 1
    outer loop
      vertex 99.2716 -54.148 22
      vertex 94.0355 -50.5355 22
      vertex 99.1458 -54.4142 22
    endloop
  endfacet
  facet normal 0 0 1
    outer loop
      vertex 94.0355 50.5355 22
      vertex 96.7941 55.9856 22
      vertex 96.5 56 22
    endloop
  endfacet
  facet normal 0 0 1
    outer loop
      vertex 99.1458 -54.4142 22
      vertex 94.0355 -50.5355 22
      vertex 98.9944 -54.6667 22
    endloop
  endfacet
  facet normal 0 0 1
    outer loop
      vertex 98.9944 -54.6667 22
      vertex 94.0355 -50.5355 22
      vertex 98.819 -54.9032 22
    endloop
  endfacet
  facet normal 0 0 1
    outer loop
      vertex 99.5 53 22
      vertex 95.4759 47.4901 22
      vertex 95.5 47 22
    endloop
  endfacet
  facet normal 0 0 1
    outer loop
      vertex 99.5 53 22
      vertex 95.4039 47.9755 22
      vertex 95.4759 47.4901 22
    endloop
  endfacet
  facet normal 0 0 1
    outer loop
      vertex 99.5 53 22
      vertex 95.2847 48.4514 22
      vertex 95.4039 47.9755 22
    endloop
  endfacet
  facet normal 0 0 1
    outer loop
      vertex 99.5 53 22
      vertex 95.1194 48.9134 22
      vertex 95.2847 48.4514 22
    endloop
  endfacet
  facet normal 0 0 1
    outer loop
      vertex 99.5 53 22
      vertex 94.9096 49.357 22
      vertex 95.1194 48.9134 22
    endloop
  endfacet
  facet normal 0 0 1
    outer loop
      vertex 99.5 53 22
      vertex 94.6573 49.7779 22
      vertex 94.9096 49.357 22
    endloop
  endfacet
  facet normal 0 0 1
    outer loop
      vertex 99.5 53 22
      vertex 94.3651 50.172 22
      vertex 94.6573 49.7779 22
    endloop
  endfacet
  facet normal 0 0 1
    outer loop
      vertex 99.5 53 22
      vertex 94.0355 50.5355 22
      vertex 94.3651 50.172 22
    endloop
  endfacet
  facet normal 0 0 1
    outer loop
      vertex 96.5 56 22
      vertex 93.672 50.8651 22
      vertex 94.0355 50.5355 22
    endloop
  endfacet
  facet normal 0 0 1
    outer loop
      vertex 96.5 56 22
      vertex 93.2778 51.1573 22
      vertex 93.672 50.8651 22
    endloop
  endfacet
  facet normal 0 0 1
    outer loop
      vertex 96.5 56 22
      vertex 92.857 51.4096 22
      vertex 93.2778 51.1573 22
    endloop
  endfacet
  facet normal 0 0 1
    outer loop
      vertex 96.5 56 22
      vertex 92.4134 51.6194 22
      vertex 92.857 51.4096 22
    endloop
  endfacet
  facet normal 0 0 1
    outer loop
      vertex 96.5 56 22
      vertex 91.9514 51.7847 22
      vertex 92.4134 51.6194 22
    endloop
  endfacet
  facet normal 0 0 1
    outer loop
      vertex 96.5 56 22
      vertex 91.4754 51.9039 22
      vertex 91.9514 51.7847 22
    endloop
  endfacet
  facet normal 0 0 1
    outer loop
      vertex 96.5 56 22
      vertex 90.9901 51.9759 22
      vertex 91.4754 51.9039 22
    endloop
  endfacet
  facet normal 0 0 1
    outer loop
      vertex 96.5 56 22
      vertex 90.5 52 22
      vertex 90.9901 51.9759 22
    endloop
  endfacet
  facet normal 0 0 1
    outer loop
      vertex 96.5 56 22
      vertex 90.0099 51.9759 22
      vertex 90.5 52 22
    endloop
  endfacet
  facet normal 0 0 1
    outer loop
      vertex 96.5 56 22
      vertex 89.5246 51.9039 22
      vertex 90.0099 51.9759 22
    endloop
  endfacet
  facet normal 0 0 1
    outer loop
      vertex 96.5 56 22
      vertex 89.0486 51.7847 22
      vertex 89.5246 51.9039 22
    endloop
  endfacet
  facet normal 0 0 1
    outer loop
      vertex 96.5 56 22
      vertex 88.5866 51.6194 22
      vertex 89.0486 51.7847 22
    endloop
  endfacet
  facet normal 0 0 1
    outer loop
      vertex 96.5 56 22
      vertex 88.143 51.4096 22
      vertex 88.5866 51.6194 22
    endloop
  endfacet
  facet normal 0 0 1
    outer loop
      vertex 84.3 44 22
      vertex 85.5 47 22
      vertex 85.5241 47.4901 22
    endloop
  endfacet
  facet normal 0 0 1
    outer loop
      vertex 85.8806 45.0866 22
      vertex 84.9243 43.9385 22
      vertex 85.2289 43.8622 22
    endloop
  endfacet
  facet normal 0 0 1
    outer loop
      vertex 84.3 44 22
      vertex 85.5241 47.4901 22
      vertex 85.5961 47.9755 22
    endloop
  endfacet
  facet normal 0 0 1
    outer loop
      vertex 85.8806 45.0866 22
      vertex 84.6137 43.9846 22
      vertex 84.9243 43.9385 22
    endloop
  endfacet
  facet normal 0 0 1
    outer loop
      vertex 85.7153 45.5486 22
      vertex 84.3 44 22
      vertex 84.6137 43.9846 22
    endloop
  endfacet
  facet normal 0 0 1
    outer loop
      vertex 85.7153 48.4514 22
      vertex 84.3 44 22
      vertex 85.5961 47.9755 22
    endloop
  endfacet
  facet normal 0 0 1
    outer loop
      vertex 85.7153 48.4514 22
      vertex -84.3 44 22
      vertex 84.3 44 22
    endloop
  endfacet
  facet normal 0 0 1
    outer loop
      vertex -85.7153 48.4514 22
      vertex 85.7153 48.4514 22
      vertex 85.8806 48.9134 22
    endloop
  endfacet
  facet normal 0 0 1
    outer loop
      vertex -85.8806 48.9134 22
      vertex 85.8806 48.9134 22
      vertex 86.0904 49.357 22
    endloop
  endfacet
  facet normal 0 0 1
    outer loop
      vertex -86.0904 49.357 22
      vertex 86.0904 49.357 22
      vertex 86.3427 49.7779 22
    endloop
  endfacet
  facet normal 0 0 1
    outer loop
      vertex -86.3427 49.7779 22
      vertex 86.3427 49.7779 22
      vertex 86.6349 50.172 22
    endloop
  endfacet
  facet normal 0 0 1
    outer loop
      vertex -86.6349 50.172 22
      vertex 86.6349 50.172 22
      vertex 86.9645 50.5355 22
    endloop
  endfacet
  facet normal 0 0 1
    outer loop
      vertex -86.9645 50.5355 22
      vertex 86.9645 50.5355 22
      vertex 87.328 50.8651 22
    endloop
  endfacet
  facet normal 0 0 1
    outer loop
      vertex -87.328 50.8651 22
      vertex 87.328 50.8651 22
      vertex 87.7221 51.1573 22
    endloop
  endfacet
  facet normal 0 0 1
    outer loop
      vertex -87.7221 51.1573 22
      vertex 87.7221 51.1573 22
      vertex 88.143 51.4096 22
    endloop
  endfacet
  facet normal 0 0 1
    outer loop
      vertex -88.143 51.4096 22
      vertex 88.143 51.4096 22
      vertex 96.5 56 22
    endloop
  endfacet
  facet normal 0 0 1
    outer loop
      vertex 85.7153 48.4514 22
      vertex -85.7153 48.4514 22
      vertex -84.3 44 22
    endloop
  endfacet
  facet normal -0 0 1
    outer loop
      vertex -85.7153 45.5486 22
      vertex -84.3 44 22
      vertex -85.5961 46.0245 22
    endloop
  endfacet
  facet normal -0 0 1
    outer loop
      vertex -85.5961 46.0245 22
      vertex -84.3 44 22
      vertex -85.5241 46.5099 22
    endloop
  endfacet
  facet normal -0 -0 1
    outer loop
      vertex -85.5241 47.4901 22
      vertex -84.3 44 22
      vertex -85.5961 47.9755 22
    endloop
  endfacet
  facet normal -0 0 1
    outer loop
      vertex -85.5241 46.5099 22
      vertex -84.3 44 22
      vertex -85.5 47 22
    endloop
  endfacet
  facet normal -0 -0 1
    outer loop
      vertex -85.5 47 22
      vertex -84.3 44 22
      vertex -85.5241 47.4901 22
    endloop
  endfacet
  facet normal 0 0 1
    outer loop
      vertex -84.3 44 22
      vertex -85.7153 48.4514 22
      vertex -85.5961 47.9755 22
    endloop
  endfacet
  facet normal 0 0 1
    outer loop
      vertex 85.8806 48.9134 22
      vertex -85.8806 48.9134 22
      vertex -85.7153 48.4514 22
    endloop
  endfacet
  facet normal 0 0 1
    outer loop
      vertex 86.0904 49.357 22
      vertex -86.0904 49.357 22
      vertex -85.8806 48.9134 22
    endloop
  endfacet
  facet normal 0 0 1
    outer loop
      vertex 86.3427 49.7779 22
      vertex -86.3427 49.7779 22
      vertex -86.0904 49.357 22
    endloop
  endfacet
  facet normal 0 0 1
    outer loop
      vertex 86.6349 50.172 22
      vertex -86.6349 50.172 22
      vertex -86.3427 49.7779 22
    endloop
  endfacet
  facet normal 0 0 1
    outer loop
      vertex 86.9645 50.5355 22
      vertex -86.9645 50.5355 22
      vertex -86.6349 50.172 22
    endloop
  endfacet
  facet normal 0 0 1
    outer loop
      vertex 87.328 50.8651 22
      vertex -87.328 50.8651 22
      vertex -86.9645 50.5355 22
    endloop
  endfacet
  facet normal 0 0 1
    outer loop
      vertex 87.7221 51.1573 22
      vertex -87.7221 51.1573 22
      vertex -87.328 50.8651 22
    endloop
  endfacet
  facet normal 0 0 1
    outer loop
      vertex 88.143 51.4096 22
      vertex -88.143 51.4096 22
      vertex -87.7221 51.1573 22
    endloop
  endfacet
  facet normal -0 0 1
    outer loop
      vertex -96.5 56 22
      vertex -88.143 51.4096 22
      vertex 96.5 56 22
    endloop
  endfacet
  facet normal 0 0 1
    outer loop
      vertex -88.143 51.4096 22
      vertex -96.5 56 22
      vertex -88.5866 51.6194 22
    endloop
  endfacet
  facet normal 0 0 1
    outer loop
      vertex -88.5866 51.6194 22
      vertex -96.5 56 22
      vertex -89.0486 51.7847 22
    endloop
  endfacet
  facet normal 0 0 1
    outer loop
      vertex -89.0486 51.7847 22
      vertex -96.5 56 22
      vertex -89.5246 51.9039 22
    endloop
  endfacet
  facet normal 0 0 1
    outer loop
      vertex -89.5246 51.9039 22
      vertex -96.5 56 22
      vertex -90.0099 51.9759 22
    endloop
  endfacet
  facet normal 0 0 1
    outer loop
      vertex -95.4759 47.4901 22
      vertex -99.5 53 22
      vertex -95.5 47 22
    endloop
  endfacet
  facet normal 0 0 1
    outer loop
      vertex -95.4039 47.9755 22
      vertex -99.5 53 22
      vertex -95.4759 47.4901 22
    endloop
  endfacet
  facet normal 0 0 1
    outer loop
      vertex -95.2847 48.4514 22
      vertex -99.5 53 22
      vertex -95.4039 47.9755 22
    endloop
  endfacet
  facet normal 0 0 1
    outer loop
      vertex -95.1194 48.9134 22
      vertex -99.5 53 22
      vertex -95.2847 48.4514 22
    endloop
  endfacet
  facet normal 0 0 1
    outer loop
      vertex -94.9096 49.357 22
      vertex -99.5 53 22
      vertex -95.1194 48.9134 22
    endloop
  endfacet
  facet normal 0 0 1
    outer loop
      vertex -94.6573 49.7779 22
      vertex -99.5 53 22
      vertex -94.9096 49.357 22
    endloop
  endfacet
  facet normal 0 0 1
    outer loop
      vertex -94.3651 50.172 22
      vertex -99.5 53 22
      vertex -94.6573 49.7779 22
    endloop
  endfacet
  facet normal 0 0 1
    outer loop
      vertex -94.0355 50.5355 22
      vertex -99.5 53 22
      vertex -94.3651 50.172 22
    endloop
  endfacet
  facet normal -0 0 1
    outer loop
      vertex -99.5 53 22
      vertex -94.0355 50.5355 22
      vertex -96.5 56 22
    endloop
  endfacet
  facet normal 0 0 1
    outer loop
      vertex -93.672 50.8651 22
      vertex -96.5 56 22
      vertex -94.0355 50.5355 22
    endloop
  endfacet
  facet normal 0 0 1
    outer loop
      vertex -93.2778 51.1573 22
      vertex -96.5 56 22
      vertex -93.672 50.8651 22
    endloop
  endfacet
  facet normal 0 0 1
    outer loop
      vertex -92.857 51.4096 22
      vertex -96.5 56 22
      vertex -93.2778 51.1573 22
    endloop
  endfacet
  facet normal 0 0 1
    outer loop
      vertex -92.4134 51.6194 22
      vertex -96.5 56 22
      vertex -92.857 51.4096 22
    endloop
  endfacet
  facet normal 0 0 1
    outer loop
      vertex -91.9514 51.7847 22
      vertex -96.5 56 22
      vertex -92.4134 51.6194 22
    endloop
  endfacet
  facet normal 0 0 1
    outer loop
      vertex -91.4754 51.9039 22
      vertex -96.5 56 22
      vertex -91.9514 51.7847 22
    endloop
  endfacet
  facet normal 0 0 1
    outer loop
      vertex -90.9901 51.9759 22
      vertex -96.5 56 22
      vertex -91.4754 51.9039 22
    endloop
  endfacet
  facet normal 0 0 1
    outer loop
      vertex -90.5 52 22
      vertex -96.5 56 22
      vertex -90.9901 51.9759 22
    endloop
  endfacet
  facet normal 0 0 1
    outer loop
      vertex -90.0099 51.9759 22
      vertex -96.5 56 22
      vertex -90.5 52 22
    endloop
  endfacet
  facet normal 0 0 1
    outer loop
      vertex 98.819 -54.9032 22
      vertex 94.0355 -50.5355 22
      vertex 98.6213 -55.1213 22
    endloop
  endfacet
  facet normal 0 0 1
    outer loop
      vertex 98.6213 -55.1213 22
      vertex 94.0355 -50.5355 22
      vertex 98.4032 -55.319 22
    endloop
  endfacet
  facet normal 0 0 1
    outer loop
      vertex 98.4032 -55.319 22
      vertex 94.0355 -50.5355 22
      vertex 98.1667 -55.4944 22
    endloop
  endfacet
  facet normal 0 0 1
    outer loop
      vertex 98.1667 -55.4944 22
      vertex 94.0355 -50.5355 22
      vertex 97.9142 -55.6458 22
    endloop
  endfacet
  facet normal 0 0 1
    outer loop
      vertex 97.9142 -55.6458 22
      vertex 94.0355 -50.5355 22
      vertex 97.648 -55.7716 22
    endloop
  endfacet
  facet normal 0 0 1
    outer loop
      vertex 97.648 -55.7716 22
      vertex 94.0355 -50.5355 22
      vertex 97.3708 -55.8708 22
    endloop
  endfacet
  facet normal 0 0 1
    outer loop
      vertex 97.3708 -55.8708 22
      vertex 94.0355 -50.5355 22
      vertex 97.0853 -55.9424 22
    endloop
  endfacet
  facet normal 0 0 1
    outer loop
      vertex 97.0853 -55.9424 22
      vertex 94.0355 -50.5355 22
      vertex 96.7941 -55.9856 22
    endloop
  endfacet
  facet normal 0 0 1
    outer loop
      vertex 96.7941 -55.9856 22
      vertex 94.0355 -50.5355 22
      vertex 96.5 -56 22
    endloop
  endfacet
  facet normal -0 0 1
    outer loop
      vertex 93.672 -50.8651 22
      vertex 96.5 -56 22
      vertex 94.0355 -50.5355 22
    endloop
  endfacet
  facet normal -0 0 1
    outer loop
      vertex 93.2778 -51.1573 22
      vertex 96.5 -56 22
      vertex 93.672 -50.8651 22
    endloop
  endfacet
  facet normal -0 0 1
    outer loop
      vertex 92.857 -51.4096 22
      vertex 96.5 -56 22
      vertex 93.2778 -51.1573 22
    endloop
  endfacet
  facet normal -0 0 1
    outer loop
      vertex 92.4134 -51.6194 22
      vertex 96.5 -56 22
      vertex 92.857 -51.4096 22
    endloop
  endfacet
  facet normal -0 0 1
    outer loop
      vertex 91.9514 -51.7847 22
      vertex 96.5 -56 22
      vertex 92.4134 -51.6194 22
    endloop
  endfacet
  facet normal -0 0 1
    outer loop
      vertex 91.4754 -51.9039 22
      vertex 96.5 -56 22
      vertex 91.9514 -51.7847 22
    endloop
  endfacet
  facet normal -0 0 1
    outer loop
      vertex 90.9901 -51.9759 22
      vertex 96.5 -56 22
      vertex 91.4754 -51.9039 22
    endloop
  endfacet
  facet normal -0 0 1
    outer loop
      vertex 90.5 -52 22
      vertex 96.5 -56 22
      vertex 90.9901 -51.9759 22
    endloop
  endfacet
  facet normal 0 0 1
    outer loop
      vertex 90.0099 -51.9759 22
      vertex 96.5 -56 22
      vertex 90.5 -52 22
    endloop
  endfacet
  facet normal 0 0 1
    outer loop
      vertex 89.5246 -51.9039 22
      vertex 96.5 -56 22
      vertex 90.0099 -51.9759 22
    endloop
  endfacet
  facet normal 0 0 1
    outer loop
      vertex 89.0486 -51.7847 22
      vertex 96.5 -56 22
      vertex 89.5246 -51.9039 22
    endloop
  endfacet
  facet normal 0 0 1
    outer loop
      vertex 88.5866 -51.6194 22
      vertex 96.5 -56 22
      vertex 89.0486 -51.7847 22
    endloop
  endfacet
  facet normal 0 0 1
    outer loop
      vertex 88.143 -51.4096 22
      vertex 96.5 -56 22
      vertex 88.5866 -51.6194 22
    endloop
  endfacet
  facet normal 0 0 1
    outer loop
      vertex 85.7153 -45.5486 22
      vertex 84.3 -44 22
      vertex 85.5961 -46.0245 22
    endloop
  endfacet
  facet normal 0 0 1
    outer loop
      vertex 85.5961 -46.0245 22
      vertex 84.3 -44 22
      vertex 85.5241 -46.5099 22
    endloop
  endfacet
  facet normal 0 0 1
    outer loop
      vertex 85.5241 -46.5099 22
      vertex 84.3 -44 22
      vertex 85.5 -47 22
    endloop
  endfacet
  facet normal 0 0 1
    outer loop
      vertex 85.5 -47 22
      vertex 84.3 -44 22
      vertex 85.5241 -47.4901 22
    endloop
  endfacet
  facet normal 0 0 1
    outer loop
      vertex 85.5241 -47.4901 22
      vertex 84.3 -44 22
      vertex 85.5961 -47.9755 22
    endloop
  endfacet
  facet normal 0 0 1
    outer loop
      vertex 84.3 -44 22
      vertex 85.7153 -48.4514 22
      vertex 85.5961 -47.9755 22
    endloop
  endfacet
  facet normal -0 0 1
    outer loop
      vertex -84.3 -44 22
      vertex 85.7153 -48.4514 22
      vertex 84.3 -44 22
    endloop
  endfacet
  facet normal 0 0 1
    outer loop
      vertex -85.7153 -48.4514 22
      vertex 85.7153 -48.4514 22
      vertex -84.3 -44 22
    endloop
  endfacet
  facet normal 0 0 1
    outer loop
      vertex 85.7153 -48.4514 22
      vertex -85.7153 -48.4514 22
      vertex 85.8806 -48.9134 22
    endloop
  endfacet
  facet normal 0 0 1
    outer loop
      vertex -85.8806 -48.9134 22
      vertex 85.8806 -48.9134 22
      vertex -85.7153 -48.4514 22
    endloop
  endfacet
  facet normal 0 0 1
    outer loop
      vertex 85.8806 -48.9134 22
      vertex -85.8806 -48.9134 22
      vertex 86.0904 -49.357 22
    endloop
  endfacet
  facet normal 0 0 1
    outer loop
      vertex -86.0904 -49.357 22
      vertex 86.0904 -49.357 22
      vertex -85.8806 -48.9134 22
    endloop
  endfacet
  facet normal 0 0 1
    outer loop
      vertex 86.0904 -49.357 22
      vertex -86.0904 -49.357 22
      vertex 86.3427 -49.7779 22
    endloop
  endfacet
  facet normal 0 0 1
    outer loop
      vertex -86.3427 -49.7779 22
      vertex 86.3427 -49.7779 22
      vertex -86.0904 -49.357 22
    endloop
  endfacet
  facet normal 0 0 1
    outer loop
      vertex 86.3427 -49.7779 22
      vertex -86.3427 -49.7779 22
      vertex 86.6349 -50.172 22
    endloop
  endfacet
  facet normal 0 0 1
    outer loop
      vertex -86.6349 -50.172 22
      vertex 86.6349 -50.172 22
      vertex -86.3427 -49.7779 22
    endloop
  endfacet
  facet normal 0 0 1
    outer loop
      vertex -85.5241 -46.5099 22
      vertex -84.3 -44 22
      vertex -84.6137 -43.9846 22
    endloop
  endfacet
  facet normal 0 0 1
    outer loop
      vertex -85.8806 -45.0866 22
      vertex -84.9243 -43.9385 22
      vertex -85.2289 -43.8622 22
    endloop
  endfacet
  facet normal 0 0 1
    outer loop
      vertex -85.5241 -46.5099 22
      vertex -84.6137 -43.9846 22
      vertex -84.9243 -43.9385 22
    endloop
  endfacet
  facet normal 0 0 1
    outer loop
      vertex -84.3 -44 22
      vertex -85.5 -47 22
      vertex -85.5241 -47.4901 22
    endloop
  endfacet
  facet normal 0 0 1
    outer loop
      vertex -84.3 -44 22
      vertex -85.5241 -47.4901 22
      vertex -85.5961 -47.9755 22
    endloop
  endfacet
  facet normal 0 0 1
    outer loop
      vertex -85.7153 -48.4514 22
      vertex -84.3 -44 22
      vertex -85.5961 -47.9755 22
    endloop
  endfacet
  facet normal 0 0 1
    outer loop
      vertex 86.6349 -50.172 22
      vertex -86.6349 -50.172 22
      vertex 86.9645 -50.5355 22
    endloop
  endfacet
  facet normal 0 0 1
    outer loop
      vertex -86.9645 -50.5355 22
      vertex 86.9645 -50.5355 22
      vertex -86.6349 -50.172 22
    endloop
  endfacet
  facet normal 0 0 1
    outer loop
      vertex 86.9645 -50.5355 22
      vertex -86.9645 -50.5355 22
      vertex 87.328 -50.8651 22
    endloop
  endfacet
  facet normal 0 0 1
    outer loop
      vertex -87.328 -50.8651 22
      vertex 87.328 -50.8651 22
      vertex -86.9645 -50.5355 22
    endloop
  endfacet
  facet normal 0 0 1
    outer loop
      vertex 87.328 -50.8651 22
      vertex -87.328 -50.8651 22
      vertex 87.7221 -51.1573 22
    endloop
  endfacet
  facet normal 0 0 1
    outer loop
      vertex -87.7221 -51.1573 22
      vertex 87.7221 -51.1573 22
      vertex -87.328 -50.8651 22
    endloop
  endfacet
  facet normal 0 0 1
    outer loop
      vertex 87.7221 -51.1573 22
      vertex -87.7221 -51.1573 22
      vertex 88.143 -51.4096 22
    endloop
  endfacet
  facet normal 0 0 1
    outer loop
      vertex -88.143 -51.4096 22
      vertex 88.143 -51.4096 22
      vertex -87.7221 -51.1573 22
    endloop
  endfacet
  facet normal 0 0 1
    outer loop
      vertex 88.143 -51.4096 22
      vertex -88.143 -51.4096 22
      vertex 96.5 -56 22
    endloop
  endfacet
  facet normal 0 0 1
    outer loop
      vertex -96.5 -56 22
      vertex -88.143 -51.4096 22
      vertex -88.5866 -51.6194 22
    endloop
  endfacet
  facet normal 0 0 1
    outer loop
      vertex -96.5 -56 22
      vertex -88.5866 -51.6194 22
      vertex -89.0486 -51.7847 22
    endloop
  endfacet
  facet normal 0 0 1
    outer loop
      vertex -96.5 -56 22
      vertex -89.0486 -51.7847 22
      vertex -89.5246 -51.9039 22
    endloop
  endfacet
  facet normal 0 0 1
    outer loop
      vertex -96.5 -56 22
      vertex -89.5246 -51.9039 22
      vertex -90.0099 -51.9759 22
    endloop
  endfacet
  facet normal 0 0 1
    outer loop
      vertex -96.5 -56 22
      vertex -90.0099 -51.9759 22
      vertex -90.5 -52 22
    endloop
  endfacet
  facet normal 0 0 1
    outer loop
      vertex -88.143 -51.4096 22
      vertex -96.5 -56 22
      vertex 96.5 -56 22
    endloop
  endfacet
  facet normal 0 0 1
    outer loop
      vertex -90.9901 -51.9759 22
      vertex -96.5 -56 22
      vertex -90.5 -52 22
    endloop
  endfacet
  facet normal 0 0 1
    outer loop
      vertex -91.4754 -51.9039 22
      vertex -96.5 -56 22
      vertex -90.9901 -51.9759 22
    endloop
  endfacet
  facet normal 0 0 1
    outer loop
      vertex -91.9514 -51.7847 22
      vertex -96.5 -56 22
      vertex -91.4754 -51.9039 22
    endloop
  endfacet
  facet normal 0 0 1
    outer loop
      vertex -92.4134 -51.6194 22
      vertex -96.5 -56 22
      vertex -91.9514 -51.7847 22
    endloop
  endfacet
  facet normal 0 0 1
    outer loop
      vertex -92.857 -51.4096 22
      vertex -96.5 -56 22
      vertex -92.4134 -51.6194 22
    endloop
  endfacet
  facet normal 0 0 1
    outer loop
      vertex -93.2778 -51.1573 22
      vertex -96.5 -56 22
      vertex -92.857 -51.4096 22
    endloop
  endfacet
  facet normal 0 0 1
    outer loop
      vertex -93.672 -50.8651 22
      vertex -96.5 -56 22
      vertex -93.2778 -51.1573 22
    endloop
  endfacet
  facet normal 0 0 1
    outer loop
      vertex -94.0355 -50.5355 22
      vertex -96.5 -56 22
      vertex -93.672 -50.8651 22
    endloop
  endfacet
  facet normal 0 0 1
    outer loop
      vertex -99.5 -53 22
      vertex -94.0355 -50.5355 22
      vertex -94.3651 -50.172 22
    endloop
  endfacet
  facet normal 0 0 1
    outer loop
      vertex -99.5 -53 22
      vertex -94.3651 -50.172 22
      vertex -94.6573 -49.7779 22
    endloop
  endfacet
  facet normal 0 0 1
    outer loop
      vertex -99.5 -53 22
      vertex -94.6573 -49.7779 22
      vertex -94.9096 -49.357 22
    endloop
  endfacet
  facet normal 0 0 1
    outer loop
      vertex -99.5 -53 22
      vertex -94.9096 -49.357 22
      vertex -95.1194 -48.9134 22
    endloop
  endfacet
  facet normal 0 0 1
    outer loop
      vertex -99.5 -53 22
      vertex -95.1194 -48.9134 22
      vertex -95.2847 -48.4514 22
    endloop
  endfacet
  facet normal 0 0 1
    outer loop
      vertex -99.5 -53 22
      vertex -95.2847 -48.4514 22
      vertex -95.4039 -47.9755 22
    endloop
  endfacet
  facet normal 0 0 1
    outer loop
      vertex -99.5 -53 22
      vertex -95.4039 -47.9755 22
      vertex -95.4759 -47.4901 22
    endloop
  endfacet
  facet normal 0 0 1
    outer loop
      vertex -99.5 -53 22
      vertex -95.4759 -47.4901 22
      vertex -95.5 -47 22
    endloop
  endfacet
  facet normal 0 0 1
    outer loop
      vertex -95.4039 -46.0245 22
      vertex -99.5 -53 22
      vertex -95.4759 -46.5099 22
    endloop
  endfacet
  facet normal 0 0 1
    outer loop
      vertex -99.5 53 22
      vertex -96.5 56 22
      vertex -96.7941 55.9856 22
    endloop
  endfacet
  facet normal 0 0 1
    outer loop
      vertex -95.4759 -46.5099 22
      vertex -99.5 -53 22
      vertex -95.5 -47 22
    endloop
  endfacet
  facet normal 0 0 1
    outer loop
      vertex -99.5 53 22
      vertex -96.7941 55.9856 22
      vertex -97.0853 55.9424 22
    endloop
  endfacet
  facet normal 0 0 1
    outer loop
      vertex -94.0355 -50.5355 22
      vertex -99.5 -53 22
      vertex -96.5 -56 22
    endloop
  endfacet
  facet normal 0 0 1
    outer loop
      vertex -99.5 53 22
      vertex -97.0853 55.9424 22
      vertex -97.3708 55.8708 22
    endloop
  endfacet
  facet normal 0 0 1
    outer loop
      vertex -96.5 -56 22
      vertex -99.5 -53 22
      vertex -96.7941 -55.9856 22
    endloop
  endfacet
  facet normal 0 0 1
    outer loop
      vertex -99.5 53 22
      vertex -97.3708 55.8708 22
      vertex -97.648 55.7716 22
    endloop
  endfacet
  facet normal 0 0 1
    outer loop
      vertex -96.7941 -55.9856 22
      vertex -99.5 -53 22
      vertex -97.0853 -55.9424 22
    endloop
  endfacet
  facet normal 0 0 1
    outer loop
      vertex -99.5 53 22
      vertex -97.648 55.7716 22
      vertex -97.9142 55.6458 22
    endloop
  endfacet
  facet normal 0 0 1
    outer loop
      vertex -97.0853 -55.9424 22
      vertex -99.5 -53 22
      vertex -97.3708 -55.8708 22
    endloop
  endfacet
  facet normal 0 0 1
    outer loop
      vertex -99.5 53 22
      vertex -97.9142 55.6458 22
      vertex -98.1667 55.4944 22
    endloop
  endfacet
  facet normal 0 0 1
    outer loop
      vertex -97.3708 -55.8708 22
      vertex -99.5 -53 22
      vertex -97.648 -55.7716 22
    endloop
  endfacet
  facet normal 0 0 1
    outer loop
      vertex -99.5 53 22
      vertex -98.1667 55.4944 22
      vertex -98.4032 55.319 22
    endloop
  endfacet
  facet normal 0 0 1
    outer loop
      vertex -97.648 -55.7716 22
      vertex -99.5 -53 22
      vertex -97.9142 -55.6458 22
    endloop
  endfacet
  facet normal 0 0 1
    outer loop
      vertex -99.5 53 22
      vertex -98.4032 55.319 22
      vertex -98.6213 55.1213 22
    endloop
  endfacet
  facet normal 0 0 1
    outer loop
      vertex -97.9142 -55.6458 22
      vertex -99.5 -53 22
      vertex -98.1667 -55.4944 22
    endloop
  endfacet
  facet normal 0 0 1
    outer loop
      vertex -99.5 53 22
      vertex -98.6213 55.1213 22
      vertex -98.819 54.9032 22
    endloop
  endfacet
  facet normal 0 0 1
    outer loop
      vertex -98.1667 -55.4944 22
      vertex -99.5 -53 22
      vertex -98.4032 -55.319 22
    endloop
  endfacet
  facet normal 0 0 1
    outer loop
      vertex -99.5 53 22
      vertex -98.819 54.9032 22
      vertex -98.9944 54.6667 22
    endloop
  endfacet
  facet normal 0 0 1
    outer loop
      vertex -98.4032 -55.319 22
      vertex -99.5 -53 22
      vertex -98.6213 -55.1213 22
    endloop
  endfacet
  facet normal 0 0 1
    outer loop
      vertex -99.5 53 22
      vertex -98.9944 54.6667 22
      vertex -99.1458 54.4142 22
    endloop
  endfacet
  facet normal 0 0 1
    outer loop
      vertex -98.6213 -55.1213 22
      vertex -99.5 -53 22
      vertex -98.819 -54.9032 22
    endloop
  endfacet
  facet normal 0 0 1
    outer loop
      vertex -99.5 53 22
      vertex -99.1458 54.4142 22
      vertex -99.2716 54.148 22
    endloop
  endfacet
  facet normal 0 0 1
    outer loop
      vertex -98.819 -54.9032 22
      vertex -99.5 -53 22
      vertex -98.9944 -54.6667 22
    endloop
  endfacet
  facet normal 0 0 1
    outer loop
      vertex -99.5 53 22
      vertex -99.2716 54.148 22
      vertex -99.3708 53.8709 22
    endloop
  endfacet
  facet normal 0 0 1
    outer loop
      vertex -98.9944 -54.6667 22
      vertex -99.5 -53 22
      vertex -99.1458 -54.4142 22
    endloop
  endfacet
  facet normal 0 0 1
    outer loop
      vertex -99.5 53 22
      vertex -99.3708 53.8709 22
      vertex -99.4424 53.5853 22
    endloop
  endfacet
  facet normal 0 0 1
    outer loop
      vertex -99.1458 -54.4142 22
      vertex -99.5 -53 22
      vertex -99.2716 -54.148 22
    endloop
  endfacet
  facet normal 0 0 1
    outer loop
      vertex -99.5 53 22
      vertex -99.4424 53.5853 22
      vertex -99.4855 53.2941 22
    endloop
  endfacet
  facet normal 0 0 1
    outer loop
      vertex -99.2716 -54.148 22
      vertex -99.5 -53 22
      vertex -99.3708 -53.8709 22
    endloop
  endfacet
  facet normal 0 0 1
    outer loop
      vertex -99.3708 -53.8709 22
      vertex -99.5 -53 22
      vertex -99.4424 -53.5853 22
    endloop
  endfacet
  facet normal 0 0 1
    outer loop
      vertex -99.4424 -53.5853 22
      vertex -99.5 -53 22
      vertex -99.4855 -53.2941 22
    endloop
  endfacet
  facet normal -0 0 1
    outer loop
      vertex 87.4385 -41.4243 22
      vertex 88.5866 -42.3806 22
      vertex 87.4846 -41.1137 22
    endloop
  endfacet
  facet normal -0 0 1
    outer loop
      vertex 87.3622 -41.7289 22
      vertex 88.5866 -42.3806 22
      vertex 87.4385 -41.4243 22
    endloop
  endfacet
  facet normal 0 0 1
    outer loop
      vertex 88.5866 -42.3806 22
      vertex 87.3622 -41.7289 22
      vertex 88.143 -42.5904 22
    endloop
  endfacet
  facet normal -0 0 1
    outer loop
      vertex 87.2564 -42.0246 22
      vertex 88.143 -42.5904 22
      vertex 87.3622 -41.7289 22
    endloop
  endfacet
  facet normal 0 0 1
    outer loop
      vertex 88.143 -42.5904 22
      vertex 87.2564 -42.0246 22
      vertex 87.7221 -42.8427 22
    endloop
  endfacet
  facet normal -0 0 1
    outer loop
      vertex 87.1221 -42.3085 22
      vertex 87.7221 -42.8427 22
      vertex 87.2564 -42.0246 22
    endloop
  endfacet
  facet normal -0 0 1
    outer loop
      vertex 86.9607 -42.5778 22
      vertex 87.7221 -42.8427 22
      vertex 87.1221 -42.3085 22
    endloop
  endfacet
  facet normal 0 0 1
    outer loop
      vertex 87.7221 -42.8427 22
      vertex 86.9607 -42.5778 22
      vertex 87.328 -43.1349 22
    endloop
  endfacet
  facet normal -0 0 1
    outer loop
      vertex 86.7736 -42.8301 22
      vertex 87.328 -43.1349 22
      vertex 86.9607 -42.5778 22
    endloop
  endfacet
  facet normal 0 0 1
    outer loop
      vertex 87.328 -43.1349 22
      vertex 86.7736 -42.8301 22
      vertex 86.9645 -43.4645 22
    endloop
  endfacet
  facet normal -0 0 1
    outer loop
      vertex 86.5627 -43.0627 22
      vertex 86.9645 -43.4645 22
      vertex 86.7736 -42.8301 22
    endloop
  endfacet
  facet normal -0 0 1
    outer loop
      vertex 86.3301 -43.2736 22
      vertex 86.9645 -43.4645 22
      vertex 86.5627 -43.0627 22
    endloop
  endfacet
  facet normal 0 0 1
    outer loop
      vertex 86.9645 -43.4645 22
      vertex 86.3301 -43.2736 22
      vertex 86.6349 -43.828 22
    endloop
  endfacet
  facet normal -0 0 1
    outer loop
      vertex 86.0778 -43.4607 22
      vertex 86.6349 -43.828 22
      vertex 86.3301 -43.2736 22
    endloop
  endfacet
  facet normal 0 0 1
    outer loop
      vertex 86.6349 -43.828 22
      vertex 86.0778 -43.4607 22
      vertex 86.3427 -44.2221 22
    endloop
  endfacet
  facet normal -0 0 1
    outer loop
      vertex 85.8085 -43.6221 22
      vertex 86.3427 -44.2221 22
      vertex 86.0778 -43.4607 22
    endloop
  endfacet
  facet normal -0 0 1
    outer loop
      vertex 85.5246 -43.7564 22
      vertex 86.3427 -44.2221 22
      vertex 85.8085 -43.6221 22
    endloop
  endfacet
  facet normal 0 0 1
    outer loop
      vertex 86.3427 -44.2221 22
      vertex 85.5246 -43.7564 22
      vertex 86.0904 -44.643 22
    endloop
  endfacet
  facet normal -0 0 1
    outer loop
      vertex 85.2289 -43.8622 22
      vertex 86.0904 -44.643 22
      vertex 85.5246 -43.7564 22
    endloop
  endfacet
  facet normal 0 0 1
    outer loop
      vertex 86.0904 -44.643 22
      vertex 85.2289 -43.8622 22
      vertex 85.8806 -45.0866 22
    endloop
  endfacet
  facet normal -0 0 1
    outer loop
      vertex 84.9243 -43.9385 22
      vertex 85.8806 -45.0866 22
      vertex 85.2289 -43.8622 22
    endloop
  endfacet
  facet normal -0 0 1
    outer loop
      vertex 84.6137 -43.9846 22
      vertex 85.8806 -45.0866 22
      vertex 84.9243 -43.9385 22
    endloop
  endfacet
  facet normal 0 0 1
    outer loop
      vertex 85.8806 -45.0866 22
      vertex 84.6137 -43.9846 22
      vertex 85.7153 -45.5486 22
    endloop
  endfacet
  facet normal -0 0 1
    outer loop
      vertex 84.3 -44 22
      vertex 85.7153 -45.5486 22
      vertex 84.6137 -43.9846 22
    endloop
  endfacet
  facet normal 0.671607 0.740908 -0
    outer loop
      vertex 98.6213 55.1213 0
      vertex 98.4032 55.319 22
      vertex 98.6213 55.1213 22
    endloop
  endfacet
  facet normal 0.671607 0.740908 0
    outer loop
      vertex 98.4032 55.319 22
      vertex 98.6213 55.1213 0
      vertex 98.4032 55.319 0
    endloop
  endfacet
  facet normal -0.941488 0.337047 0
    outer loop
      vertex -99.3708 53.8709 0
      vertex -99.2716 54.148 22
      vertex -99.2716 54.148 0
    endloop
  endfacet
  facet normal -0.941488 0.337047 0
    outer loop
      vertex -99.2716 54.148 22
      vertex -99.3708 53.8709 0
      vertex -99.3708 53.8709 22
    endloop
  endfacet
  facet normal 0.969982 0.243175 0
    outer loop
      vertex 99.4424 53.5853 22
      vertex 99.3708 53.8709 0
      vertex 99.3708 53.8709 22
    endloop
  endfacet
  facet normal 0.969982 0.243175 0
    outer loop
      vertex 99.3708 53.8709 0
      vertex 99.4424 53.5853 22
      vertex 99.4424 53.5853 0
    endloop
  endfacet
  facet normal -0.941488 -0.337047 0
    outer loop
      vertex -99.2716 -54.148 0
      vertex -99.3708 -53.8709 22
      vertex -99.3708 -53.8709 0
    endloop
  endfacet
  facet normal -0.941488 -0.337047 0
    outer loop
      vertex -99.3708 -53.8709 22
      vertex -99.2716 -54.148 0
      vertex -99.2716 -54.148 22
    endloop
  endfacet
  facet normal -0.427269 0.904125 0
    outer loop
      vertex -97.648 55.7716 0
      vertex -97.9142 55.6458 22
      vertex -97.648 55.7716 22
    endloop
  endfacet
  facet normal -0.427269 0.904125 0
    outer loop
      vertex -97.9142 55.6458 22
      vertex -97.648 55.7716 0
      vertex -97.9142 55.6458 0
    endloop
  endfacet
  facet normal -0.989224 -0.146413 0
    outer loop
      vertex -99.4424 -53.5853 0
      vertex -99.4855 -53.2941 22
      vertex -99.4855 -53.2941 0
    endloop
  endfacet
  facet normal -0.989224 -0.146413 0
    outer loop
      vertex -99.4855 -53.2941 22
      vertex -99.4424 -53.5853 0
      vertex -99.4424 -53.5853 22
    endloop
  endfacet
  facet normal -0.969982 -0.243175 0
    outer loop
      vertex -99.3708 -53.8709 0
      vertex -99.4424 -53.5853 22
      vertex -99.4424 -53.5853 0
    endloop
  endfacet
  facet normal -0.969982 -0.243175 0
    outer loop
      vertex -99.4424 -53.5853 22
      vertex -99.3708 -53.8709 0
      vertex -99.3708 -53.8709 22
    endloop
  endfacet
  facet normal 0.146746 0.989174 -0
    outer loop
      vertex 97.0853 55.9424 0
      vertex 96.7941 55.9856 22
      vertex 97.0853 55.9424 22
    endloop
  endfacet
  facet normal 0.146746 0.989174 0
    outer loop
      vertex 96.7941 55.9856 22
      vertex 97.0853 55.9424 0
      vertex 96.7941 55.9856 0
    endloop
  endfacet
  facet normal -0.903958 -0.427621 0
    outer loop
      vertex 87.2564 42.0246 6
      vertex 87.1221 42.3085 22
      vertex 87.1221 42.3085 6
    endloop
  endfacet
  facet normal -0.903958 -0.427621 0
    outer loop
      vertex 87.1221 42.3085 22
      vertex 87.2564 42.0246 6
      vertex 87.2564 42.0246 22
    endloop
  endfacet
  facet normal 0.903958 -0.427621 0
    outer loop
      vertex -87.2564 42.0246 22
      vertex -87.1221 42.3085 6
      vertex -87.1221 42.3085 22
    endloop
  endfacet
  facet normal 0.903958 -0.427621 0
    outer loop
      vertex -87.1221 42.3085 6
      vertex -87.2564 42.0246 22
      vertex -87.2564 42.0246 6
    endloop
  endfacet
  facet normal 0 1 -0
    outer loop
      vertex 84.3 -44 6
      vertex -84.3 -44 22
      vertex 84.3 -44 22
    endloop
  endfacet
  facet normal 0 1 0
    outer loop
      vertex -84.3 -44 22
      vertex 84.3 -44 6
      vertex -84.3 -44 6
    endloop
  endfacet
  facet normal 0.427621 0.903958 -0
    outer loop
      vertex -85.5246 -43.7564 6
      vertex -85.8085 -43.6221 22
      vertex -85.5246 -43.7564 22
    endloop
  endfacet
  facet normal 0.427621 0.903958 0
    outer loop
      vertex -85.8085 -43.6221 22
      vertex -85.5246 -43.7564 6
      vertex -85.8085 -43.6221 6
    endloop
  endfacet
  facet normal 0.242985 -0.97003 0
    outer loop
      vertex -85.2289 43.8622 6
      vertex -84.9243 43.9385 22
      vertex -85.2289 43.8622 22
    endloop
  endfacet
  facet normal 0.242985 -0.97003 0
    outer loop
      vertex -84.9243 43.9385 22
      vertex -85.2289 43.8622 6
      vertex -84.9243 43.9385 6
    endloop
  endfacet
  facet normal -0.903958 0.427621 0
    outer loop
      vertex 87.1221 -42.3085 6
      vertex 87.2564 -42.0246 22
      vertex 87.2564 -42.0246 6
    endloop
  endfacet
  facet normal -0.903958 0.427621 0
    outer loop
      vertex 87.2564 -42.0246 22
      vertex 87.1221 -42.3085 6
      vertex 87.1221 -42.3085 22
    endloop
  endfacet
  facet normal -0.671705 0.740819 0
    outer loop
      vertex 86.5627 -43.0627 6
      vertex 86.3301 -43.2736 22
      vertex 86.5627 -43.0627 22
    endloop
  endfacet
  facet normal -0.671705 0.740819 0
    outer loop
      vertex 86.3301 -43.2736 22
      vertex 86.5627 -43.0627 6
      vertex 86.3301 -43.2736 6
    endloop
  endfacet
  facet normal -0.336881 0.941547 0
    outer loop
      vertex 85.5246 -43.7564 6
      vertex 85.2289 -43.8622 22
      vertex 85.5246 -43.7564 22
    endloop
  endfacet
  facet normal -0.336881 0.941547 0
    outer loop
      vertex 85.2289 -43.8622 22
      vertex 85.5246 -43.7564 6
      vertex 85.2289 -43.8622 6
    endloop
  endfacet
  facet normal 0.146814 -0.989164 0
    outer loop
      vertex -84.9243 43.9385 6
      vertex -84.6137 43.9846 22
      vertex -84.9243 43.9385 22
    endloop
  endfacet
  facet normal 0.146814 -0.989164 0
    outer loop
      vertex -84.6137 43.9846 22
      vertex -84.9243 43.9385 6
      vertex -84.6137 43.9846 6
    endloop
  endfacet
  facet normal 0 -1 0
    outer loop
      vertex -84.3 44 6
      vertex 84.3 44 22
      vertex -84.3 44 22
    endloop
  endfacet
  facet normal 0 -1 -0
    outer loop
      vertex 84.3 44 22
      vertex -84.3 44 6
      vertex 84.3 44 6
    endloop
  endfacet
  facet normal 1 -0 0
    outer loop
      vertex -87.5 -40.8 22
      vertex -87.5 40.8 6
      vertex -87.5 40.8 22
    endloop
  endfacet
  facet normal 1 0 0
    outer loop
      vertex -87.5 40.8 6
      vertex -87.5 -40.8 22
      vertex -87.5 -40.8 6
    endloop
  endfacet
  facet normal 0.336881 -0.941547 0
    outer loop
      vertex -85.5246 43.7564 6
      vertex -85.2289 43.8622 22
      vertex -85.5246 43.7564 22
    endloop
  endfacet
  facet normal 0.336881 -0.941547 0
    outer loop
      vertex -85.2289 43.8622 22
      vertex -85.5246 43.7564 6
      vertex -85.2289 43.8622 6
    endloop
  endfacet
  facet normal -0.336881 -0.941547 0
    outer loop
      vertex 85.2289 43.8622 6
      vertex 85.5246 43.7564 22
      vertex 85.2289 43.8622 22
    endloop
  endfacet
  facet normal -0.336881 -0.941547 -0
    outer loop
      vertex 85.5246 43.7564 22
      vertex 85.2289 43.8622 6
      vertex 85.5246 43.7564 6
    endloop
  endfacet
  facet normal 0.146814 0.989164 -0
    outer loop
      vertex -84.6137 -43.9846 6
      vertex -84.9243 -43.9385 22
      vertex -84.6137 -43.9846 22
    endloop
  endfacet
  facet normal 0.146814 0.989164 0
    outer loop
      vertex -84.9243 -43.9385 22
      vertex -84.6137 -43.9846 6
      vertex -84.9243 -43.9385 6
    endloop
  endfacet
  facet normal -0.427621 -0.903958 0
    outer loop
      vertex 85.5246 43.7564 6
      vertex 85.8085 43.6221 22
      vertex 85.5246 43.7564 22
    endloop
  endfacet
  facet normal -0.427621 -0.903958 -0
    outer loop
      vertex 85.8085 43.6221 22
      vertex 85.5246 43.7564 6
      vertex 85.8085 43.6221 6
    endloop
  endfacet
  facet normal -1 0 0
    outer loop
      vertex 87.5 -40.8 6
      vertex 87.5 40.8 22
      vertex 87.5 40.8 6
    endloop
  endfacet
  facet normal -1 -0 0
    outer loop
      vertex 87.5 40.8 22
      vertex 87.5 -40.8 6
      vertex 87.5 -40.8 22
    endloop
  endfacet
  facet normal -0.427621 0.903958 0
    outer loop
      vertex 85.8085 -43.6221 6
      vertex 85.5246 -43.7564 22
      vertex 85.8085 -43.6221 22
    endloop
  endfacet
  facet normal -0.427621 0.903958 0
    outer loop
      vertex 85.5246 -43.7564 22
      vertex 85.8085 -43.6221 6
      vertex 85.5246 -43.7564 6
    endloop
  endfacet
  facet normal 0.740819 -0.671705 0
    outer loop
      vertex -86.7736 42.8301 22
      vertex -86.5627 43.0627 6
      vertex -86.5627 43.0627 22
    endloop
  endfacet
  facet normal 0.740819 -0.671705 0
    outer loop
      vertex -86.5627 43.0627 6
      vertex -86.7736 42.8301 22
      vertex -86.7736 42.8301 6
    endloop
  endfacet
  facet normal -0.242985 -0.97003 0
    outer loop
      vertex 84.9243 43.9385 6
      vertex 85.2289 43.8622 22
      vertex 84.9243 43.9385 22
    endloop
  endfacet
  facet normal -0.242985 -0.97003 -0
    outer loop
      vertex 85.2289 43.8622 22
      vertex 84.9243 43.9385 6
      vertex 85.2289 43.8622 6
    endloop
  endfacet
  facet normal 0.941547 -0.336881 0
    outer loop
      vertex -87.3622 41.7289 22
      vertex -87.2564 42.0246 6
      vertex -87.2564 42.0246 22
    endloop
  endfacet
  facet normal 0.941547 -0.336881 0
    outer loop
      vertex -87.2564 42.0246 6
      vertex -87.3622 41.7289 22
      vertex -87.3622 41.7289 6
    endloop
  endfacet
  facet normal -0.740819 0.671705 0
    outer loop
      vertex 86.5627 -43.0627 6
      vertex 86.7736 -42.8301 22
      vertex 86.7736 -42.8301 6
    endloop
  endfacet
  facet normal -0.740819 0.671705 0
    outer loop
      vertex 86.7736 -42.8301 22
      vertex 86.5627 -43.0627 6
      vertex 86.5627 -43.0627 22
    endloop
  endfacet
  facet normal 0.595661 0.803236 -0
    outer loop
      vertex -86.0778 -43.4607 6
      vertex -86.3301 -43.2736 22
      vertex -86.0778 -43.4607 22
    endloop
  endfacet
  facet normal 0.595661 0.803236 0
    outer loop
      vertex -86.3301 -43.2736 22
      vertex -86.0778 -43.4607 6
      vertex -86.3301 -43.2736 6
    endloop
  endfacet
  facet normal 0.903958 0.427621 0
    outer loop
      vertex -87.1221 -42.3085 22
      vertex -87.2564 -42.0246 6
      vertex -87.2564 -42.0246 22
    endloop
  endfacet
  facet normal 0.903958 0.427621 0
    outer loop
      vertex -87.2564 -42.0246 6
      vertex -87.1221 -42.3085 22
      vertex -87.1221 -42.3085 6
    endloop
  endfacet
  facet normal -0.0490324 -0.998797 0
    outer loop
      vertex 84.3 44 6
      vertex 84.6137 43.9846 22
      vertex 84.3 44 22
    endloop
  endfacet
  facet normal -0.0490324 -0.998797 -0
    outer loop
      vertex 84.6137 43.9846 22
      vertex 84.3 44 6
      vertex 84.6137 43.9846 6
    endloop
  endfacet
  facet normal 0.671705 0.740819 -0
    outer loop
      vertex -86.3301 -43.2736 6
      vertex -86.5627 -43.0627 22
      vertex -86.3301 -43.2736 22
    endloop
  endfacet
  facet normal 0.671705 0.740819 0
    outer loop
      vertex -86.5627 -43.0627 22
      vertex -86.3301 -43.2736 6
      vertex -86.5627 -43.0627 6
    endloop
  endfacet
  facet normal 0.803236 0.595661 0
    outer loop
      vertex -86.7736 -42.8301 22
      vertex -86.9607 -42.5778 6
      vertex -86.9607 -42.5778 22
    endloop
  endfacet
  facet normal 0.803236 0.595661 0
    outer loop
      vertex -86.9607 -42.5778 6
      vertex -86.7736 -42.8301 22
      vertex -86.7736 -42.8301 6
    endloop
  endfacet
  facet normal 0.998797 -0.0490324 0
    outer loop
      vertex -87.5 40.8 22
      vertex -87.4846 41.1137 6
      vertex -87.4846 41.1137 22
    endloop
  endfacet
  facet normal 0.998797 -0.0490324 0
    outer loop
      vertex -87.4846 41.1137 6
      vertex -87.5 40.8 22
      vertex -87.5 40.8 6
    endloop
  endfacet
  facet normal -0.595661 0.803236 0
    outer loop
      vertex 86.3301 -43.2736 6
      vertex 86.0778 -43.4607 22
      vertex 86.3301 -43.2736 22
    endloop
  endfacet
  facet normal -0.595661 0.803236 0
    outer loop
      vertex 86.0778 -43.4607 22
      vertex 86.3301 -43.2736 6
      vertex 86.0778 -43.4607 6
    endloop
  endfacet
  facet normal -0.803236 0.595661 0
    outer loop
      vertex 86.7736 -42.8301 6
      vertex 86.9607 -42.5778 22
      vertex 86.9607 -42.5778 6
    endloop
  endfacet
  facet normal -0.803236 0.595661 0
    outer loop
      vertex 86.9607 -42.5778 22
      vertex 86.7736 -42.8301 6
      vertex 86.7736 -42.8301 22
    endloop
  endfacet
  facet normal 0.803236 -0.595661 0
    outer loop
      vertex -86.9607 42.5778 22
      vertex -86.7736 42.8301 6
      vertex -86.7736 42.8301 22
    endloop
  endfacet
  facet normal 0.803236 -0.595661 0
    outer loop
      vertex -86.7736 42.8301 6
      vertex -86.9607 42.5778 22
      vertex -86.9607 42.5778 6
    endloop
  endfacet
  facet normal -0.146814 -0.989164 0
    outer loop
      vertex 84.6137 43.9846 6
      vertex 84.9243 43.9385 22
      vertex 84.6137 43.9846 22
    endloop
  endfacet
  facet normal -0.146814 -0.989164 -0
    outer loop
      vertex 84.9243 43.9385 22
      vertex 84.6137 43.9846 6
      vertex 84.9243 43.9385 6
    endloop
  endfacet
  facet normal 0.97003 -0.242985 0
    outer loop
      vertex -87.4385 41.4243 22
      vertex -87.3622 41.7289 6
      vertex -87.3622 41.7289 22
    endloop
  endfacet
  facet normal 0.97003 -0.242985 0
    outer loop
      vertex -87.3622 41.7289 6
      vertex -87.4385 41.4243 22
      vertex -87.4385 41.4243 6
    endloop
  endfacet
  facet normal -0.242985 0.97003 0
    outer loop
      vertex 85.2289 -43.8622 6
      vertex 84.9243 -43.9385 22
      vertex 85.2289 -43.8622 22
    endloop
  endfacet
  facet normal -0.242985 0.97003 0
    outer loop
      vertex 84.9243 -43.9385 22
      vertex 85.2289 -43.8622 6
      vertex 84.9243 -43.9385 6
    endloop
  endfacet
  facet normal 0.671705 -0.740819 0
    outer loop
      vertex -86.5627 43.0627 6
      vertex -86.3301 43.2736 22
      vertex -86.5627 43.0627 22
    endloop
  endfacet
  facet normal 0.671705 -0.740819 0
    outer loop
      vertex -86.3301 43.2736 22
      vertex -86.5627 43.0627 6
      vertex -86.3301 43.2736 6
    endloop
  endfacet
  facet normal -0.514074 0.857746 0
    outer loop
      vertex 86.0778 -43.4607 6
      vertex 85.8085 -43.6221 22
      vertex 86.0778 -43.4607 22
    endloop
  endfacet
  facet normal -0.514074 0.857746 0
    outer loop
      vertex 85.8085 -43.6221 22
      vertex 86.0778 -43.4607 6
      vertex 85.8085 -43.6221 6
    endloop
  endfacet
  facet normal 0.0490324 0.998797 -0
    outer loop
      vertex -84.3 -44 6
      vertex -84.6137 -43.9846 22
      vertex -84.3 -44 22
    endloop
  endfacet
  facet normal 0.0490324 0.998797 0
    outer loop
      vertex -84.6137 -43.9846 22
      vertex -84.3 -44 6
      vertex -84.6137 -43.9846 6
    endloop
  endfacet
  facet normal 0.998797 0.0490324 0
    outer loop
      vertex -87.4846 -41.1137 22
      vertex -87.5 -40.8 6
      vertex -87.5 -40.8 22
    endloop
  endfacet
  facet normal 0.998797 0.0490324 0
    outer loop
      vertex -87.5 -40.8 6
      vertex -87.4846 -41.1137 22
      vertex -87.4846 -41.1137 6
    endloop
  endfacet
  facet normal 0.989164 -0.146814 0
    outer loop
      vertex -87.4846 41.1137 22
      vertex -87.4385 41.4243 6
      vertex -87.4385 41.4243 22
    endloop
  endfacet
  facet normal 0.989164 -0.146814 0
    outer loop
      vertex -87.4385 41.4243 6
      vertex -87.4846 41.1137 22
      vertex -87.4846 41.1137 6
    endloop
  endfacet
  facet normal -0.97003 0.242985 0
    outer loop
      vertex 87.3622 -41.7289 6
      vertex 87.4385 -41.4243 22
      vertex 87.4385 -41.4243 6
    endloop
  endfacet
  facet normal -0.97003 0.242985 0
    outer loop
      vertex 87.4385 -41.4243 22
      vertex 87.3622 -41.7289 6
      vertex 87.3622 -41.7289 22
    endloop
  endfacet
  facet normal -0.998797 0.0490324 0
    outer loop
      vertex 87.4846 -41.1137 6
      vertex 87.5 -40.8 22
      vertex 87.5 -40.8 6
    endloop
  endfacet
  facet normal -0.998797 0.0490324 0
    outer loop
      vertex 87.5 -40.8 22
      vertex 87.4846 -41.1137 6
      vertex 87.4846 -41.1137 22
    endloop
  endfacet
  facet normal 0.0490324 -0.998797 0
    outer loop
      vertex -84.6137 43.9846 6
      vertex -84.3 44 22
      vertex -84.6137 43.9846 22
    endloop
  endfacet
  facet normal 0.0490324 -0.998797 0
    outer loop
      vertex -84.3 44 22
      vertex -84.6137 43.9846 6
      vertex -84.3 44 6
    endloop
  endfacet
  facet normal 0.514074 -0.857746 0
    outer loop
      vertex -86.0778 43.4607 6
      vertex -85.8085 43.6221 22
      vertex -86.0778 43.4607 22
    endloop
  endfacet
  facet normal 0.514074 -0.857746 0
    outer loop
      vertex -85.8085 43.6221 22
      vertex -86.0778 43.4607 6
      vertex -85.8085 43.6221 6
    endloop
  endfacet
  facet normal 0.740819 0.671705 0
    outer loop
      vertex -86.5627 -43.0627 22
      vertex -86.7736 -42.8301 6
      vertex -86.7736 -42.8301 22
    endloop
  endfacet
  facet normal 0.740819 0.671705 0
    outer loop
      vertex -86.7736 -42.8301 6
      vertex -86.5627 -43.0627 22
      vertex -86.5627 -43.0627 6
    endloop
  endfacet
  facet normal -0.857746 -0.514074 0
    outer loop
      vertex 87.1221 42.3085 6
      vertex 86.9607 42.5778 22
      vertex 86.9607 42.5778 6
    endloop
  endfacet
  facet normal -0.857746 -0.514074 0
    outer loop
      vertex 86.9607 42.5778 22
      vertex 87.1221 42.3085 6
      vertex 87.1221 42.3085 22
    endloop
  endfacet
  facet normal 0.427621 -0.903958 0
    outer loop
      vertex -85.8085 43.6221 6
      vertex -85.5246 43.7564 22
      vertex -85.8085 43.6221 22
    endloop
  endfacet
  facet normal 0.427621 -0.903958 0
    outer loop
      vertex -85.5246 43.7564 22
      vertex -85.8085 43.6221 6
      vertex -85.5246 43.7564 6
    endloop
  endfacet
  facet normal 0.514074 0.857746 -0
    outer loop
      vertex -85.8085 -43.6221 6
      vertex -86.0778 -43.4607 22
      vertex -85.8085 -43.6221 22
    endloop
  endfacet
  facet normal 0.514074 0.857746 0
    outer loop
      vertex -86.0778 -43.4607 22
      vertex -85.8085 -43.6221 6
      vertex -86.0778 -43.4607 6
    endloop
  endfacet
  facet normal -0.857746 0.514074 0
    outer loop
      vertex 86.9607 -42.5778 6
      vertex 87.1221 -42.3085 22
      vertex 87.1221 -42.3085 6
    endloop
  endfacet
  facet normal -0.857746 0.514074 0
    outer loop
      vertex 87.1221 -42.3085 22
      vertex 86.9607 -42.5778 6
      vertex 86.9607 -42.5778 22
    endloop
  endfacet
  facet normal -0.989164 0.146814 0
    outer loop
      vertex 87.4385 -41.4243 6
      vertex 87.4846 -41.1137 22
      vertex 87.4846 -41.1137 6
    endloop
  endfacet
  facet normal -0.989164 0.146814 0
    outer loop
      vertex 87.4846 -41.1137 22
      vertex 87.4385 -41.4243 6
      vertex 87.4385 -41.4243 22
    endloop
  endfacet
  facet normal -0.97003 -0.242985 0
    outer loop
      vertex 87.4385 41.4243 6
      vertex 87.3622 41.7289 22
      vertex 87.3622 41.7289 6
    endloop
  endfacet
  facet normal -0.97003 -0.242985 0
    outer loop
      vertex 87.3622 41.7289 22
      vertex 87.4385 41.4243 6
      vertex 87.4385 41.4243 22
    endloop
  endfacet
  facet normal 0.857746 -0.514074 0
    outer loop
      vertex -87.1221 42.3085 22
      vertex -86.9607 42.5778 6
      vertex -86.9607 42.5778 22
    endloop
  endfacet
  facet normal 0.857746 -0.514074 0
    outer loop
      vertex -86.9607 42.5778 6
      vertex -87.1221 42.3085 22
      vertex -87.1221 42.3085 6
    endloop
  endfacet
  facet normal -0.941547 -0.336881 0
    outer loop
      vertex 87.3622 41.7289 6
      vertex 87.2564 42.0246 22
      vertex 87.2564 42.0246 6
    endloop
  endfacet
  facet normal -0.941547 -0.336881 0
    outer loop
      vertex 87.2564 42.0246 22
      vertex 87.3622 41.7289 6
      vertex 87.3622 41.7289 22
    endloop
  endfacet
  facet normal 0.595661 -0.803236 0
    outer loop
      vertex -86.3301 43.2736 6
      vertex -86.0778 43.4607 22
      vertex -86.3301 43.2736 22
    endloop
  endfacet
  facet normal 0.595661 -0.803236 0
    outer loop
      vertex -86.0778 43.4607 22
      vertex -86.3301 43.2736 6
      vertex -86.0778 43.4607 6
    endloop
  endfacet
  facet normal -0.671705 -0.740819 0
    outer loop
      vertex 86.3301 43.2736 6
      vertex 86.5627 43.0627 22
      vertex 86.3301 43.2736 22
    endloop
  endfacet
  facet normal -0.671705 -0.740819 -0
    outer loop
      vertex 86.5627 43.0627 22
      vertex 86.3301 43.2736 6
      vertex 86.5627 43.0627 6
    endloop
  endfacet
  facet normal 0.336881 0.941547 -0
    outer loop
      vertex -85.2289 -43.8622 6
      vertex -85.5246 -43.7564 22
      vertex -85.2289 -43.8622 22
    endloop
  endfacet
  facet normal 0.336881 0.941547 0
    outer loop
      vertex -85.5246 -43.7564 22
      vertex -85.2289 -43.8622 6
      vertex -85.5246 -43.7564 6
    endloop
  endfacet
  facet normal 0.989164 0.146814 0
    outer loop
      vertex -87.4385 -41.4243 22
      vertex -87.4846 -41.1137 6
      vertex -87.4846 -41.1137 22
    endloop
  endfacet
  facet normal 0.989164 0.146814 0
    outer loop
      vertex -87.4846 -41.1137 6
      vertex -87.4385 -41.4243 22
      vertex -87.4385 -41.4243 6
    endloop
  endfacet
  facet normal -0.0490324 0.998797 0
    outer loop
      vertex 84.6137 -43.9846 6
      vertex 84.3 -44 22
      vertex 84.6137 -43.9846 22
    endloop
  endfacet
  facet normal -0.0490324 0.998797 0
    outer loop
      vertex 84.3 -44 22
      vertex 84.6137 -43.9846 6
      vertex 84.3 -44 6
    endloop
  endfacet
  facet normal -0.146814 0.989164 0
    outer loop
      vertex 84.9243 -43.9385 6
      vertex 84.6137 -43.9846 22
      vertex 84.9243 -43.9385 22
    endloop
  endfacet
  facet normal -0.146814 0.989164 0
    outer loop
      vertex 84.6137 -43.9846 22
      vertex 84.9243 -43.9385 6
      vertex 84.6137 -43.9846 6
    endloop
  endfacet
  facet normal -0.595661 -0.803236 0
    outer loop
      vertex 86.0778 43.4607 6
      vertex 86.3301 43.2736 22
      vertex 86.0778 43.4607 22
    endloop
  endfacet
  facet normal -0.595661 -0.803236 -0
    outer loop
      vertex 86.3301 43.2736 22
      vertex 86.0778 43.4607 6
      vertex 86.3301 43.2736 6
    endloop
  endfacet
  facet normal 0.941547 0.336881 0
    outer loop
      vertex -87.2564 -42.0246 22
      vertex -87.3622 -41.7289 6
      vertex -87.3622 -41.7289 22
    endloop
  endfacet
  facet normal 0.941547 0.336881 0
    outer loop
      vertex -87.3622 -41.7289 6
      vertex -87.2564 -42.0246 22
      vertex -87.2564 -42.0246 6
    endloop
  endfacet
  facet normal -0.514074 -0.857746 0
    outer loop
      vertex 85.8085 43.6221 6
      vertex 86.0778 43.4607 22
      vertex 85.8085 43.6221 22
    endloop
  endfacet
  facet normal -0.514074 -0.857746 -0
    outer loop
      vertex 86.0778 43.4607 22
      vertex 85.8085 43.6221 6
      vertex 86.0778 43.4607 6
    endloop
  endfacet
  facet normal -0.941547 0.336881 0
    outer loop
      vertex 87.2564 -42.0246 6
      vertex 87.3622 -41.7289 22
      vertex 87.3622 -41.7289 6
    endloop
  endfacet
  facet normal -0.941547 0.336881 0
    outer loop
      vertex 87.3622 -41.7289 22
      vertex 87.2564 -42.0246 6
      vertex 87.2564 -42.0246 22
    endloop
  endfacet
  facet normal -0.803236 -0.595661 0
    outer loop
      vertex 86.9607 42.5778 6
      vertex 86.7736 42.8301 22
      vertex 86.7736 42.8301 6
    endloop
  endfacet
  facet normal -0.803236 -0.595661 0
    outer loop
      vertex 86.7736 42.8301 22
      vertex 86.9607 42.5778 6
      vertex 86.9607 42.5778 22
    endloop
  endfacet
  facet normal -0.989164 -0.146814 0
    outer loop
      vertex 87.4846 41.1137 6
      vertex 87.4385 41.4243 22
      vertex 87.4385 41.4243 6
    endloop
  endfacet
  facet normal -0.989164 -0.146814 0
    outer loop
      vertex 87.4385 41.4243 22
      vertex 87.4846 41.1137 6
      vertex 87.4846 41.1137 22
    endloop
  endfacet
  facet normal 0.97003 0.242985 0
    outer loop
      vertex -87.3622 -41.7289 22
      vertex -87.4385 -41.4243 6
      vertex -87.4385 -41.4243 22
    endloop
  endfacet
  facet normal 0.97003 0.242985 0
    outer loop
      vertex -87.4385 -41.4243 6
      vertex -87.3622 -41.7289 22
      vertex -87.3622 -41.7289 6
    endloop
  endfacet
  facet normal 0.242985 0.97003 -0
    outer loop
      vertex -84.9243 -43.9385 6
      vertex -85.2289 -43.8622 22
      vertex -84.9243 -43.9385 22
    endloop
  endfacet
  facet normal 0.242985 0.97003 0
    outer loop
      vertex -85.2289 -43.8622 22
      vertex -84.9243 -43.9385 6
      vertex -85.2289 -43.8622 6
    endloop
  endfacet
  facet normal 0.857746 0.514074 0
    outer loop
      vertex -86.9607 -42.5778 22
      vertex -87.1221 -42.3085 6
      vertex -87.1221 -42.3085 22
    endloop
  endfacet
  facet normal 0.857746 0.514074 0
    outer loop
      vertex -87.1221 -42.3085 6
      vertex -86.9607 -42.5778 22
      vertex -86.9607 -42.5778 6
    endloop
  endfacet
  facet normal -0.998797 -0.0490324 0
    outer loop
      vertex 87.5 40.8 6
      vertex 87.4846 41.1137 22
      vertex 87.4846 41.1137 6
    endloop
  endfacet
  facet normal -0.998797 -0.0490324 0
    outer loop
      vertex 87.4846 41.1137 22
      vertex 87.5 40.8 6
      vertex 87.5 40.8 22
    endloop
  endfacet
  facet normal -0.740819 -0.671705 0
    outer loop
      vertex 86.7736 42.8301 6
      vertex 86.5627 43.0627 22
      vertex 86.5627 43.0627 6
    endloop
  endfacet
  facet normal -0.740819 -0.671705 0
    outer loop
      vertex 86.5627 43.0627 22
      vertex 86.7736 42.8301 6
      vertex 86.7736 42.8301 22
    endloop
  endfacet
  facet normal 0 0 1
    outer loop
      vertex 84.3 44 6
      vertex 87.5 40.8 6
      vertex 87.4846 41.1137 6
    endloop
  endfacet
  facet normal 0 0 1
    outer loop
      vertex 87.5 40.8 6
      vertex 84.3 44 6
      vertex 87.5 -40.8 6
    endloop
  endfacet
  facet normal 0 0 1
    outer loop
      vertex 84.3 44 6
      vertex 87.4846 41.1137 6
      vertex 87.4385 41.4243 6
    endloop
  endfacet
  facet normal 0 0 1
    outer loop
      vertex 84.3 -44 6
      vertex 87.5 -40.8 6
      vertex 84.3 44 6
    endloop
  endfacet
  facet normal 0 0 1
    outer loop
      vertex 84.3 44 6
      vertex 87.4385 41.4243 6
      vertex 87.3622 41.7289 6
    endloop
  endfacet
  facet normal 0 0 1
    outer loop
      vertex 87.5 -40.8 6
      vertex 84.3 -44 6
      vertex 87.4846 -41.1137 6
    endloop
  endfacet
  facet normal 0 0 1
    outer loop
      vertex 84.3 44 6
      vertex 87.3622 41.7289 6
      vertex 87.2564 42.0246 6
    endloop
  endfacet
  facet normal 0 0 1
    outer loop
      vertex 87.4846 -41.1137 6
      vertex 84.3 -44 6
      vertex 87.4385 -41.4243 6
    endloop
  endfacet
  facet normal 0 0 1
    outer loop
      vertex 84.3 44 6
      vertex 87.2564 42.0246 6
      vertex 87.1221 42.3085 6
    endloop
  endfacet
  facet normal 0 0 1
    outer loop
      vertex 87.4385 -41.4243 6
      vertex 84.3 -44 6
      vertex 87.3622 -41.7289 6
    endloop
  endfacet
  facet normal 0 0 1
    outer loop
      vertex 84.3 44 6
      vertex 87.1221 42.3085 6
      vertex 86.9607 42.5778 6
    endloop
  endfacet
  facet normal 0 0 1
    outer loop
      vertex 87.3622 -41.7289 6
      vertex 84.3 -44 6
      vertex 87.2564 -42.0246 6
    endloop
  endfacet
  facet normal 0 0 1
    outer loop
      vertex 84.3 44 6
      vertex 86.9607 42.5778 6
      vertex 86.7736 42.8301 6
    endloop
  endfacet
  facet normal 0 0 1
    outer loop
      vertex 87.2564 -42.0246 6
      vertex 84.3 -44 6
      vertex 87.1221 -42.3085 6
    endloop
  endfacet
  facet normal 0 0 1
    outer loop
      vertex 84.3 44 6
      vertex 86.7736 42.8301 6
      vertex 86.5627 43.0627 6
    endloop
  endfacet
  facet normal 0 0 1
    outer loop
      vertex 87.1221 -42.3085 6
      vertex 84.3 -44 6
      vertex 86.9607 -42.5778 6
    endloop
  endfacet
  facet normal 0 0 1
    outer loop
      vertex 84.3 44 6
      vertex 86.5627 43.0627 6
      vertex 86.3301 43.2736 6
    endloop
  endfacet
  facet normal 0 0 1
    outer loop
      vertex 86.9607 -42.5778 6
      vertex 84.3 -44 6
      vertex 86.7736 -42.8301 6
    endloop
  endfacet
  facet normal 0 0 1
    outer loop
      vertex 84.3 44 6
      vertex 86.3301 43.2736 6
      vertex 86.0778 43.4607 6
    endloop
  endfacet
  facet normal 0 0 1
    outer loop
      vertex 86.7736 -42.8301 6
      vertex 84.3 -44 6
      vertex 86.5627 -43.0627 6
    endloop
  endfacet
  facet normal 0 0 1
    outer loop
      vertex 84.3 44 6
      vertex 86.0778 43.4607 6
      vertex 85.8085 43.6221 6
    endloop
  endfacet
  facet normal 0 0 1
    outer loop
      vertex 86.5627 -43.0627 6
      vertex 84.3 -44 6
      vertex 86.3301 -43.2736 6
    endloop
  endfacet
  facet normal 0 0 1
    outer loop
      vertex 84.3 44 6
      vertex 85.8085 43.6221 6
      vertex 85.5246 43.7564 6
    endloop
  endfacet
  facet normal 0 0 1
    outer loop
      vertex 86.3301 -43.2736 6
      vertex 84.3 -44 6
      vertex 86.0778 -43.4607 6
    endloop
  endfacet
  facet normal 0 0 1
    outer loop
      vertex 84.3 44 6
      vertex 85.5246 43.7564 6
      vertex 85.2289 43.8622 6
    endloop
  endfacet
  facet normal 0 0 1
    outer loop
      vertex 86.0778 -43.4607 6
      vertex 84.3 -44 6
      vertex 85.8085 -43.6221 6
    endloop
  endfacet
  facet normal 0 0 1
    outer loop
      vertex 84.3 44 6
      vertex 85.2289 43.8622 6
      vertex 84.9243 43.9385 6
    endloop
  endfacet
  facet normal 0 0 1
    outer loop
      vertex 85.8085 -43.6221 6
      vertex 84.3 -44 6
      vertex 85.5246 -43.7564 6
    endloop
  endfacet
  facet normal 0 0 1
    outer loop
      vertex 84.3 44 6
      vertex 84.9243 43.9385 6
      vertex 84.6137 43.9846 6
    endloop
  endfacet
  facet normal 0 0 1
    outer loop
      vertex 85.5246 -43.7564 6
      vertex 84.3 -44 6
      vertex 85.2289 -43.8622 6
    endloop
  endfacet
  facet normal 0 0 1
    outer loop
      vertex 85.2289 -43.8622 6
      vertex 84.3 -44 6
      vertex 84.9243 -43.9385 6
    endloop
  endfacet
  facet normal 0 0 1
    outer loop
      vertex 84.9243 -43.9385 6
      vertex 84.3 -44 6
      vertex 84.6137 -43.9846 6
    endloop
  endfacet
  facet normal -0 0 1
    outer loop
      vertex -84.3 44 6
      vertex 84.3 -44 6
      vertex 84.3 44 6
    endloop
  endfacet
  facet normal 0 0 1
    outer loop
      vertex -84.3 44 6
      vertex -84.3 -44 6
      vertex 84.3 -44 6
    endloop
  endfacet
  facet normal 0 0 1
    outer loop
      vertex -87.5 40.8 6
      vertex -84.3 44 6
      vertex -84.6137 43.9846 6
    endloop
  endfacet
  facet normal 0 0 1
    outer loop
      vertex -84.3 44 6
      vertex -87.5 40.8 6
      vertex -84.3 -44 6
    endloop
  endfacet
  facet normal 0 0 1
    outer loop
      vertex -87.5 40.8 6
      vertex -84.6137 43.9846 6
      vertex -84.9243 43.9385 6
    endloop
  endfacet
  facet normal -0 0 1
    outer loop
      vertex -87.5 -40.8 6
      vertex -84.3 -44 6
      vertex -87.5 40.8 6
    endloop
  endfacet
  facet normal 0 0 1
    outer loop
      vertex -87.5 40.8 6
      vertex -84.9243 43.9385 6
      vertex -85.2289 43.8622 6
    endloop
  endfacet
  facet normal 0 0 1
    outer loop
      vertex -84.3 -44 6
      vertex -87.5 -40.8 6
      vertex -84.6137 -43.9846 6
    endloop
  endfacet
  facet normal 0 0 1
    outer loop
      vertex -87.5 40.8 6
      vertex -85.2289 43.8622 6
      vertex -85.5246 43.7564 6
    endloop
  endfacet
  facet normal 0 0 1
    outer loop
      vertex -84.6137 -43.9846 6
      vertex -87.5 -40.8 6
      vertex -84.9243 -43.9385 6
    endloop
  endfacet
  facet normal 0 0 1
    outer loop
      vertex -87.5 40.8 6
      vertex -85.5246 43.7564 6
      vertex -85.8085 43.6221 6
    endloop
  endfacet
  facet normal 0 0 1
    outer loop
      vertex -84.9243 -43.9385 6
      vertex -87.5 -40.8 6
      vertex -85.2289 -43.8622 6
    endloop
  endfacet
  facet normal 0 0 1
    outer loop
      vertex -87.5 40.8 6
      vertex -85.8085 43.6221 6
      vertex -86.0778 43.4607 6
    endloop
  endfacet
  facet normal 0 0 1
    outer loop
      vertex -85.2289 -43.8622 6
      vertex -87.5 -40.8 6
      vertex -85.5246 -43.7564 6
    endloop
  endfacet
  facet normal 0 0 1
    outer loop
      vertex -87.5 40.8 6
      vertex -86.0778 43.4607 6
      vertex -86.3301 43.2736 6
    endloop
  endfacet
  facet normal 0 0 1
    outer loop
      vertex -85.5246 -43.7564 6
      vertex -87.5 -40.8 6
      vertex -85.8085 -43.6221 6
    endloop
  endfacet
  facet normal 0 0 1
    outer loop
      vertex -87.5 40.8 6
      vertex -86.3301 43.2736 6
      vertex -86.5627 43.0627 6
    endloop
  endfacet
  facet normal 0 0 1
    outer loop
      vertex -85.8085 -43.6221 6
      vertex -87.5 -40.8 6
      vertex -86.0778 -43.4607 6
    endloop
  endfacet
  facet normal 0 0 1
    outer loop
      vertex -87.5 40.8 6
      vertex -86.5627 43.0627 6
      vertex -86.7736 42.8301 6
    endloop
  endfacet
  facet normal 0 0 1
    outer loop
      vertex -86.0778 -43.4607 6
      vertex -87.5 -40.8 6
      vertex -86.3301 -43.2736 6
    endloop
  endfacet
  facet normal 0 0 1
    outer loop
      vertex -87.5 40.8 6
      vertex -86.7736 42.8301 6
      vertex -86.9607 42.5778 6
    endloop
  endfacet
  facet normal 0 0 1
    outer loop
      vertex -86.3301 -43.2736 6
      vertex -87.5 -40.8 6
      vertex -86.5627 -43.0627 6
    endloop
  endfacet
  facet normal 0 0 1
    outer loop
      vertex -87.5 40.8 6
      vertex -86.9607 42.5778 6
      vertex -87.1221 42.3085 6
    endloop
  endfacet
  facet normal 0 0 1
    outer loop
      vertex -86.5627 -43.0627 6
      vertex -87.5 -40.8 6
      vertex -86.7736 -42.8301 6
    endloop
  endfacet
  facet normal 0 0 1
    outer loop
      vertex -87.5 40.8 6
      vertex -87.1221 42.3085 6
      vertex -87.2564 42.0246 6
    endloop
  endfacet
  facet normal 0 0 1
    outer loop
      vertex -86.7736 -42.8301 6
      vertex -87.5 -40.8 6
      vertex -86.9607 -42.5778 6
    endloop
  endfacet
  facet normal 0 0 1
    outer loop
      vertex -87.5 40.8 6
      vertex -87.2564 42.0246 6
      vertex -87.3622 41.7289 6
    endloop
  endfacet
  facet normal 0 0 1
    outer loop
      vertex -86.9607 -42.5778 6
      vertex -87.5 -40.8 6
      vertex -87.1221 -42.3085 6
    endloop
  endfacet
  facet normal 0 0 1
    outer loop
      vertex -87.5 40.8 6
      vertex -87.3622 41.7289 6
      vertex -87.4385 41.4243 6
    endloop
  endfacet
  facet normal 0 0 1
    outer loop
      vertex -87.1221 -42.3085 6
      vertex -87.5 -40.8 6
      vertex -87.2564 -42.0246 6
    endloop
  endfacet
  facet normal 0 0 1
    outer loop
      vertex -87.5 40.8 6
      vertex -87.4385 41.4243 6
      vertex -87.4846 41.1137 6
    endloop
  endfacet
  facet normal 0 0 1
    outer loop
      vertex -87.2564 -42.0246 6
      vertex -87.5 -40.8 6
      vertex -87.3622 -41.7289 6
    endloop
  endfacet
  facet normal 0 0 1
    outer loop
      vertex -87.3622 -41.7289 6
      vertex -87.5 -40.8 6
      vertex -87.4385 -41.4243 6
    endloop
  endfacet
  facet normal 0 0 1
    outer loop
      vertex -87.4385 -41.4243 6
      vertex -87.5 -40.8 6
      vertex -87.4846 -41.1137 6
    endloop
  endfacet
  facet normal -0.336879 -0.941548 0
    outer loop
      vertex 88.5866 42.3806 22
      vertex 89.0486 42.2153 26
      vertex 88.5866 42.3806 26
    endloop
  endfacet
  facet normal -0.336879 -0.941548 -0
    outer loop
      vertex 89.0486 42.2153 26
      vertex 88.5866 42.3806 22
      vertex 89.0486 42.2153 22
    endloop
  endfacet
  facet normal 0.989177 0.146726 0
    outer loop
      vertex 95.4759 47.4901 26
      vertex 95.4039 47.9755 22
      vertex 95.4039 47.9755 26
    endloop
  endfacet
  facet normal 0.989177 0.146726 0
    outer loop
      vertex 95.4039 47.9755 22
      vertex 95.4759 47.4901 26
      vertex 95.4759 47.4901 22
    endloop
  endfacet
  facet normal 0.998793 0.0491143 0
    outer loop
      vertex 95.5 47 26
      vertex 95.4759 47.4901 22
      vertex 95.4759 47.4901 26
    endloop
  endfacet
  facet normal 0.998793 0.0491143 0
    outer loop
      vertex 95.4759 47.4901 22
      vertex 95.5 47 26
      vertex 95.5 47 22
    endloop
  endfacet
  facet normal 0.970034 0.242967 0
    outer loop
      vertex 95.4039 47.9755 26
      vertex 95.2847 48.4514 22
      vertex 95.2847 48.4514 26
    endloop
  endfacet
  facet normal 0.970034 0.242967 0
    outer loop
      vertex 95.2847 48.4514 22
      vertex 95.4039 47.9755 26
      vertex 95.4039 47.9755 22
    endloop
  endfacet
  facet normal -0.989177 0.146726 0
    outer loop
      vertex 85.5241 47.4901 22
      vertex 85.5961 47.9755 26
      vertex 85.5961 47.9755 22
    endloop
  endfacet
  facet normal -0.989177 0.146726 0
    outer loop
      vertex 85.5961 47.9755 26
      vertex 85.5241 47.4901 22
      vertex 85.5241 47.4901 26
    endloop
  endfacet
  facet normal -0.242919 -0.970047 0
    outer loop
      vertex 89.0486 42.2153 22
      vertex 89.5246 42.0961 26
      vertex 89.0486 42.2153 26
    endloop
  endfacet
  facet normal -0.242919 -0.970047 -0
    outer loop
      vertex 89.5246 42.0961 26
      vertex 89.0486 42.2153 22
      vertex 89.5246 42.0961 22
    endloop
  endfacet
  facet normal 0.336879 0.941548 -0
    outer loop
      vertex 92.4134 51.6194 22
      vertex 91.9514 51.7847 26
      vertex 92.4134 51.6194 26
    endloop
  endfacet
  facet normal 0.336879 0.941548 0
    outer loop
      vertex 91.9514 51.7847 26
      vertex 92.4134 51.6194 22
      vertex 91.9514 51.7847 22
    endloop
  endfacet
  facet normal -0.514136 0.857709 0
    outer loop
      vertex 88.143 51.4096 22
      vertex 87.7221 51.1573 26
      vertex 88.143 51.4096 26
    endloop
  endfacet
  facet normal -0.514136 0.857709 0
    outer loop
      vertex 87.7221 51.1573 26
      vertex 88.143 51.4096 22
      vertex 87.7221 51.1573 22
    endloop
  endfacet
  facet normal -0.903995 -0.427543 0
    outer loop
      vertex 86.0904 44.643 22
      vertex 85.8806 45.0866 26
      vertex 85.8806 45.0866 22
    endloop
  endfacet
  facet normal -0.903995 -0.427543 0
    outer loop
      vertex 85.8806 45.0866 26
      vertex 86.0904 44.643 22
      vertex 86.0904 44.643 26
    endloop
  endfacet
  facet normal -0.242919 0.970047 0
    outer loop
      vertex 89.5246 51.9039 22
      vertex 89.0486 51.7847 26
      vertex 89.5246 51.9039 26
    endloop
  endfacet
  facet normal -0.242919 0.970047 0
    outer loop
      vertex 89.0486 51.7847 26
      vertex 89.5246 51.9039 22
      vertex 89.0486 51.7847 22
    endloop
  endfacet
  facet normal -0.857709 -0.514136 0
    outer loop
      vertex 86.3427 44.2221 22
      vertex 86.0904 44.643 26
      vertex 86.0904 44.643 22
    endloop
  endfacet
  facet normal -0.857709 -0.514136 0
    outer loop
      vertex 86.0904 44.643 26
      vertex 86.3427 44.2221 22
      vertex 86.3427 44.2221 26
    endloop
  endfacet
  facet normal 0.242919 -0.970047 0
    outer loop
      vertex 91.4754 42.0961 22
      vertex 91.9514 42.2153 26
      vertex 91.4754 42.0961 26
    endloop
  endfacet
  facet normal 0.242919 -0.970047 0
    outer loop
      vertex 91.9514 42.2153 26
      vertex 91.4754 42.0961 22
      vertex 91.9514 42.2153 22
    endloop
  endfacet
  facet normal -0.595588 -0.80329 0
    outer loop
      vertex 87.328 43.1349 22
      vertex 87.7221 42.8427 26
      vertex 87.328 43.1349 26
    endloop
  endfacet
  facet normal -0.595588 -0.80329 -0
    outer loop
      vertex 87.7221 42.8427 26
      vertex 87.328 43.1349 22
      vertex 87.7221 42.8427 22
    endloop
  endfacet
  facet normal 0.514226 -0.857655 0
    outer loop
      vertex 92.857 42.5904 22
      vertex 93.2778 42.8427 26
      vertex 92.857 42.5904 26
    endloop
  endfacet
  facet normal 0.514226 -0.857655 0
    outer loop
      vertex 93.2778 42.8427 26
      vertex 92.857 42.5904 22
      vertex 93.2778 42.8427 22
    endloop
  endfacet
  facet normal 0.80329 -0.595588 0
    outer loop
      vertex 94.3651 43.828 26
      vertex 94.6573 44.2221 22
      vertex 94.6573 44.2221 26
    endloop
  endfacet
  facet normal 0.80329 -0.595588 0
    outer loop
      vertex 94.6573 44.2221 22
      vertex 94.3651 43.828 26
      vertex 94.3651 43.828 22
    endloop
  endfacet
  facet normal 0.146755 0.989173 -0
    outer loop
      vertex 91.4754 51.9039 22
      vertex 90.9901 51.9759 26
      vertex 91.4754 51.9039 26
    endloop
  endfacet
  facet normal 0.146755 0.989173 0
    outer loop
      vertex 90.9901 51.9759 26
      vertex 91.4754 51.9039 22
      vertex 90.9901 51.9759 22
    endloop
  endfacet
  facet normal -0.595588 0.80329 0
    outer loop
      vertex 87.7221 51.1573 22
      vertex 87.328 50.8651 26
      vertex 87.7221 51.1573 26
    endloop
  endfacet
  facet normal -0.595588 0.80329 0
    outer loop
      vertex 87.328 50.8651 26
      vertex 87.7221 51.1573 22
      vertex 87.328 50.8651 22
    endloop
  endfacet
  facet normal -0.80329 0.595588 0
    outer loop
      vertex 86.3427 49.7779 22
      vertex 86.6349 50.172 26
      vertex 86.6349 50.172 22
    endloop
  endfacet
  facet normal -0.80329 0.595588 0
    outer loop
      vertex 86.6349 50.172 26
      vertex 86.3427 49.7779 22
      vertex 86.3427 49.7779 26
    endloop
  endfacet
  facet normal 0.989177 -0.146726 0
    outer loop
      vertex 95.4039 46.0245 26
      vertex 95.4759 46.5099 22
      vertex 95.4759 46.5099 26
    endloop
  endfacet
  facet normal 0.989177 -0.146726 0
    outer loop
      vertex 95.4759 46.5099 22
      vertex 95.4039 46.0245 26
      vertex 95.4039 46.0245 22
    endloop
  endfacet
  facet normal -0.941548 0.336879 0
    outer loop
      vertex 85.7153 48.4514 22
      vertex 85.8806 48.9134 26
      vertex 85.8806 48.9134 22
    endloop
  endfacet
  facet normal -0.941548 0.336879 0
    outer loop
      vertex 85.8806 48.9134 26
      vertex 85.7153 48.4514 22
      vertex 85.7153 48.4514 26
    endloop
  endfacet
  facet normal 0.427543 0.903995 -0
    outer loop
      vertex 92.857 51.4096 22
      vertex 92.4134 51.6194 26
      vertex 92.857 51.4096 26
    endloop
  endfacet
  facet normal 0.427543 0.903995 0
    outer loop
      vertex 92.4134 51.6194 26
      vertex 92.857 51.4096 22
      vertex 92.4134 51.6194 22
    endloop
  endfacet
  facet normal -0.941548 -0.336879 0
    outer loop
      vertex 85.8806 45.0866 22
      vertex 85.7153 45.5486 26
      vertex 85.7153 45.5486 22
    endloop
  endfacet
  facet normal -0.941548 -0.336879 0
    outer loop
      vertex 85.7153 45.5486 26
      vertex 85.8806 45.0866 22
      vertex 85.8806 45.0866 26
    endloop
  endfacet
  facet normal 0.970034 -0.242967 0
    outer loop
      vertex 95.2847 45.5486 26
      vertex 95.4039 46.0245 22
      vertex 95.4039 46.0245 26
    endloop
  endfacet
  facet normal 0.970034 -0.242967 0
    outer loop
      vertex 95.4039 46.0245 22
      vertex 95.2847 45.5486 26
      vertex 95.2847 45.5486 22
    endloop
  endfacet
  facet normal -0.0491143 0.998793 0
    outer loop
      vertex 90.5 52 22
      vertex 90.0099 51.9759 26
      vertex 90.5 52 26
    endloop
  endfacet
  facet normal -0.0491143 0.998793 0
    outer loop
      vertex 90.0099 51.9759 26
      vertex 90.5 52 22
      vertex 90.0099 51.9759 22
    endloop
  endfacet
  facet normal 0.671719 0.740806 -0
    outer loop
      vertex 94.0355 50.5355 22
      vertex 93.672 50.8651 26
      vertex 94.0355 50.5355 26
    endloop
  endfacet
  facet normal 0.671719 0.740806 0
    outer loop
      vertex 93.672 50.8651 26
      vertex 94.0355 50.5355 22
      vertex 93.672 50.8651 22
    endloop
  endfacet
  facet normal -0.427543 0.903995 0
    outer loop
      vertex 88.5866 51.6194 22
      vertex 88.143 51.4096 26
      vertex 88.5866 51.6194 26
    endloop
  endfacet
  facet normal -0.427543 0.903995 0
    outer loop
      vertex 88.143 51.4096 26
      vertex 88.5866 51.6194 22
      vertex 88.143 51.4096 22
    endloop
  endfacet
  facet normal -0.671719 0.740806 0
    outer loop
      vertex 87.328 50.8651 22
      vertex 86.9645 50.5355 26
      vertex 87.328 50.8651 26
    endloop
  endfacet
  facet normal -0.671719 0.740806 0
    outer loop
      vertex 86.9645 50.5355 26
      vertex 87.328 50.8651 22
      vertex 86.9645 50.5355 22
    endloop
  endfacet
  facet normal 0.336879 -0.941548 0
    outer loop
      vertex 91.9514 42.2153 22
      vertex 92.4134 42.3806 26
      vertex 91.9514 42.2153 26
    endloop
  endfacet
  facet normal 0.336879 -0.941548 0
    outer loop
      vertex 92.4134 42.3806 26
      vertex 91.9514 42.2153 22
      vertex 92.4134 42.3806 22
    endloop
  endfacet
  facet normal -0.336879 0.941548 0
    outer loop
      vertex 89.0486 51.7847 22
      vertex 88.5866 51.6194 26
      vertex 89.0486 51.7847 26
    endloop
  endfacet
  facet normal -0.336879 0.941548 0
    outer loop
      vertex 88.5866 51.6194 26
      vertex 89.0486 51.7847 22
      vertex 88.5866 51.6194 22
    endloop
  endfacet
  facet normal 0.80329 0.595588 0
    outer loop
      vertex 94.6573 49.7779 26
      vertex 94.3651 50.172 22
      vertex 94.3651 50.172 26
    endloop
  endfacet
  facet normal 0.80329 0.595588 0
    outer loop
      vertex 94.3651 50.172 22
      vertex 94.6573 49.7779 26
      vertex 94.6573 49.7779 22
    endloop
  endfacet
  facet normal -0.857709 0.514136 0
    outer loop
      vertex 86.0904 49.357 22
      vertex 86.3427 49.7779 26
      vertex 86.3427 49.7779 22
    endloop
  endfacet
  facet normal -0.857709 0.514136 0
    outer loop
      vertex 86.3427 49.7779 26
      vertex 86.0904 49.357 22
      vertex 86.0904 49.357 26
    endloop
  endfacet
  facet normal 0.998793 -0.0491143 0
    outer loop
      vertex 95.4759 46.5099 26
      vertex 95.5 47 22
      vertex 95.5 47 26
    endloop
  endfacet
  facet normal 0.998793 -0.0491143 0
    outer loop
      vertex 95.5 47 22
      vertex 95.4759 46.5099 26
      vertex 95.4759 46.5099 22
    endloop
  endfacet
  facet normal 0.903995 -0.427543 0
    outer loop
      vertex 94.9096 44.643 26
      vertex 95.1194 45.0866 22
      vertex 95.1194 45.0866 26
    endloop
  endfacet
  facet normal 0.903995 -0.427543 0
    outer loop
      vertex 95.1194 45.0866 22
      vertex 94.9096 44.643 26
      vertex 94.9096 44.643 22
    endloop
  endfacet
  facet normal 0 0 1
    outer loop
      vertex 95.4759 47.4901 26
      vertex 95.4759 46.5099 26
      vertex 95.5 47 26
    endloop
  endfacet
  facet normal 0 0 1
    outer loop
      vertex 95.4039 47.9755 26
      vertex 95.4759 46.5099 26
      vertex 95.4759 47.4901 26
    endloop
  endfacet
  facet normal 0 0 1
    outer loop
      vertex 95.4039 47.9755 26
      vertex 95.4039 46.0245 26
      vertex 95.4759 46.5099 26
    endloop
  endfacet
  facet normal 0 0 1
    outer loop
      vertex 95.2847 48.4514 26
      vertex 95.4039 46.0245 26
      vertex 95.4039 47.9755 26
    endloop
  endfacet
  facet normal 0 0 1
    outer loop
      vertex 95.2847 48.4514 26
      vertex 95.2847 45.5486 26
      vertex 95.4039 46.0245 26
    endloop
  endfacet
  facet normal 0 0 1
    outer loop
      vertex 95.1194 48.9134 26
      vertex 95.2847 45.5486 26
      vertex 95.2847 48.4514 26
    endloop
  endfacet
  facet normal 0 0 1
    outer loop
      vertex 95.1194 48.9134 26
      vertex 95.1194 45.0866 26
      vertex 95.2847 45.5486 26
    endloop
  endfacet
  facet normal 0 0 1
    outer loop
      vertex 94.9096 49.357 26
      vertex 95.1194 45.0866 26
      vertex 95.1194 48.9134 26
    endloop
  endfacet
  facet normal 0 0 1
    outer loop
      vertex 94.9096 49.357 26
      vertex 94.9096 44.643 26
      vertex 95.1194 45.0866 26
    endloop
  endfacet
  facet normal 0 0 1
    outer loop
      vertex 94.6573 49.7779 26
      vertex 94.9096 44.643 26
      vertex 94.9096 49.357 26
    endloop
  endfacet
  facet normal 0 0 1
    outer loop
      vertex 94.6573 49.7779 26
      vertex 94.6573 44.2221 26
      vertex 94.9096 44.643 26
    endloop
  endfacet
  facet normal 0 0 1
    outer loop
      vertex 94.3651 50.172 26
      vertex 94.6573 44.2221 26
      vertex 94.6573 49.7779 26
    endloop
  endfacet
  facet normal 0 0 1
    outer loop
      vertex 94.3651 50.172 26
      vertex 94.3651 43.828 26
      vertex 94.6573 44.2221 26
    endloop
  endfacet
  facet normal 0 0 1
    outer loop
      vertex 94.0355 50.5355 26
      vertex 94.3651 43.828 26
      vertex 94.3651 50.172 26
    endloop
  endfacet
  facet normal 0 0 1
    outer loop
      vertex 94.0355 50.5355 26
      vertex 94.0355 43.4645 26
      vertex 94.3651 43.828 26
    endloop
  endfacet
  facet normal 0 0 1
    outer loop
      vertex 93.672 50.8651 26
      vertex 94.0355 43.4645 26
      vertex 94.0355 50.5355 26
    endloop
  endfacet
  facet normal 0 0 1
    outer loop
      vertex 93.672 50.8651 26
      vertex 93.672 43.1349 26
      vertex 94.0355 43.4645 26
    endloop
  endfacet
  facet normal 0 0 1
    outer loop
      vertex 93.2778 51.1573 26
      vertex 93.672 43.1349 26
      vertex 93.672 50.8651 26
    endloop
  endfacet
  facet normal 0 0 1
    outer loop
      vertex 93.2778 51.1573 26
      vertex 93.2778 42.8427 26
      vertex 93.672 43.1349 26
    endloop
  endfacet
  facet normal 0 0 1
    outer loop
      vertex 92.857 51.4096 26
      vertex 93.2778 42.8427 26
      vertex 93.2778 51.1573 26
    endloop
  endfacet
  facet normal 0 0 1
    outer loop
      vertex 92.857 51.4096 26
      vertex 92.857 42.5904 26
      vertex 93.2778 42.8427 26
    endloop
  endfacet
  facet normal 0 0 1
    outer loop
      vertex 92.4134 51.6194 26
      vertex 92.857 42.5904 26
      vertex 92.857 51.4096 26
    endloop
  endfacet
  facet normal 0 0 1
    outer loop
      vertex 92.4134 51.6194 26
      vertex 92.4134 42.3806 26
      vertex 92.857 42.5904 26
    endloop
  endfacet
  facet normal 0 0 1
    outer loop
      vertex 91.9514 51.7847 26
      vertex 92.4134 42.3806 26
      vertex 92.4134 51.6194 26
    endloop
  endfacet
  facet normal 0 0 1
    outer loop
      vertex 91.9514 51.7847 26
      vertex 91.9514 42.2153 26
      vertex 92.4134 42.3806 26
    endloop
  endfacet
  facet normal 0 0 1
    outer loop
      vertex 91.4754 51.9039 26
      vertex 91.9514 42.2153 26
      vertex 91.9514 51.7847 26
    endloop
  endfacet
  facet normal 0 0 1
    outer loop
      vertex 91.4754 51.9039 26
      vertex 91.4754 42.0961 26
      vertex 91.9514 42.2153 26
    endloop
  endfacet
  facet normal 0 0 1
    outer loop
      vertex 90.9901 51.9759 26
      vertex 91.4754 42.0961 26
      vertex 91.4754 51.9039 26
    endloop
  endfacet
  facet normal 0 0 1
    outer loop
      vertex 90.9901 51.9759 26
      vertex 90.9901 42.0241 26
      vertex 91.4754 42.0961 26
    endloop
  endfacet
  facet normal 0 0 1
    outer loop
      vertex 90.5 52 26
      vertex 90.9901 42.0241 26
      vertex 90.9901 51.9759 26
    endloop
  endfacet
  facet normal 0 0 1
    outer loop
      vertex 90.5 52 26
      vertex 90.5 42 26
      vertex 90.9901 42.0241 26
    endloop
  endfacet
  facet normal -0 0 1
    outer loop
      vertex 90.0099 51.9759 26
      vertex 90.5 42 26
      vertex 90.5 52 26
    endloop
  endfacet
  facet normal 0 0 1
    outer loop
      vertex 90.0099 51.9759 26
      vertex 90.0099 42.0241 26
      vertex 90.5 42 26
    endloop
  endfacet
  facet normal -0 0 1
    outer loop
      vertex 89.5246 51.9039 26
      vertex 90.0099 42.0241 26
      vertex 90.0099 51.9759 26
    endloop
  endfacet
  facet normal 0 0 1
    outer loop
      vertex 89.5246 51.9039 26
      vertex 89.5246 42.0961 26
      vertex 90.0099 42.0241 26
    endloop
  endfacet
  facet normal -0 0 1
    outer loop
      vertex 89.0486 51.7847 26
      vertex 89.5246 42.0961 26
      vertex 89.5246 51.9039 26
    endloop
  endfacet
  facet normal 0 0 1
    outer loop
      vertex 89.0486 51.7847 26
      vertex 89.0486 42.2153 26
      vertex 89.5246 42.0961 26
    endloop
  endfacet
  facet normal -0 0 1
    outer loop
      vertex 88.5866 51.6194 26
      vertex 89.0486 42.2153 26
      vertex 89.0486 51.7847 26
    endloop
  endfacet
  facet normal 0 0 1
    outer loop
      vertex 88.5866 51.6194 26
      vertex 88.5866 42.3806 26
      vertex 89.0486 42.2153 26
    endloop
  endfacet
  facet normal -0 0 1
    outer loop
      vertex 88.143 51.4096 26
      vertex 88.5866 42.3806 26
      vertex 88.5866 51.6194 26
    endloop
  endfacet
  facet normal 0 0 1
    outer loop
      vertex 88.143 51.4096 26
      vertex 88.143 42.5904 26
      vertex 88.5866 42.3806 26
    endloop
  endfacet
  facet normal -0 0 1
    outer loop
      vertex 87.7221 51.1573 26
      vertex 88.143 42.5904 26
      vertex 88.143 51.4096 26
    endloop
  endfacet
  facet normal 0 0 1
    outer loop
      vertex 87.7221 51.1573 26
      vertex 87.7221 42.8427 26
      vertex 88.143 42.5904 26
    endloop
  endfacet
  facet normal -0 0 1
    outer loop
      vertex 87.328 50.8651 26
      vertex 87.7221 42.8427 26
      vertex 87.7221 51.1573 26
    endloop
  endfacet
  facet normal 0 0 1
    outer loop
      vertex 87.328 50.8651 26
      vertex 87.328 43.1349 26
      vertex 87.7221 42.8427 26
    endloop
  endfacet
  facet normal -0 0 1
    outer loop
      vertex 86.9645 50.5355 26
      vertex 87.328 43.1349 26
      vertex 87.328 50.8651 26
    endloop
  endfacet
  facet normal 0 0 1
    outer loop
      vertex 86.9645 50.5355 26
      vertex 86.9645 43.4645 26
      vertex 87.328 43.1349 26
    endloop
  endfacet
  facet normal -0 0 1
    outer loop
      vertex 86.6349 50.172 26
      vertex 86.9645 43.4645 26
      vertex 86.9645 50.5355 26
    endloop
  endfacet
  facet normal 0 0 1
    outer loop
      vertex 86.6349 50.172 26
      vertex 86.6349 43.828 26
      vertex 86.9645 43.4645 26
    endloop
  endfacet
  facet normal -0 0 1
    outer loop
      vertex 86.3427 49.7779 26
      vertex 86.6349 43.828 26
      vertex 86.6349 50.172 26
    endloop
  endfacet
  facet normal 0 0 1
    outer loop
      vertex 86.3427 49.7779 26
      vertex 86.3427 44.2221 26
      vertex 86.6349 43.828 26
    endloop
  endfacet
  facet normal -0 0 1
    outer loop
      vertex 86.0904 49.357 26
      vertex 86.3427 44.2221 26
      vertex 86.3427 49.7779 26
    endloop
  endfacet
  facet normal 0 0 1
    outer loop
      vertex 86.0904 49.357 26
      vertex 86.0904 44.643 26
      vertex 86.3427 44.2221 26
    endloop
  endfacet
  facet normal -0 0 1
    outer loop
      vertex 85.8806 48.9134 26
      vertex 86.0904 44.643 26
      vertex 86.0904 49.357 26
    endloop
  endfacet
  facet normal 0 0 1
    outer loop
      vertex 85.8806 48.9134 26
      vertex 85.8806 45.0866 26
      vertex 86.0904 44.643 26
    endloop
  endfacet
  facet normal -0 0 1
    outer loop
      vertex 85.7153 48.4514 26
      vertex 85.8806 45.0866 26
      vertex 85.8806 48.9134 26
    endloop
  endfacet
  facet normal 0 0 1
    outer loop
      vertex 85.7153 48.4514 26
      vertex 85.7153 45.5486 26
      vertex 85.8806 45.0866 26
    endloop
  endfacet
  facet normal -0 0 1
    outer loop
      vertex 85.5961 47.9755 26
      vertex 85.7153 45.5486 26
      vertex 85.7153 48.4514 26
    endloop
  endfacet
  facet normal 0 0 1
    outer loop
      vertex 85.5961 47.9755 26
      vertex 85.5961 46.0245 26
      vertex 85.7153 45.5486 26
    endloop
  endfacet
  facet normal -0 0 1
    outer loop
      vertex 85.5241 47.4901 26
      vertex 85.5961 46.0245 26
      vertex 85.5961 47.9755 26
    endloop
  endfacet
  facet normal 0 0 1
    outer loop
      vertex 85.5241 47.4901 26
      vertex 85.5241 46.5099 26
      vertex 85.5961 46.0245 26
    endloop
  endfacet
  facet normal 0 -0 1
    outer loop
      vertex 85.5241 46.5099 26
      vertex 85.5241 47.4901 26
      vertex 85.5 47 26
    endloop
  endfacet
  facet normal -0.671719 -0.740806 0
    outer loop
      vertex 86.9645 43.4645 22
      vertex 87.328 43.1349 26
      vertex 86.9645 43.4645 26
    endloop
  endfacet
  facet normal -0.671719 -0.740806 -0
    outer loop
      vertex 87.328 43.1349 26
      vertex 86.9645 43.4645 22
      vertex 87.328 43.1349 22
    endloop
  endfacet
  facet normal 0.595491 0.803362 -0
    outer loop
      vertex 93.672 50.8651 22
      vertex 93.2778 51.1573 26
      vertex 93.672 50.8651 26
    endloop
  endfacet
  facet normal 0.595491 0.803362 0
    outer loop
      vertex 93.2778 51.1573 26
      vertex 93.672 50.8651 22
      vertex 93.2778 51.1573 22
    endloop
  endfacet
  facet normal -0.514136 -0.857709 0
    outer loop
      vertex 87.7221 42.8427 22
      vertex 88.143 42.5904 26
      vertex 87.7221 42.8427 26
    endloop
  endfacet
  facet normal -0.514136 -0.857709 -0
    outer loop
      vertex 88.143 42.5904 26
      vertex 87.7221 42.8427 22
      vertex 88.143 42.5904 22
    endloop
  endfacet
  facet normal 0.514226 0.857655 -0
    outer loop
      vertex 93.2778 51.1573 22
      vertex 92.857 51.4096 26
      vertex 93.2778 51.1573 26
    endloop
  endfacet
  facet normal 0.514226 0.857655 0
    outer loop
      vertex 92.857 51.4096 26
      vertex 93.2778 51.1573 22
      vertex 92.857 51.4096 22
    endloop
  endfacet
  facet normal 0.146755 -0.989173 0
    outer loop
      vertex 90.9901 42.0241 22
      vertex 91.4754 42.0961 26
      vertex 90.9901 42.0241 26
    endloop
  endfacet
  facet normal 0.146755 -0.989173 0
    outer loop
      vertex 91.4754 42.0961 26
      vertex 90.9901 42.0241 22
      vertex 91.4754 42.0961 22
    endloop
  endfacet
  facet normal 0.941548 0.336879 0
    outer loop
      vertex 95.2847 48.4514 26
      vertex 95.1194 48.9134 22
      vertex 95.1194 48.9134 26
    endloop
  endfacet
  facet normal 0.941548 0.336879 0
    outer loop
      vertex 95.1194 48.9134 22
      vertex 95.2847 48.4514 26
      vertex 95.2847 48.4514 22
    endloop
  endfacet
  facet normal 0.857709 -0.514136 0
    outer loop
      vertex 94.6573 44.2221 26
      vertex 94.9096 44.643 22
      vertex 94.9096 44.643 26
    endloop
  endfacet
  facet normal 0.857709 -0.514136 0
    outer loop
      vertex 94.9096 44.643 22
      vertex 94.6573 44.2221 26
      vertex 94.6573 44.2221 22
    endloop
  endfacet
  facet normal -0.998793 -0.0491143 0
    outer loop
      vertex 85.5241 46.5099 22
      vertex 85.5 47 26
      vertex 85.5 47 22
    endloop
  endfacet
  facet normal -0.998793 -0.0491143 0
    outer loop
      vertex 85.5 47 26
      vertex 85.5241 46.5099 22
      vertex 85.5241 46.5099 26
    endloop
  endfacet
  facet normal 0.941548 -0.336879 0
    outer loop
      vertex 95.1194 45.0866 26
      vertex 95.2847 45.5486 22
      vertex 95.2847 45.5486 26
    endloop
  endfacet
  facet normal 0.941548 -0.336879 0
    outer loop
      vertex 95.2847 45.5486 22
      vertex 95.1194 45.0866 26
      vertex 95.1194 45.0866 22
    endloop
  endfacet
  facet normal 0.740806 0.671719 0
    outer loop
      vertex 94.3651 50.172 26
      vertex 94.0355 50.5355 22
      vertex 94.0355 50.5355 26
    endloop
  endfacet
  facet normal 0.740806 0.671719 0
    outer loop
      vertex 94.0355 50.5355 22
      vertex 94.3651 50.172 26
      vertex 94.3651 50.172 22
    endloop
  endfacet
  facet normal 0.0491143 0.998793 -0
    outer loop
      vertex 90.9901 51.9759 22
      vertex 90.5 52 26
      vertex 90.9901 51.9759 26
    endloop
  endfacet
  facet normal 0.0491143 0.998793 0
    outer loop
      vertex 90.5 52 26
      vertex 90.9901 51.9759 22
      vertex 90.5 52 22
    endloop
  endfacet
  facet normal 0.903995 0.427543 0
    outer loop
      vertex 95.1194 48.9134 26
      vertex 94.9096 49.357 22
      vertex 94.9096 49.357 26
    endloop
  endfacet
  facet normal 0.903995 0.427543 0
    outer loop
      vertex 94.9096 49.357 22
      vertex 95.1194 48.9134 26
      vertex 95.1194 48.9134 22
    endloop
  endfacet
  facet normal -0.146755 -0.989173 0
    outer loop
      vertex 89.5246 42.0961 22
      vertex 90.0099 42.0241 26
      vertex 89.5246 42.0961 26
    endloop
  endfacet
  facet normal -0.146755 -0.989173 -0
    outer loop
      vertex 90.0099 42.0241 26
      vertex 89.5246 42.0961 22
      vertex 90.0099 42.0241 22
    endloop
  endfacet
  facet normal 0.671719 -0.740806 0
    outer loop
      vertex 93.672 43.1349 22
      vertex 94.0355 43.4645 26
      vertex 93.672 43.1349 26
    endloop
  endfacet
  facet normal 0.671719 -0.740806 0
    outer loop
      vertex 94.0355 43.4645 26
      vertex 93.672 43.1349 22
      vertex 94.0355 43.4645 22
    endloop
  endfacet
  facet normal 0.857709 0.514136 0
    outer loop
      vertex 94.9096 49.357 26
      vertex 94.6573 49.7779 22
      vertex 94.6573 49.7779 26
    endloop
  endfacet
  facet normal 0.857709 0.514136 0
    outer loop
      vertex 94.6573 49.7779 22
      vertex 94.9096 49.357 26
      vertex 94.9096 49.357 22
    endloop
  endfacet
  facet normal -0.0491143 -0.998793 0
    outer loop
      vertex 90.0099 42.0241 22
      vertex 90.5 42 26
      vertex 90.0099 42.0241 26
    endloop
  endfacet
  facet normal -0.0491143 -0.998793 -0
    outer loop
      vertex 90.5 42 26
      vertex 90.0099 42.0241 22
      vertex 90.5 42 22
    endloop
  endfacet
  facet normal -0.740806 0.671719 0
    outer loop
      vertex 86.6349 50.172 22
      vertex 86.9645 50.5355 26
      vertex 86.9645 50.5355 22
    endloop
  endfacet
  facet normal -0.740806 0.671719 0
    outer loop
      vertex 86.9645 50.5355 26
      vertex 86.6349 50.172 22
      vertex 86.6349 50.172 26
    endloop
  endfacet
  facet normal -0.146755 0.989173 0
    outer loop
      vertex 90.0099 51.9759 22
      vertex 89.5246 51.9039 26
      vertex 90.0099 51.9759 26
    endloop
  endfacet
  facet normal -0.146755 0.989173 0
    outer loop
      vertex 89.5246 51.9039 26
      vertex 90.0099 51.9759 22
      vertex 89.5246 51.9039 22
    endloop
  endfacet
  facet normal -0.903995 0.427543 0
    outer loop
      vertex 85.8806 48.9134 22
      vertex 86.0904 49.357 26
      vertex 86.0904 49.357 22
    endloop
  endfacet
  facet normal -0.903995 0.427543 0
    outer loop
      vertex 86.0904 49.357 26
      vertex 85.8806 48.9134 22
      vertex 85.8806 48.9134 26
    endloop
  endfacet
  facet normal -0.970034 0.242967 0
    outer loop
      vertex 85.5961 47.9755 22
      vertex 85.7153 48.4514 26
      vertex 85.7153 48.4514 22
    endloop
  endfacet
  facet normal -0.970034 0.242967 0
    outer loop
      vertex 85.7153 48.4514 26
      vertex 85.5961 47.9755 22
      vertex 85.5961 47.9755 26
    endloop
  endfacet
  facet normal 0.242919 0.970047 -0
    outer loop
      vertex 91.9514 51.7847 22
      vertex 91.4754 51.9039 26
      vertex 91.9514 51.7847 26
    endloop
  endfacet
  facet normal 0.242919 0.970047 0
    outer loop
      vertex 91.4754 51.9039 26
      vertex 91.9514 51.7847 22
      vertex 91.4754 51.9039 22
    endloop
  endfacet
  facet normal -0.970034 -0.242967 0
    outer loop
      vertex 85.7153 45.5486 22
      vertex 85.5961 46.0245 26
      vertex 85.5961 46.0245 22
    endloop
  endfacet
  facet normal -0.970034 -0.242967 0
    outer loop
      vertex 85.5961 46.0245 26
      vertex 85.7153 45.5486 22
      vertex 85.7153 45.5486 26
    endloop
  endfacet
  facet normal -0.427543 -0.903995 0
    outer loop
      vertex 88.143 42.5904 22
      vertex 88.5866 42.3806 26
      vertex 88.143 42.5904 26
    endloop
  endfacet
  facet normal -0.427543 -0.903995 -0
    outer loop
      vertex 88.5866 42.3806 26
      vertex 88.143 42.5904 22
      vertex 88.5866 42.3806 22
    endloop
  endfacet
  facet normal -0.740806 -0.671719 0
    outer loop
      vertex 86.9645 43.4645 22
      vertex 86.6349 43.828 26
      vertex 86.6349 43.828 22
    endloop
  endfacet
  facet normal -0.740806 -0.671719 0
    outer loop
      vertex 86.6349 43.828 26
      vertex 86.9645 43.4645 22
      vertex 86.9645 43.4645 26
    endloop
  endfacet
  facet normal 0.427543 -0.903995 0
    outer loop
      vertex 92.4134 42.3806 22
      vertex 92.857 42.5904 26
      vertex 92.4134 42.3806 26
    endloop
  endfacet
  facet normal 0.427543 -0.903995 0
    outer loop
      vertex 92.857 42.5904 26
      vertex 92.4134 42.3806 22
      vertex 92.857 42.5904 22
    endloop
  endfacet
  facet normal 0.0491143 -0.998793 0
    outer loop
      vertex 90.5 42 22
      vertex 90.9901 42.0241 26
      vertex 90.5 42 26
    endloop
  endfacet
  facet normal 0.0491143 -0.998793 0
    outer loop
      vertex 90.9901 42.0241 26
      vertex 90.5 42 22
      vertex 90.9901 42.0241 22
    endloop
  endfacet
  facet normal -0.989177 -0.146726 0
    outer loop
      vertex 85.5961 46.0245 22
      vertex 85.5241 46.5099 26
      vertex 85.5241 46.5099 22
    endloop
  endfacet
  facet normal -0.989177 -0.146726 0
    outer loop
      vertex 85.5241 46.5099 26
      vertex 85.5961 46.0245 22
      vertex 85.5961 46.0245 26
    endloop
  endfacet
  facet normal 0.595491 -0.803362 0
    outer loop
      vertex 93.2778 42.8427 22
      vertex 93.672 43.1349 26
      vertex 93.2778 42.8427 26
    endloop
  endfacet
  facet normal 0.595491 -0.803362 0
    outer loop
      vertex 93.672 43.1349 26
      vertex 93.2778 42.8427 22
      vertex 93.672 43.1349 22
    endloop
  endfacet
  facet normal -0.80329 -0.595588 0
    outer loop
      vertex 86.6349 43.828 22
      vertex 86.3427 44.2221 26
      vertex 86.3427 44.2221 22
    endloop
  endfacet
  facet normal -0.80329 -0.595588 0
    outer loop
      vertex 86.3427 44.2221 26
      vertex 86.6349 43.828 22
      vertex 86.6349 43.828 26
    endloop
  endfacet
  facet normal -0.998793 0.0491143 0
    outer loop
      vertex 85.5 47 22
      vertex 85.5241 47.4901 26
      vertex 85.5241 47.4901 22
    endloop
  endfacet
  facet normal -0.998793 0.0491143 0
    outer loop
      vertex 85.5241 47.4901 26
      vertex 85.5 47 22
      vertex 85.5 47 26
    endloop
  endfacet
  facet normal 0.740806 -0.671719 0
    outer loop
      vertex 94.0355 43.4645 26
      vertex 94.3651 43.828 22
      vertex 94.3651 43.828 26
    endloop
  endfacet
  facet normal 0.740806 -0.671719 0
    outer loop
      vertex 94.3651 43.828 22
      vertex 94.0355 43.4645 26
      vertex 94.0355 43.4645 22
    endloop
  endfacet
  facet normal 0.336879 -0.941548 0
    outer loop
      vertex 91.9514 -51.7847 22
      vertex 92.4134 -51.6194 26
      vertex 91.9514 -51.7847 26
    endloop
  endfacet
  facet normal 0.336879 -0.941548 0
    outer loop
      vertex 92.4134 -51.6194 26
      vertex 91.9514 -51.7847 22
      vertex 92.4134 -51.6194 22
    endloop
  endfacet
  facet normal 0.989177 0.146726 0
    outer loop
      vertex 95.4759 -46.5099 26
      vertex 95.4039 -46.0245 22
      vertex 95.4039 -46.0245 26
    endloop
  endfacet
  facet normal 0.989177 0.146726 0
    outer loop
      vertex 95.4039 -46.0245 22
      vertex 95.4759 -46.5099 26
      vertex 95.4759 -46.5099 22
    endloop
  endfacet
  facet normal 0.998793 0.0491143 0
    outer loop
      vertex 95.5 -47 26
      vertex 95.4759 -46.5099 22
      vertex 95.4759 -46.5099 26
    endloop
  endfacet
  facet normal 0.998793 0.0491143 0
    outer loop
      vertex 95.4759 -46.5099 22
      vertex 95.5 -47 26
      vertex 95.5 -47 22
    endloop
  endfacet
  facet normal 0.970034 0.242967 0
    outer loop
      vertex 95.4039 -46.0245 26
      vertex 95.2847 -45.5486 22
      vertex 95.2847 -45.5486 26
    endloop
  endfacet
  facet normal 0.970034 0.242967 0
    outer loop
      vertex 95.2847 -45.5486 22
      vertex 95.4039 -46.0245 26
      vertex 95.4039 -46.0245 22
    endloop
  endfacet
  facet normal -0.146755 -0.989173 0
    outer loop
      vertex 89.5246 -51.9039 22
      vertex 90.0099 -51.9759 26
      vertex 89.5246 -51.9039 26
    endloop
  endfacet
  facet normal -0.146755 -0.989173 -0
    outer loop
      vertex 90.0099 -51.9759 26
      vertex 89.5246 -51.9039 22
      vertex 90.0099 -51.9759 22
    endloop
  endfacet
  facet normal 0.80329 0.595588 0
    outer loop
      vertex 94.6573 -44.2221 26
      vertex 94.3651 -43.828 22
      vertex 94.3651 -43.828 26
    endloop
  endfacet
  facet normal 0.80329 0.595588 0
    outer loop
      vertex 94.3651 -43.828 22
      vertex 94.6573 -44.2221 26
      vertex 94.6573 -44.2221 22
    endloop
  endfacet
  facet normal -0.941548 -0.336879 0
    outer loop
      vertex 85.8806 -48.9134 22
      vertex 85.7153 -48.4514 26
      vertex 85.7153 -48.4514 22
    endloop
  endfacet
  facet normal -0.941548 -0.336879 0
    outer loop
      vertex 85.7153 -48.4514 26
      vertex 85.8806 -48.9134 22
      vertex 85.8806 -48.9134 26
    endloop
  endfacet
  facet normal -0.998793 0.0491143 0
    outer loop
      vertex 85.5 -47 22
      vertex 85.5241 -46.5099 26
      vertex 85.5241 -46.5099 22
    endloop
  endfacet
  facet normal -0.998793 0.0491143 0
    outer loop
      vertex 85.5241 -46.5099 26
      vertex 85.5 -47 22
      vertex 85.5 -47 26
    endloop
  endfacet
  facet normal 0.998793 -0.0491143 0
    outer loop
      vertex 95.4759 -47.4901 26
      vertex 95.5 -47 22
      vertex 95.5 -47 26
    endloop
  endfacet
  facet normal 0.998793 -0.0491143 0
    outer loop
      vertex 95.5 -47 22
      vertex 95.4759 -47.4901 26
      vertex 95.4759 -47.4901 22
    endloop
  endfacet
  facet normal -0.80329 -0.595588 0
    outer loop
      vertex 86.6349 -50.172 22
      vertex 86.3427 -49.7779 26
      vertex 86.3427 -49.7779 22
    endloop
  endfacet
  facet normal -0.80329 -0.595588 0
    outer loop
      vertex 86.3427 -49.7779 26
      vertex 86.6349 -50.172 22
      vertex 86.6349 -50.172 26
    endloop
  endfacet
  facet normal 0.514226 -0.857655 0
    outer loop
      vertex 92.857 -51.4096 22
      vertex 93.2778 -51.1573 26
      vertex 92.857 -51.4096 26
    endloop
  endfacet
  facet normal 0.514226 -0.857655 0
    outer loop
      vertex 93.2778 -51.1573 26
      vertex 92.857 -51.4096 22
      vertex 93.2778 -51.1573 22
    endloop
  endfacet
  facet normal 0.427543 -0.903995 0
    outer loop
      vertex 92.4134 -51.6194 22
      vertex 92.857 -51.4096 26
      vertex 92.4134 -51.6194 26
    endloop
  endfacet
  facet normal 0.427543 -0.903995 0
    outer loop
      vertex 92.857 -51.4096 26
      vertex 92.4134 -51.6194 22
      vertex 92.857 -51.4096 22
    endloop
  endfacet
  facet normal 0.80329 -0.595588 0
    outer loop
      vertex 94.3651 -50.172 26
      vertex 94.6573 -49.7779 22
      vertex 94.6573 -49.7779 26
    endloop
  endfacet
  facet normal 0.80329 -0.595588 0
    outer loop
      vertex 94.6573 -49.7779 22
      vertex 94.3651 -50.172 26
      vertex 94.3651 -50.172 22
    endloop
  endfacet
  facet normal -0.242919 0.970047 0
    outer loop
      vertex 89.5246 -42.0961 22
      vertex 89.0486 -42.2153 26
      vertex 89.5246 -42.0961 26
    endloop
  endfacet
  facet normal -0.242919 0.970047 0
    outer loop
      vertex 89.0486 -42.2153 26
      vertex 89.5246 -42.0961 22
      vertex 89.0486 -42.2153 22
    endloop
  endfacet
  facet normal -0.970034 0.242967 0
    outer loop
      vertex 85.5961 -46.0245 22
      vertex 85.7153 -45.5486 26
      vertex 85.7153 -45.5486 22
    endloop
  endfacet
  facet normal -0.970034 0.242967 0
    outer loop
      vertex 85.7153 -45.5486 26
      vertex 85.5961 -46.0245 22
      vertex 85.5961 -46.0245 26
    endloop
  endfacet
  facet normal -0.595588 0.80329 0
    outer loop
      vertex 87.7221 -42.8427 22
      vertex 87.328 -43.1349 26
      vertex 87.7221 -42.8427 26
    endloop
  endfacet
  facet normal -0.595588 0.80329 0
    outer loop
      vertex 87.328 -43.1349 26
      vertex 87.7221 -42.8427 22
      vertex 87.328 -43.1349 22
    endloop
  endfacet
  facet normal -0.740806 -0.671719 0
    outer loop
      vertex 86.9645 -50.5355 22
      vertex 86.6349 -50.172 26
      vertex 86.6349 -50.172 22
    endloop
  endfacet
  facet normal -0.740806 -0.671719 0
    outer loop
      vertex 86.6349 -50.172 26
      vertex 86.9645 -50.5355 22
      vertex 86.9645 -50.5355 26
    endloop
  endfacet
  facet normal 0.0491143 0.998793 -0
    outer loop
      vertex 90.9901 -42.0241 22
      vertex 90.5 -42 26
      vertex 90.9901 -42.0241 26
    endloop
  endfacet
  facet normal 0.0491143 0.998793 0
    outer loop
      vertex 90.5 -42 26
      vertex 90.9901 -42.0241 22
      vertex 90.5 -42 22
    endloop
  endfacet
  facet normal 0.242919 -0.970047 0
    outer loop
      vertex 91.4754 -51.9039 22
      vertex 91.9514 -51.7847 26
      vertex 91.4754 -51.9039 26
    endloop
  endfacet
  facet normal 0.242919 -0.970047 0
    outer loop
      vertex 91.9514 -51.7847 26
      vertex 91.4754 -51.9039 22
      vertex 91.9514 -51.7847 22
    endloop
  endfacet
  facet normal -0.941548 0.336879 0
    outer loop
      vertex 85.7153 -45.5486 22
      vertex 85.8806 -45.0866 26
      vertex 85.8806 -45.0866 22
    endloop
  endfacet
  facet normal -0.941548 0.336879 0
    outer loop
      vertex 85.8806 -45.0866 26
      vertex 85.7153 -45.5486 22
      vertex 85.7153 -45.5486 26
    endloop
  endfacet
  facet normal -0.242919 -0.970047 0
    outer loop
      vertex 89.0486 -51.7847 22
      vertex 89.5246 -51.9039 26
      vertex 89.0486 -51.7847 26
    endloop
  endfacet
  facet normal -0.242919 -0.970047 -0
    outer loop
      vertex 89.5246 -51.9039 26
      vertex 89.0486 -51.7847 22
      vertex 89.5246 -51.9039 22
    endloop
  endfacet
  facet normal 0.242919 0.970047 -0
    outer loop
      vertex 91.9514 -42.2153 22
      vertex 91.4754 -42.0961 26
      vertex 91.9514 -42.2153 26
    endloop
  endfacet
  facet normal 0.242919 0.970047 0
    outer loop
      vertex 91.4754 -42.0961 26
      vertex 91.9514 -42.2153 22
      vertex 91.4754 -42.0961 22
    endloop
  endfacet
  facet normal 0.514226 0.857655 -0
    outer loop
      vertex 93.2778 -42.8427 22
      vertex 92.857 -42.5904 26
      vertex 93.2778 -42.8427 26
    endloop
  endfacet
  facet normal 0.514226 0.857655 0
    outer loop
      vertex 92.857 -42.5904 26
      vertex 93.2778 -42.8427 22
      vertex 92.857 -42.5904 22
    endloop
  endfacet
  facet normal 0.740806 0.671719 0
    outer loop
      vertex 94.3651 -43.828 26
      vertex 94.0355 -43.4645 22
      vertex 94.0355 -43.4645 26
    endloop
  endfacet
  facet normal 0.740806 0.671719 0
    outer loop
      vertex 94.0355 -43.4645 22
      vertex 94.3651 -43.828 26
      vertex 94.3651 -43.828 22
    endloop
  endfacet
  facet normal -0.989177 0.146726 0
    outer loop
      vertex 85.5241 -46.5099 22
      vertex 85.5961 -46.0245 26
      vertex 85.5961 -46.0245 22
    endloop
  endfacet
  facet normal -0.989177 0.146726 0
    outer loop
      vertex 85.5961 -46.0245 26
      vertex 85.5241 -46.5099 22
      vertex 85.5241 -46.5099 26
    endloop
  endfacet
  facet normal 0.903995 -0.427543 0
    outer loop
      vertex 94.9096 -49.357 26
      vertex 95.1194 -48.9134 22
      vertex 95.1194 -48.9134 26
    endloop
  endfacet
  facet normal 0.903995 -0.427543 0
    outer loop
      vertex 95.1194 -48.9134 22
      vertex 94.9096 -49.357 26
      vertex 94.9096 -49.357 22
    endloop
  endfacet
  facet normal -0.671719 0.740806 0
    outer loop
      vertex 87.328 -43.1349 22
      vertex 86.9645 -43.4645 26
      vertex 87.328 -43.1349 26
    endloop
  endfacet
  facet normal -0.671719 0.740806 0
    outer loop
      vertex 86.9645 -43.4645 26
      vertex 87.328 -43.1349 22
      vertex 86.9645 -43.4645 22
    endloop
  endfacet
  facet normal 0.903995 0.427543 0
    outer loop
      vertex 95.1194 -45.0866 26
      vertex 94.9096 -44.643 22
      vertex 94.9096 -44.643 26
    endloop
  endfacet
  facet normal 0.903995 0.427543 0
    outer loop
      vertex 94.9096 -44.643 22
      vertex 95.1194 -45.0866 26
      vertex 95.1194 -45.0866 22
    endloop
  endfacet
  facet normal 0.671719 -0.740806 0
    outer loop
      vertex 93.672 -50.8651 22
      vertex 94.0355 -50.5355 26
      vertex 93.672 -50.8651 26
    endloop
  endfacet
  facet normal 0.671719 -0.740806 0
    outer loop
      vertex 94.0355 -50.5355 26
      vertex 93.672 -50.8651 22
      vertex 94.0355 -50.5355 22
    endloop
  endfacet
  facet normal 0.595491 0.803362 -0
    outer loop
      vertex 93.672 -43.1349 22
      vertex 93.2778 -42.8427 26
      vertex 93.672 -43.1349 26
    endloop
  endfacet
  facet normal 0.595491 0.803362 0
    outer loop
      vertex 93.2778 -42.8427 26
      vertex 93.672 -43.1349 22
      vertex 93.2778 -42.8427 22
    endloop
  endfacet
  facet normal 0 0 1
    outer loop
      vertex 95.4759 -46.5099 26
      vertex 95.4759 -47.4901 26
      vertex 95.5 -47 26
    endloop
  endfacet
  facet normal 0 0 1
    outer loop
      vertex 95.4039 -46.0245 26
      vertex 95.4759 -47.4901 26
      vertex 95.4759 -46.5099 26
    endloop
  endfacet
  facet normal 0 0 1
    outer loop
      vertex 95.4039 -46.0245 26
      vertex 95.4039 -47.9755 26
      vertex 95.4759 -47.4901 26
    endloop
  endfacet
  facet normal 0 0 1
    outer loop
      vertex 95.2847 -45.5486 26
      vertex 95.4039 -47.9755 26
      vertex 95.4039 -46.0245 26
    endloop
  endfacet
  facet normal 0 0 1
    outer loop
      vertex 95.2847 -45.5486 26
      vertex 95.2847 -48.4514 26
      vertex 95.4039 -47.9755 26
    endloop
  endfacet
  facet normal 0 0 1
    outer loop
      vertex 95.1194 -45.0866 26
      vertex 95.2847 -48.4514 26
      vertex 95.2847 -45.5486 26
    endloop
  endfacet
  facet normal 0 0 1
    outer loop
      vertex 95.1194 -45.0866 26
      vertex 95.1194 -48.9134 26
      vertex 95.2847 -48.4514 26
    endloop
  endfacet
  facet normal 0 0 1
    outer loop
      vertex 94.9096 -44.643 26
      vertex 95.1194 -48.9134 26
      vertex 95.1194 -45.0866 26
    endloop
  endfacet
  facet normal 0 0 1
    outer loop
      vertex 94.9096 -44.643 26
      vertex 94.9096 -49.357 26
      vertex 95.1194 -48.9134 26
    endloop
  endfacet
  facet normal 0 0 1
    outer loop
      vertex 94.6573 -44.2221 26
      vertex 94.9096 -49.357 26
      vertex 94.9096 -44.643 26
    endloop
  endfacet
  facet normal 0 0 1
    outer loop
      vertex 94.6573 -44.2221 26
      vertex 94.6573 -49.7779 26
      vertex 94.9096 -49.357 26
    endloop
  endfacet
  facet normal 0 0 1
    outer loop
      vertex 94.3651 -43.828 26
      vertex 94.6573 -49.7779 26
      vertex 94.6573 -44.2221 26
    endloop
  endfacet
  facet normal 0 0 1
    outer loop
      vertex 94.3651 -43.828 26
      vertex 94.3651 -50.172 26
      vertex 94.6573 -49.7779 26
    endloop
  endfacet
  facet normal 0 0 1
    outer loop
      vertex 94.0355 -43.4645 26
      vertex 94.3651 -50.172 26
      vertex 94.3651 -43.828 26
    endloop
  endfacet
  facet normal 0 0 1
    outer loop
      vertex 94.0355 -43.4645 26
      vertex 94.0355 -50.5355 26
      vertex 94.3651 -50.172 26
    endloop
  endfacet
  facet normal 0 0 1
    outer loop
      vertex 93.672 -43.1349 26
      vertex 94.0355 -50.5355 26
      vertex 94.0355 -43.4645 26
    endloop
  endfacet
  facet normal 0 0 1
    outer loop
      vertex 93.672 -43.1349 26
      vertex 93.672 -50.8651 26
      vertex 94.0355 -50.5355 26
    endloop
  endfacet
  facet normal 0 0 1
    outer loop
      vertex 93.2778 -42.8427 26
      vertex 93.672 -50.8651 26
      vertex 93.672 -43.1349 26
    endloop
  endfacet
  facet normal 0 0 1
    outer loop
      vertex 93.2778 -42.8427 26
      vertex 93.2778 -51.1573 26
      vertex 93.672 -50.8651 26
    endloop
  endfacet
  facet normal 0 0 1
    outer loop
      vertex 92.857 -42.5904 26
      vertex 93.2778 -51.1573 26
      vertex 93.2778 -42.8427 26
    endloop
  endfacet
  facet normal 0 0 1
    outer loop
      vertex 92.857 -42.5904 26
      vertex 92.857 -51.4096 26
      vertex 93.2778 -51.1573 26
    endloop
  endfacet
  facet normal 0 0 1
    outer loop
      vertex 92.4134 -42.3806 26
      vertex 92.857 -51.4096 26
      vertex 92.857 -42.5904 26
    endloop
  endfacet
  facet normal 0 0 1
    outer loop
      vertex 92.4134 -42.3806 26
      vertex 92.4134 -51.6194 26
      vertex 92.857 -51.4096 26
    endloop
  endfacet
  facet normal 0 0 1
    outer loop
      vertex 91.9514 -42.2153 26
      vertex 92.4134 -51.6194 26
      vertex 92.4134 -42.3806 26
    endloop
  endfacet
  facet normal 0 0 1
    outer loop
      vertex 91.9514 -42.2153 26
      vertex 91.9514 -51.7847 26
      vertex 92.4134 -51.6194 26
    endloop
  endfacet
  facet normal 0 0 1
    outer loop
      vertex 91.4754 -42.0961 26
      vertex 91.9514 -51.7847 26
      vertex 91.9514 -42.2153 26
    endloop
  endfacet
  facet normal 0 0 1
    outer loop
      vertex 91.4754 -42.0961 26
      vertex 91.4754 -51.9039 26
      vertex 91.9514 -51.7847 26
    endloop
  endfacet
  facet normal 0 0 1
    outer loop
      vertex 90.9901 -42.0241 26
      vertex 91.4754 -51.9039 26
      vertex 91.4754 -42.0961 26
    endloop
  endfacet
  facet normal 0 0 1
    outer loop
      vertex 90.9901 -42.0241 26
      vertex 90.9901 -51.9759 26
      vertex 91.4754 -51.9039 26
    endloop
  endfacet
  facet normal 0 0 1
    outer loop
      vertex 90.5 -42 26
      vertex 90.9901 -51.9759 26
      vertex 90.9901 -42.0241 26
    endloop
  endfacet
  facet normal 0 0 1
    outer loop
      vertex 90.5 -42 26
      vertex 90.5 -52 26
      vertex 90.9901 -51.9759 26
    endloop
  endfacet
  facet normal -0 0 1
    outer loop
      vertex 90.0099 -42.0241 26
      vertex 90.5 -52 26
      vertex 90.5 -42 26
    endloop
  endfacet
  facet normal 0 0 1
    outer loop
      vertex 90.0099 -42.0241 26
      vertex 90.0099 -51.9759 26
      vertex 90.5 -52 26
    endloop
  endfacet
  facet normal -0 0 1
    outer loop
      vertex 89.5246 -42.0961 26
      vertex 90.0099 -51.9759 26
      vertex 90.0099 -42.0241 26
    endloop
  endfacet
  facet normal 0 0 1
    outer loop
      vertex 89.5246 -42.0961 26
      vertex 89.5246 -51.9039 26
      vertex 90.0099 -51.9759 26
    endloop
  endfacet
  facet normal -0 0 1
    outer loop
      vertex 89.0486 -42.2153 26
      vertex 89.5246 -51.9039 26
      vertex 89.5246 -42.0961 26
    endloop
  endfacet
  facet normal 0 0 1
    outer loop
      vertex 89.0486 -42.2153 26
      vertex 89.0486 -51.7847 26
      vertex 89.5246 -51.9039 26
    endloop
  endfacet
  facet normal -0 0 1
    outer loop
      vertex 88.5866 -42.3806 26
      vertex 89.0486 -51.7847 26
      vertex 89.0486 -42.2153 26
    endloop
  endfacet
  facet normal 0 0 1
    outer loop
      vertex 88.5866 -42.3806 26
      vertex 88.5866 -51.6194 26
      vertex 89.0486 -51.7847 26
    endloop
  endfacet
  facet normal -0 0 1
    outer loop
      vertex 88.143 -42.5904 26
      vertex 88.5866 -51.6194 26
      vertex 88.5866 -42.3806 26
    endloop
  endfacet
  facet normal 0 0 1
    outer loop
      vertex 88.143 -42.5904 26
      vertex 88.143 -51.4096 26
      vertex 88.5866 -51.6194 26
    endloop
  endfacet
  facet normal -0 0 1
    outer loop
      vertex 87.7221 -42.8427 26
      vertex 88.143 -51.4096 26
      vertex 88.143 -42.5904 26
    endloop
  endfacet
  facet normal 0 0 1
    outer loop
      vertex 87.7221 -42.8427 26
      vertex 87.7221 -51.1573 26
      vertex 88.143 -51.4096 26
    endloop
  endfacet
  facet normal -0 0 1
    outer loop
      vertex 87.328 -43.1349 26
      vertex 87.7221 -51.1573 26
      vertex 87.7221 -42.8427 26
    endloop
  endfacet
  facet normal 0 0 1
    outer loop
      vertex 87.328 -43.1349 26
      vertex 87.328 -50.8651 26
      vertex 87.7221 -51.1573 26
    endloop
  endfacet
  facet normal -0 0 1
    outer loop
      vertex 86.9645 -43.4645 26
      vertex 87.328 -50.8651 26
      vertex 87.328 -43.1349 26
    endloop
  endfacet
  facet normal 0 0 1
    outer loop
      vertex 86.9645 -43.4645 26
      vertex 86.9645 -50.5355 26
      vertex 87.328 -50.8651 26
    endloop
  endfacet
  facet normal -0 0 1
    outer loop
      vertex 86.6349 -43.828 26
      vertex 86.9645 -50.5355 26
      vertex 86.9645 -43.4645 26
    endloop
  endfacet
  facet normal 0 0 1
    outer loop
      vertex 86.6349 -43.828 26
      vertex 86.6349 -50.172 26
      vertex 86.9645 -50.5355 26
    endloop
  endfacet
  facet normal -0 0 1
    outer loop
      vertex 86.3427 -44.2221 26
      vertex 86.6349 -50.172 26
      vertex 86.6349 -43.828 26
    endloop
  endfacet
  facet normal 0 0 1
    outer loop
      vertex 86.3427 -44.2221 26
      vertex 86.3427 -49.7779 26
      vertex 86.6349 -50.172 26
    endloop
  endfacet
  facet normal -0 0 1
    outer loop
      vertex 86.0904 -44.643 26
      vertex 86.3427 -49.7779 26
      vertex 86.3427 -44.2221 26
    endloop
  endfacet
  facet normal 0 0 1
    outer loop
      vertex 86.0904 -44.643 26
      vertex 86.0904 -49.357 26
      vertex 86.3427 -49.7779 26
    endloop
  endfacet
  facet normal -0 0 1
    outer loop
      vertex 85.8806 -45.0866 26
      vertex 86.0904 -49.357 26
      vertex 86.0904 -44.643 26
    endloop
  endfacet
  facet normal 0 0 1
    outer loop
      vertex 85.8806 -45.0866 26
      vertex 85.8806 -48.9134 26
      vertex 86.0904 -49.357 26
    endloop
  endfacet
  facet normal -0 0 1
    outer loop
      vertex 85.7153 -45.5486 26
      vertex 85.8806 -48.9134 26
      vertex 85.8806 -45.0866 26
    endloop
  endfacet
  facet normal 0 0 1
    outer loop
      vertex 85.7153 -45.5486 26
      vertex 85.7153 -48.4514 26
      vertex 85.8806 -48.9134 26
    endloop
  endfacet
  facet normal -0 0 1
    outer loop
      vertex 85.5961 -46.0245 26
      vertex 85.7153 -48.4514 26
      vertex 85.7153 -45.5486 26
    endloop
  endfacet
  facet normal 0 0 1
    outer loop
      vertex 85.5961 -46.0245 26
      vertex 85.5961 -47.9755 26
      vertex 85.7153 -48.4514 26
    endloop
  endfacet
  facet normal -0 0 1
    outer loop
      vertex 85.5241 -46.5099 26
      vertex 85.5961 -47.9755 26
      vertex 85.5961 -46.0245 26
    endloop
  endfacet
  facet normal 0 0 1
    outer loop
      vertex 85.5241 -46.5099 26
      vertex 85.5241 -47.4901 26
      vertex 85.5961 -47.9755 26
    endloop
  endfacet
  facet normal 0 -0 1
    outer loop
      vertex 85.5241 -47.4901 26
      vertex 85.5241 -46.5099 26
      vertex 85.5 -47 26
    endloop
  endfacet
  facet normal 0.941548 0.336879 0
    outer loop
      vertex 95.2847 -45.5486 26
      vertex 95.1194 -45.0866 22
      vertex 95.1194 -45.0866 26
    endloop
  endfacet
  facet normal 0.941548 0.336879 0
    outer loop
      vertex 95.1194 -45.0866 22
      vertex 95.2847 -45.5486 26
      vertex 95.2847 -45.5486 22
    endloop
  endfacet
  facet normal 0.0491143 -0.998793 0
    outer loop
      vertex 90.5 -52 22
      vertex 90.9901 -51.9759 26
      vertex 90.5 -52 26
    endloop
  endfacet
  facet normal 0.0491143 -0.998793 0
    outer loop
      vertex 90.9901 -51.9759 26
      vertex 90.5 -52 22
      vertex 90.9901 -51.9759 22
    endloop
  endfacet
  facet normal -0.514136 -0.857709 0
    outer loop
      vertex 87.7221 -51.1573 22
      vertex 88.143 -51.4096 26
      vertex 87.7221 -51.1573 26
    endloop
  endfacet
  facet normal -0.514136 -0.857709 -0
    outer loop
      vertex 88.143 -51.4096 26
      vertex 87.7221 -51.1573 22
      vertex 88.143 -51.4096 22
    endloop
  endfacet
  facet normal 0.427543 0.903995 -0
    outer loop
      vertex 92.857 -42.5904 22
      vertex 92.4134 -42.3806 26
      vertex 92.857 -42.5904 26
    endloop
  endfacet
  facet normal 0.427543 0.903995 0
    outer loop
      vertex 92.4134 -42.3806 26
      vertex 92.857 -42.5904 22
      vertex 92.4134 -42.3806 22
    endloop
  endfacet
  facet normal 0.970034 -0.242967 0
    outer loop
      vertex 95.2847 -48.4514 26
      vertex 95.4039 -47.9755 22
      vertex 95.4039 -47.9755 26
    endloop
  endfacet
  facet normal 0.970034 -0.242967 0
    outer loop
      vertex 95.4039 -47.9755 22
      vertex 95.2847 -48.4514 26
      vertex 95.2847 -48.4514 22
    endloop
  endfacet
  facet normal -0.336879 0.941548 0
    outer loop
      vertex 89.0486 -42.2153 22
      vertex 88.5866 -42.3806 26
      vertex 89.0486 -42.2153 26
    endloop
  endfacet
  facet normal -0.336879 0.941548 0
    outer loop
      vertex 88.5866 -42.3806 26
      vertex 89.0486 -42.2153 22
      vertex 88.5866 -42.3806 22
    endloop
  endfacet
  facet normal -0.903995 -0.427543 0
    outer loop
      vertex 86.0904 -49.357 22
      vertex 85.8806 -48.9134 26
      vertex 85.8806 -48.9134 22
    endloop
  endfacet
  facet normal -0.903995 -0.427543 0
    outer loop
      vertex 85.8806 -48.9134 26
      vertex 86.0904 -49.357 22
      vertex 86.0904 -49.357 26
    endloop
  endfacet
  facet normal 0.336879 0.941548 -0
    outer loop
      vertex 92.4134 -42.3806 22
      vertex 91.9514 -42.2153 26
      vertex 92.4134 -42.3806 26
    endloop
  endfacet
  facet normal 0.336879 0.941548 0
    outer loop
      vertex 91.9514 -42.2153 26
      vertex 92.4134 -42.3806 22
      vertex 91.9514 -42.2153 22
    endloop
  endfacet
  facet normal -0.514136 0.857709 0
    outer loop
      vertex 88.143 -42.5904 22
      vertex 87.7221 -42.8427 26
      vertex 88.143 -42.5904 26
    endloop
  endfacet
  facet normal -0.514136 0.857709 0
    outer loop
      vertex 87.7221 -42.8427 26
      vertex 88.143 -42.5904 22
      vertex 87.7221 -42.8427 22
    endloop
  endfacet
  facet normal -0.146755 0.989173 0
    outer loop
      vertex 90.0099 -42.0241 22
      vertex 89.5246 -42.0961 26
      vertex 90.0099 -42.0241 26
    endloop
  endfacet
  facet normal -0.146755 0.989173 0
    outer loop
      vertex 89.5246 -42.0961 26
      vertex 90.0099 -42.0241 22
      vertex 89.5246 -42.0961 22
    endloop
  endfacet
  facet normal -0.0491143 0.998793 0
    outer loop
      vertex 90.5 -42 22
      vertex 90.0099 -42.0241 26
      vertex 90.5 -42 26
    endloop
  endfacet
  facet normal -0.0491143 0.998793 0
    outer loop
      vertex 90.0099 -42.0241 26
      vertex 90.5 -42 22
      vertex 90.0099 -42.0241 22
    endloop
  endfacet
  facet normal -0.427543 0.903995 0
    outer loop
      vertex 88.5866 -42.3806 22
      vertex 88.143 -42.5904 26
      vertex 88.5866 -42.3806 26
    endloop
  endfacet
  facet normal -0.427543 0.903995 0
    outer loop
      vertex 88.143 -42.5904 26
      vertex 88.5866 -42.3806 22
      vertex 88.143 -42.5904 22
    endloop
  endfacet
  facet normal 0.989177 -0.146726 0
    outer loop
      vertex 95.4039 -47.9755 26
      vertex 95.4759 -47.4901 22
      vertex 95.4759 -47.4901 26
    endloop
  endfacet
  facet normal 0.989177 -0.146726 0
    outer loop
      vertex 95.4759 -47.4901 22
      vertex 95.4039 -47.9755 26
      vertex 95.4039 -47.9755 22
    endloop
  endfacet
  facet normal 0.740806 -0.671719 0
    outer loop
      vertex 94.0355 -50.5355 26
      vertex 94.3651 -50.172 22
      vertex 94.3651 -50.172 26
    endloop
  endfacet
  facet normal 0.740806 -0.671719 0
    outer loop
      vertex 94.3651 -50.172 22
      vertex 94.0355 -50.5355 26
      vertex 94.0355 -50.5355 22
    endloop
  endfacet
  facet normal 0.857709 0.514136 0
    outer loop
      vertex 94.9096 -44.643 26
      vertex 94.6573 -44.2221 22
      vertex 94.6573 -44.2221 26
    endloop
  endfacet
  facet normal 0.857709 0.514136 0
    outer loop
      vertex 94.6573 -44.2221 22
      vertex 94.9096 -44.643 26
      vertex 94.9096 -44.643 22
    endloop
  endfacet
  facet normal 0.941548 -0.336879 0
    outer loop
      vertex 95.1194 -48.9134 26
      vertex 95.2847 -48.4514 22
      vertex 95.2847 -48.4514 26
    endloop
  endfacet
  facet normal 0.941548 -0.336879 0
    outer loop
      vertex 95.2847 -48.4514 22
      vertex 95.1194 -48.9134 26
      vertex 95.1194 -48.9134 22
    endloop
  endfacet
  facet normal -0.989177 -0.146726 0
    outer loop
      vertex 85.5961 -47.9755 22
      vertex 85.5241 -47.4901 26
      vertex 85.5241 -47.4901 22
    endloop
  endfacet
  facet normal -0.989177 -0.146726 0
    outer loop
      vertex 85.5241 -47.4901 26
      vertex 85.5961 -47.9755 22
      vertex 85.5961 -47.9755 26
    endloop
  endfacet
  facet normal 0.857709 -0.514136 0
    outer loop
      vertex 94.6573 -49.7779 26
      vertex 94.9096 -49.357 22
      vertex 94.9096 -49.357 26
    endloop
  endfacet
  facet normal 0.857709 -0.514136 0
    outer loop
      vertex 94.9096 -49.357 22
      vertex 94.6573 -49.7779 26
      vertex 94.6573 -49.7779 22
    endloop
  endfacet
  facet normal -0.427543 -0.903995 0
    outer loop
      vertex 88.143 -51.4096 22
      vertex 88.5866 -51.6194 26
      vertex 88.143 -51.4096 26
    endloop
  endfacet
  facet normal -0.427543 -0.903995 -0
    outer loop
      vertex 88.5866 -51.6194 26
      vertex 88.143 -51.4096 22
      vertex 88.5866 -51.6194 22
    endloop
  endfacet
  facet normal -0.740806 0.671719 0
    outer loop
      vertex 86.6349 -43.828 22
      vertex 86.9645 -43.4645 26
      vertex 86.9645 -43.4645 22
    endloop
  endfacet
  facet normal -0.740806 0.671719 0
    outer loop
      vertex 86.9645 -43.4645 26
      vertex 86.6349 -43.828 22
      vertex 86.6349 -43.828 26
    endloop
  endfacet
  facet normal 0.146755 -0.989173 0
    outer loop
      vertex 90.9901 -51.9759 22
      vertex 91.4754 -51.9039 26
      vertex 90.9901 -51.9759 26
    endloop
  endfacet
  facet normal 0.146755 -0.989173 0
    outer loop
      vertex 91.4754 -51.9039 26
      vertex 90.9901 -51.9759 22
      vertex 91.4754 -51.9039 22
    endloop
  endfacet
  facet normal -0.857709 -0.514136 0
    outer loop
      vertex 86.3427 -49.7779 22
      vertex 86.0904 -49.357 26
      vertex 86.0904 -49.357 22
    endloop
  endfacet
  facet normal -0.857709 -0.514136 0
    outer loop
      vertex 86.0904 -49.357 26
      vertex 86.3427 -49.7779 22
      vertex 86.3427 -49.7779 26
    endloop
  endfacet
  facet normal -0.80329 0.595588 0
    outer loop
      vertex 86.3427 -44.2221 22
      vertex 86.6349 -43.828 26
      vertex 86.6349 -43.828 22
    endloop
  endfacet
  facet normal -0.80329 0.595588 0
    outer loop
      vertex 86.6349 -43.828 26
      vertex 86.3427 -44.2221 22
      vertex 86.3427 -44.2221 26
    endloop
  endfacet
  facet normal -0.970034 -0.242967 0
    outer loop
      vertex 85.7153 -48.4514 22
      vertex 85.5961 -47.9755 26
      vertex 85.5961 -47.9755 22
    endloop
  endfacet
  facet normal -0.970034 -0.242967 0
    outer loop
      vertex 85.5961 -47.9755 26
      vertex 85.7153 -48.4514 22
      vertex 85.7153 -48.4514 26
    endloop
  endfacet
  facet normal 0.595491 -0.803362 0
    outer loop
      vertex 93.2778 -51.1573 22
      vertex 93.672 -50.8651 26
      vertex 93.2778 -51.1573 26
    endloop
  endfacet
  facet normal 0.595491 -0.803362 0
    outer loop
      vertex 93.672 -50.8651 26
      vertex 93.2778 -51.1573 22
      vertex 93.672 -50.8651 22
    endloop
  endfacet
  facet normal 0.671719 0.740806 -0
    outer loop
      vertex 94.0355 -43.4645 22
      vertex 93.672 -43.1349 26
      vertex 94.0355 -43.4645 26
    endloop
  endfacet
  facet normal 0.671719 0.740806 0
    outer loop
      vertex 93.672 -43.1349 26
      vertex 94.0355 -43.4645 22
      vertex 93.672 -43.1349 22
    endloop
  endfacet
  facet normal -0.903995 0.427543 0
    outer loop
      vertex 85.8806 -45.0866 22
      vertex 86.0904 -44.643 26
      vertex 86.0904 -44.643 22
    endloop
  endfacet
  facet normal -0.903995 0.427543 0
    outer loop
      vertex 86.0904 -44.643 26
      vertex 85.8806 -45.0866 22
      vertex 85.8806 -45.0866 26
    endloop
  endfacet
  facet normal -0.0491143 -0.998793 0
    outer loop
      vertex 90.0099 -51.9759 22
      vertex 90.5 -52 26
      vertex 90.0099 -51.9759 26
    endloop
  endfacet
  facet normal -0.0491143 -0.998793 -0
    outer loop
      vertex 90.5 -52 26
      vertex 90.0099 -51.9759 22
      vertex 90.5 -52 22
    endloop
  endfacet
  facet normal -0.998793 -0.0491143 0
    outer loop
      vertex 85.5241 -47.4901 22
      vertex 85.5 -47 26
      vertex 85.5 -47 22
    endloop
  endfacet
  facet normal -0.998793 -0.0491143 0
    outer loop
      vertex 85.5 -47 26
      vertex 85.5241 -47.4901 22
      vertex 85.5241 -47.4901 26
    endloop
  endfacet
  facet normal -0.671719 -0.740806 0
    outer loop
      vertex 86.9645 -50.5355 22
      vertex 87.328 -50.8651 26
      vertex 86.9645 -50.5355 26
    endloop
  endfacet
  facet normal -0.671719 -0.740806 -0
    outer loop
      vertex 87.328 -50.8651 26
      vertex 86.9645 -50.5355 22
      vertex 87.328 -50.8651 22
    endloop
  endfacet
  facet normal -0.336879 -0.941548 0
    outer loop
      vertex 88.5866 -51.6194 22
      vertex 89.0486 -51.7847 26
      vertex 88.5866 -51.6194 26
    endloop
  endfacet
  facet normal -0.336879 -0.941548 -0
    outer loop
      vertex 89.0486 -51.7847 26
      vertex 88.5866 -51.6194 22
      vertex 89.0486 -51.7847 22
    endloop
  endfacet
  facet normal -0.857709 0.514136 0
    outer loop
      vertex 86.0904 -44.643 22
      vertex 86.3427 -44.2221 26
      vertex 86.3427 -44.2221 22
    endloop
  endfacet
  facet normal -0.857709 0.514136 0
    outer loop
      vertex 86.3427 -44.2221 26
      vertex 86.0904 -44.643 22
      vertex 86.0904 -44.643 26
    endloop
  endfacet
  facet normal 0.146755 0.989173 -0
    outer loop
      vertex 91.4754 -42.0961 22
      vertex 90.9901 -42.0241 26
      vertex 91.4754 -42.0961 26
    endloop
  endfacet
  facet normal 0.146755 0.989173 0
    outer loop
      vertex 90.9901 -42.0241 26
      vertex 91.4754 -42.0961 22
      vertex 90.9901 -42.0241 22
    endloop
  endfacet
  facet normal -0.595588 -0.80329 0
    outer loop
      vertex 87.328 -50.8651 22
      vertex 87.7221 -51.1573 26
      vertex 87.328 -50.8651 26
    endloop
  endfacet
  facet normal -0.595588 -0.80329 -0
    outer loop
      vertex 87.7221 -51.1573 26
      vertex 87.328 -50.8651 22
      vertex 87.7221 -51.1573 22
    endloop
  endfacet
  facet normal 0.989177 0.146726 0
    outer loop
      vertex -85.5241 47.4901 26
      vertex -85.5961 47.9755 22
      vertex -85.5961 47.9755 26
    endloop
  endfacet
  facet normal 0.989177 0.146726 0
    outer loop
      vertex -85.5961 47.9755 22
      vertex -85.5241 47.4901 26
      vertex -85.5241 47.4901 22
    endloop
  endfacet
  facet normal 0.998793 0.0491143 0
    outer loop
      vertex -85.5 47 26
      vertex -85.5241 47.4901 22
      vertex -85.5241 47.4901 26
    endloop
  endfacet
  facet normal 0.998793 0.0491143 0
    outer loop
      vertex -85.5241 47.4901 22
      vertex -85.5 47 26
      vertex -85.5 47 22
    endloop
  endfacet
  facet normal 0.970034 0.242967 0
    outer loop
      vertex -85.5961 47.9755 26
      vertex -85.7153 48.4514 22
      vertex -85.7153 48.4514 26
    endloop
  endfacet
  facet normal 0.970034 0.242967 0
    outer loop
      vertex -85.7153 48.4514 22
      vertex -85.5961 47.9755 26
      vertex -85.5961 47.9755 22
    endloop
  endfacet
  facet normal 0.146755 0.989173 -0
    outer loop
      vertex -89.5246 51.9039 22
      vertex -90.0099 51.9759 26
      vertex -89.5246 51.9039 26
    endloop
  endfacet
  facet normal 0.146755 0.989173 0
    outer loop
      vertex -90.0099 51.9759 26
      vertex -89.5246 51.9039 22
      vertex -90.0099 51.9759 22
    endloop
  endfacet
  facet normal 0.0491143 -0.998793 0
    outer loop
      vertex -90.5 42 22
      vertex -90.0099 42.0241 26
      vertex -90.5 42 26
    endloop
  endfacet
  facet normal 0.0491143 -0.998793 0
    outer loop
      vertex -90.0099 42.0241 26
      vertex -90.5 42 22
      vertex -90.0099 42.0241 22
    endloop
  endfacet
  facet normal 0.989177 -0.146726 0
    outer loop
      vertex -85.5961 46.0245 26
      vertex -85.5241 46.5099 22
      vertex -85.5241 46.5099 26
    endloop
  endfacet
  facet normal 0.989177 -0.146726 0
    outer loop
      vertex -85.5241 46.5099 22
      vertex -85.5961 46.0245 26
      vertex -85.5961 46.0245 22
    endloop
  endfacet
  facet normal 0.146755 -0.989173 0
    outer loop
      vertex -90.0099 42.0241 22
      vertex -89.5246 42.0961 26
      vertex -90.0099 42.0241 26
    endloop
  endfacet
  facet normal 0.146755 -0.989173 0
    outer loop
      vertex -89.5246 42.0961 26
      vertex -90.0099 42.0241 22
      vertex -89.5246 42.0961 22
    endloop
  endfacet
  facet normal 0.857709 0.514136 0
    outer loop
      vertex -86.0904 49.357 26
      vertex -86.3427 49.7779 22
      vertex -86.3427 49.7779 26
    endloop
  endfacet
  facet normal 0.857709 0.514136 0
    outer loop
      vertex -86.3427 49.7779 22
      vertex -86.0904 49.357 26
      vertex -86.0904 49.357 22
    endloop
  endfacet
  facet normal -0.0491143 -0.998793 0
    outer loop
      vertex -90.9901 42.0241 22
      vertex -90.5 42 26
      vertex -90.9901 42.0241 26
    endloop
  endfacet
  facet normal -0.0491143 -0.998793 -0
    outer loop
      vertex -90.5 42 26
      vertex -90.9901 42.0241 22
      vertex -90.5 42 22
    endloop
  endfacet
  facet normal 0.740806 0.671719 0
    outer loop
      vertex -86.6349 50.172 26
      vertex -86.9645 50.5355 22
      vertex -86.9645 50.5355 26
    endloop
  endfacet
  facet normal 0.740806 0.671719 0
    outer loop
      vertex -86.9645 50.5355 22
      vertex -86.6349 50.172 26
      vertex -86.6349 50.172 22
    endloop
  endfacet
  facet normal 0.903995 0.427543 0
    outer loop
      vertex -85.8806 48.9134 26
      vertex -86.0904 49.357 22
      vertex -86.0904 49.357 26
    endloop
  endfacet
  facet normal 0.903995 0.427543 0
    outer loop
      vertex -86.0904 49.357 22
      vertex -85.8806 48.9134 26
      vertex -85.8806 48.9134 22
    endloop
  endfacet
  facet normal -0.970034 -0.242967 0
    outer loop
      vertex -95.2847 45.5486 22
      vertex -95.4039 46.0245 26
      vertex -95.4039 46.0245 22
    endloop
  endfacet
  facet normal -0.970034 -0.242967 0
    outer loop
      vertex -95.4039 46.0245 26
      vertex -95.2847 45.5486 22
      vertex -95.2847 45.5486 26
    endloop
  endfacet
  facet normal -0.427543 0.903995 0
    outer loop
      vertex -92.4134 51.6194 22
      vertex -92.857 51.4096 26
      vertex -92.4134 51.6194 26
    endloop
  endfacet
  facet normal -0.427543 0.903995 0
    outer loop
      vertex -92.857 51.4096 26
      vertex -92.4134 51.6194 22
      vertex -92.857 51.4096 22
    endloop
  endfacet
  facet normal -0.80329 0.595588 0
    outer loop
      vertex -94.6573 49.7779 22
      vertex -94.3651 50.172 26
      vertex -94.3651 50.172 22
    endloop
  endfacet
  facet normal -0.80329 0.595588 0
    outer loop
      vertex -94.3651 50.172 26
      vertex -94.6573 49.7779 22
      vertex -94.6573 49.7779 26
    endloop
  endfacet
  facet normal -0.336879 -0.941548 0
    outer loop
      vertex -92.4134 42.3806 22
      vertex -91.9514 42.2153 26
      vertex -92.4134 42.3806 26
    endloop
  endfacet
  facet normal -0.336879 -0.941548 -0
    outer loop
      vertex -91.9514 42.2153 26
      vertex -92.4134 42.3806 22
      vertex -91.9514 42.2153 22
    endloop
  endfacet
  facet normal -0.989177 0.146726 0
    outer loop
      vertex -95.4759 47.4901 22
      vertex -95.4039 47.9755 26
      vertex -95.4039 47.9755 22
    endloop
  endfacet
  facet normal -0.989177 0.146726 0
    outer loop
      vertex -95.4039 47.9755 26
      vertex -95.4759 47.4901 22
      vertex -95.4759 47.4901 26
    endloop
  endfacet
  facet normal -0.242919 0.970047 0
    outer loop
      vertex -91.4754 51.9039 22
      vertex -91.9514 51.7847 26
      vertex -91.4754 51.9039 26
    endloop
  endfacet
  facet normal -0.242919 0.970047 0
    outer loop
      vertex -91.9514 51.7847 26
      vertex -91.4754 51.9039 22
      vertex -91.9514 51.7847 22
    endloop
  endfacet
  facet normal -0.740806 0.671719 0
    outer loop
      vertex -94.3651 50.172 22
      vertex -94.0355 50.5355 26
      vertex -94.0355 50.5355 22
    endloop
  endfacet
  facet normal -0.740806 0.671719 0
    outer loop
      vertex -94.0355 50.5355 26
      vertex -94.3651 50.172 22
      vertex -94.3651 50.172 26
    endloop
  endfacet
  facet normal 0.998793 -0.0491143 0
    outer loop
      vertex -85.5241 46.5099 26
      vertex -85.5 47 22
      vertex -85.5 47 26
    endloop
  endfacet
  facet normal 0.998793 -0.0491143 0
    outer loop
      vertex -85.5 47 22
      vertex -85.5241 46.5099 26
      vertex -85.5241 46.5099 22
    endloop
  endfacet
  facet normal 0.970034 -0.242967 0
    outer loop
      vertex -85.7153 45.5486 26
      vertex -85.5961 46.0245 22
      vertex -85.5961 46.0245 26
    endloop
  endfacet
  facet normal 0.970034 -0.242967 0
    outer loop
      vertex -85.5961 46.0245 22
      vertex -85.7153 45.5486 26
      vertex -85.7153 45.5486 22
    endloop
  endfacet
  facet normal 0.80329 0.595588 0
    outer loop
      vertex -86.3427 49.7779 26
      vertex -86.6349 50.172 22
      vertex -86.6349 50.172 26
    endloop
  endfacet
  facet normal 0.80329 0.595588 0
    outer loop
      vertex -86.6349 50.172 22
      vertex -86.3427 49.7779 26
      vertex -86.3427 49.7779 22
    endloop
  endfacet
  facet normal 0.427543 -0.903995 0
    outer loop
      vertex -88.5866 42.3806 22
      vertex -88.143 42.5904 26
      vertex -88.5866 42.3806 26
    endloop
  endfacet
  facet normal 0.427543 -0.903995 0
    outer loop
      vertex -88.143 42.5904 26
      vertex -88.5866 42.3806 22
      vertex -88.143 42.5904 22
    endloop
  endfacet
  facet normal -0.998793 -0.0491143 0
    outer loop
      vertex -95.4759 46.5099 22
      vertex -95.5 47 26
      vertex -95.5 47 22
    endloop
  endfacet
  facet normal -0.998793 -0.0491143 0
    outer loop
      vertex -95.5 47 26
      vertex -95.4759 46.5099 22
      vertex -95.4759 46.5099 26
    endloop
  endfacet
  facet normal 0.336879 0.941548 -0
    outer loop
      vertex -88.5866 51.6194 22
      vertex -89.0486 51.7847 26
      vertex -88.5866 51.6194 26
    endloop
  endfacet
  facet normal 0.336879 0.941548 0
    outer loop
      vertex -89.0486 51.7847 26
      vertex -88.5866 51.6194 22
      vertex -89.0486 51.7847 22
    endloop
  endfacet
  facet normal -0.998793 0.0491143 0
    outer loop
      vertex -95.5 47 22
      vertex -95.4759 47.4901 26
      vertex -95.4759 47.4901 22
    endloop
  endfacet
  facet normal -0.998793 0.0491143 0
    outer loop
      vertex -95.4759 47.4901 26
      vertex -95.5 47 22
      vertex -95.5 47 26
    endloop
  endfacet
  facet normal -0.941548 -0.336879 0
    outer loop
      vertex -95.1194 45.0866 22
      vertex -95.2847 45.5486 26
      vertex -95.2847 45.5486 22
    endloop
  endfacet
  facet normal -0.941548 -0.336879 0
    outer loop
      vertex -95.2847 45.5486 26
      vertex -95.1194 45.0866 22
      vertex -95.1194 45.0866 26
    endloop
  endfacet
  facet normal -0.146755 0.989173 0
    outer loop
      vertex -90.9901 51.9759 22
      vertex -91.4754 51.9039 26
      vertex -90.9901 51.9759 26
    endloop
  endfacet
  facet normal -0.146755 0.989173 0
    outer loop
      vertex -91.4754 51.9039 26
      vertex -90.9901 51.9759 22
      vertex -91.4754 51.9039 22
    endloop
  endfacet
  facet normal -0.0491143 0.998793 0
    outer loop
      vertex -90.5 52 22
      vertex -90.9901 51.9759 26
      vertex -90.5 52 26
    endloop
  endfacet
  facet normal -0.0491143 0.998793 0
    outer loop
      vertex -90.9901 51.9759 26
      vertex -90.5 52 22
      vertex -90.9901 51.9759 22
    endloop
  endfacet
  facet normal 0.740806 -0.671719 0
    outer loop
      vertex -86.9645 43.4645 26
      vertex -86.6349 43.828 22
      vertex -86.6349 43.828 26
    endloop
  endfacet
  facet normal 0.740806 -0.671719 0
    outer loop
      vertex -86.6349 43.828 22
      vertex -86.9645 43.4645 26
      vertex -86.9645 43.4645 22
    endloop
  endfacet
  facet normal 0.671719 0.740806 -0
    outer loop
      vertex -86.9645 50.5355 22
      vertex -87.328 50.8651 26
      vertex -86.9645 50.5355 26
    endloop
  endfacet
  facet normal 0.671719 0.740806 0
    outer loop
      vertex -87.328 50.8651 26
      vertex -86.9645 50.5355 22
      vertex -87.328 50.8651 22
    endloop
  endfacet
  facet normal 0.595588 0.80329 -0
    outer loop
      vertex -87.328 50.8651 22
      vertex -87.7221 51.1573 26
      vertex -87.328 50.8651 26
    endloop
  endfacet
  facet normal 0.595588 0.80329 0
    outer loop
      vertex -87.7221 51.1573 26
      vertex -87.328 50.8651 22
      vertex -87.7221 51.1573 22
    endloop
  endfacet
  facet normal 0.941548 -0.336879 0
    outer loop
      vertex -85.8806 45.0866 26
      vertex -85.7153 45.5486 22
      vertex -85.7153 45.5486 26
    endloop
  endfacet
  facet normal 0.941548 -0.336879 0
    outer loop
      vertex -85.7153 45.5486 22
      vertex -85.8806 45.0866 26
      vertex -85.8806 45.0866 22
    endloop
  endfacet
  facet normal -0.989177 -0.146726 0
    outer loop
      vertex -95.4039 46.0245 22
      vertex -95.4759 46.5099 26
      vertex -95.4759 46.5099 22
    endloop
  endfacet
  facet normal -0.989177 -0.146726 0
    outer loop
      vertex -95.4759 46.5099 26
      vertex -95.4039 46.0245 22
      vertex -95.4039 46.0245 26
    endloop
  endfacet
  facet normal 0.514136 0.857709 -0
    outer loop
      vertex -87.7221 51.1573 22
      vertex -88.143 51.4096 26
      vertex -87.7221 51.1573 26
    endloop
  endfacet
  facet normal 0.514136 0.857709 0
    outer loop
      vertex -88.143 51.4096 26
      vertex -87.7221 51.1573 22
      vertex -88.143 51.4096 22
    endloop
  endfacet
  facet normal 0.857709 -0.514136 0
    outer loop
      vertex -86.3427 44.2221 26
      vertex -86.0904 44.643 22
      vertex -86.0904 44.643 26
    endloop
  endfacet
  facet normal 0.857709 -0.514136 0
    outer loop
      vertex -86.0904 44.643 22
      vertex -86.3427 44.2221 26
      vertex -86.3427 44.2221 22
    endloop
  endfacet
  facet normal 0.941548 0.336879 0
    outer loop
      vertex -85.7153 48.4514 26
      vertex -85.8806 48.9134 22
      vertex -85.8806 48.9134 26
    endloop
  endfacet
  facet normal 0.941548 0.336879 0
    outer loop
      vertex -85.8806 48.9134 22
      vertex -85.7153 48.4514 26
      vertex -85.7153 48.4514 22
    endloop
  endfacet
  facet normal 0.903995 -0.427543 0
    outer loop
      vertex -86.0904 44.643 26
      vertex -85.8806 45.0866 22
      vertex -85.8806 45.0866 26
    endloop
  endfacet
  facet normal 0.903995 -0.427543 0
    outer loop
      vertex -85.8806 45.0866 22
      vertex -86.0904 44.643 26
      vertex -86.0904 44.643 22
    endloop
  endfacet
  facet normal 0.242919 0.970047 -0
    outer loop
      vertex -89.0486 51.7847 22
      vertex -89.5246 51.9039 26
      vertex -89.0486 51.7847 26
    endloop
  endfacet
  facet normal 0.242919 0.970047 0
    outer loop
      vertex -89.5246 51.9039 26
      vertex -89.0486 51.7847 22
      vertex -89.5246 51.9039 22
    endloop
  endfacet
  facet normal -0.970034 0.242967 0
    outer loop
      vertex -95.4039 47.9755 22
      vertex -95.2847 48.4514 26
      vertex -95.2847 48.4514 22
    endloop
  endfacet
  facet normal -0.970034 0.242967 0
    outer loop
      vertex -95.2847 48.4514 26
      vertex -95.4039 47.9755 22
      vertex -95.4039 47.9755 26
    endloop
  endfacet
  facet normal 0.0491143 0.998793 -0
    outer loop
      vertex -90.0099 51.9759 22
      vertex -90.5 52 26
      vertex -90.0099 51.9759 26
    endloop
  endfacet
  facet normal 0.0491143 0.998793 0
    outer loop
      vertex -90.5 52 26
      vertex -90.0099 51.9759 22
      vertex -90.5 52 22
    endloop
  endfacet
  facet normal 0.242919 -0.970047 0
    outer loop
      vertex -89.5246 42.0961 22
      vertex -89.0486 42.2153 26
      vertex -89.5246 42.0961 26
    endloop
  endfacet
  facet normal 0.242919 -0.970047 0
    outer loop
      vertex -89.0486 42.2153 26
      vertex -89.5246 42.0961 22
      vertex -89.0486 42.2153 22
    endloop
  endfacet
  facet normal -0.595491 0.803362 0
    outer loop
      vertex -93.2778 51.1573 22
      vertex -93.672 50.8651 26
      vertex -93.2778 51.1573 26
    endloop
  endfacet
  facet normal -0.595491 0.803362 0
    outer loop
      vertex -93.672 50.8651 26
      vertex -93.2778 51.1573 22
      vertex -93.672 50.8651 22
    endloop
  endfacet
  facet normal 0.427543 0.903995 -0
    outer loop
      vertex -88.143 51.4096 22
      vertex -88.5866 51.6194 26
      vertex -88.143 51.4096 26
    endloop
  endfacet
  facet normal 0.427543 0.903995 0
    outer loop
      vertex -88.5866 51.6194 26
      vertex -88.143 51.4096 22
      vertex -88.5866 51.6194 22
    endloop
  endfacet
  facet normal -0.941548 0.336879 0
    outer loop
      vertex -95.2847 48.4514 22
      vertex -95.1194 48.9134 26
      vertex -95.1194 48.9134 22
    endloop
  endfacet
  facet normal -0.941548 0.336879 0
    outer loop
      vertex -95.1194 48.9134 26
      vertex -95.2847 48.4514 22
      vertex -95.2847 48.4514 26
    endloop
  endfacet
  facet normal -0.671719 0.740806 0
    outer loop
      vertex -93.672 50.8651 22
      vertex -94.0355 50.5355 26
      vertex -93.672 50.8651 26
    endloop
  endfacet
  facet normal -0.671719 0.740806 0
    outer loop
      vertex -94.0355 50.5355 26
      vertex -93.672 50.8651 22
      vertex -94.0355 50.5355 22
    endloop
  endfacet
  facet normal -0.903995 -0.427543 0
    outer loop
      vertex -94.9096 44.643 22
      vertex -95.1194 45.0866 26
      vertex -95.1194 45.0866 22
    endloop
  endfacet
  facet normal -0.903995 -0.427543 0
    outer loop
      vertex -95.1194 45.0866 26
      vertex -94.9096 44.643 22
      vertex -94.9096 44.643 26
    endloop
  endfacet
  facet normal -0.80329 -0.595588 0
    outer loop
      vertex -94.3651 43.828 22
      vertex -94.6573 44.2221 26
      vertex -94.6573 44.2221 22
    endloop
  endfacet
  facet normal -0.80329 -0.595588 0
    outer loop
      vertex -94.6573 44.2221 26
      vertex -94.3651 43.828 22
      vertex -94.3651 43.828 26
    endloop
  endfacet
  facet normal 0.514136 -0.857709 0
    outer loop
      vertex -88.143 42.5904 22
      vertex -87.7221 42.8427 26
      vertex -88.143 42.5904 26
    endloop
  endfacet
  facet normal 0.514136 -0.857709 0
    outer loop
      vertex -87.7221 42.8427 26
      vertex -88.143 42.5904 22
      vertex -87.7221 42.8427 22
    endloop
  endfacet
  facet normal -0.740806 -0.671719 0
    outer loop
      vertex -94.0355 43.4645 22
      vertex -94.3651 43.828 26
      vertex -94.3651 43.828 22
    endloop
  endfacet
  facet normal -0.740806 -0.671719 0
    outer loop
      vertex -94.3651 43.828 26
      vertex -94.0355 43.4645 22
      vertex -94.0355 43.4645 26
    endloop
  endfacet
  facet normal -0.336879 0.941548 0
    outer loop
      vertex -91.9514 51.7847 22
      vertex -92.4134 51.6194 26
      vertex -91.9514 51.7847 26
    endloop
  endfacet
  facet normal -0.336879 0.941548 0
    outer loop
      vertex -92.4134 51.6194 26
      vertex -91.9514 51.7847 22
      vertex -92.4134 51.6194 22
    endloop
  endfacet
  facet normal 0 0 1
    outer loop
      vertex -85.5241 47.4901 26
      vertex -85.5241 46.5099 26
      vertex -85.5 47 26
    endloop
  endfacet
  facet normal 0 0 1
    outer loop
      vertex -85.5961 47.9755 26
      vertex -85.5241 46.5099 26
      vertex -85.5241 47.4901 26
    endloop
  endfacet
  facet normal 0 0 1
    outer loop
      vertex -85.5961 47.9755 26
      vertex -85.5961 46.0245 26
      vertex -85.5241 46.5099 26
    endloop
  endfacet
  facet normal 0 0 1
    outer loop
      vertex -85.7153 48.4514 26
      vertex -85.5961 46.0245 26
      vertex -85.5961 47.9755 26
    endloop
  endfacet
  facet normal 0 0 1
    outer loop
      vertex -85.7153 48.4514 26
      vertex -85.7153 45.5486 26
      vertex -85.5961 46.0245 26
    endloop
  endfacet
  facet normal 0 0 1
    outer loop
      vertex -85.8806 48.9134 26
      vertex -85.7153 45.5486 26
      vertex -85.7153 48.4514 26
    endloop
  endfacet
  facet normal 0 0 1
    outer loop
      vertex -85.8806 48.9134 26
      vertex -85.8806 45.0866 26
      vertex -85.7153 45.5486 26
    endloop
  endfacet
  facet normal 0 0 1
    outer loop
      vertex -86.0904 49.357 26
      vertex -85.8806 45.0866 26
      vertex -85.8806 48.9134 26
    endloop
  endfacet
  facet normal 0 0 1
    outer loop
      vertex -86.0904 49.357 26
      vertex -86.0904 44.643 26
      vertex -85.8806 45.0866 26
    endloop
  endfacet
  facet normal 0 0 1
    outer loop
      vertex -86.3427 49.7779 26
      vertex -86.0904 44.643 26
      vertex -86.0904 49.357 26
    endloop
  endfacet
  facet normal 0 0 1
    outer loop
      vertex -86.3427 49.7779 26
      vertex -86.3427 44.2221 26
      vertex -86.0904 44.643 26
    endloop
  endfacet
  facet normal 0 0 1
    outer loop
      vertex -86.6349 50.172 26
      vertex -86.3427 44.2221 26
      vertex -86.3427 49.7779 26
    endloop
  endfacet
  facet normal 0 0 1
    outer loop
      vertex -86.6349 50.172 26
      vertex -86.6349 43.828 26
      vertex -86.3427 44.2221 26
    endloop
  endfacet
  facet normal 0 0 1
    outer loop
      vertex -86.9645 50.5355 26
      vertex -86.6349 43.828 26
      vertex -86.6349 50.172 26
    endloop
  endfacet
  facet normal 0 0 1
    outer loop
      vertex -86.9645 50.5355 26
      vertex -86.9645 43.4645 26
      vertex -86.6349 43.828 26
    endloop
  endfacet
  facet normal 0 0 1
    outer loop
      vertex -87.328 50.8651 26
      vertex -86.9645 43.4645 26
      vertex -86.9645 50.5355 26
    endloop
  endfacet
  facet normal 0 0 1
    outer loop
      vertex -87.328 50.8651 26
      vertex -87.328 43.1349 26
      vertex -86.9645 43.4645 26
    endloop
  endfacet
  facet normal 0 0 1
    outer loop
      vertex -87.7221 51.1573 26
      vertex -87.328 43.1349 26
      vertex -87.328 50.8651 26
    endloop
  endfacet
  facet normal 0 0 1
    outer loop
      vertex -87.7221 51.1573 26
      vertex -87.7221 42.8427 26
      vertex -87.328 43.1349 26
    endloop
  endfacet
  facet normal 0 0 1
    outer loop
      vertex -88.143 51.4096 26
      vertex -87.7221 42.8427 26
      vertex -87.7221 51.1573 26
    endloop
  endfacet
  facet normal 0 0 1
    outer loop
      vertex -88.143 51.4096 26
      vertex -88.143 42.5904 26
      vertex -87.7221 42.8427 26
    endloop
  endfacet
  facet normal 0 0 1
    outer loop
      vertex -88.5866 51.6194 26
      vertex -88.143 42.5904 26
      vertex -88.143 51.4096 26
    endloop
  endfacet
  facet normal 0 0 1
    outer loop
      vertex -88.5866 51.6194 26
      vertex -88.5866 42.3806 26
      vertex -88.143 42.5904 26
    endloop
  endfacet
  facet normal 0 0 1
    outer loop
      vertex -89.0486 51.7847 26
      vertex -88.5866 42.3806 26
      vertex -88.5866 51.6194 26
    endloop
  endfacet
  facet normal 0 0 1
    outer loop
      vertex -89.0486 51.7847 26
      vertex -89.0486 42.2153 26
      vertex -88.5866 42.3806 26
    endloop
  endfacet
  facet normal 0 0 1
    outer loop
      vertex -89.5246 51.9039 26
      vertex -89.0486 42.2153 26
      vertex -89.0486 51.7847 26
    endloop
  endfacet
  facet normal 0 0 1
    outer loop
      vertex -89.5246 51.9039 26
      vertex -89.5246 42.0961 26
      vertex -89.0486 42.2153 26
    endloop
  endfacet
  facet normal 0 0 1
    outer loop
      vertex -90.0099 51.9759 26
      vertex -89.5246 42.0961 26
      vertex -89.5246 51.9039 26
    endloop
  endfacet
  facet normal 0 0 1
    outer loop
      vertex -90.0099 51.9759 26
      vertex -90.0099 42.0241 26
      vertex -89.5246 42.0961 26
    endloop
  endfacet
  facet normal 0 0 1
    outer loop
      vertex -90.5 52 26
      vertex -90.0099 42.0241 26
      vertex -90.0099 51.9759 26
    endloop
  endfacet
  facet normal 0 0 1
    outer loop
      vertex -90.5 52 26
      vertex -90.5 42 26
      vertex -90.0099 42.0241 26
    endloop
  endfacet
  facet normal -0 0 1
    outer loop
      vertex -90.9901 51.9759 26
      vertex -90.5 42 26
      vertex -90.5 52 26
    endloop
  endfacet
  facet normal 0 0 1
    outer loop
      vertex -90.9901 51.9759 26
      vertex -90.9901 42.0241 26
      vertex -90.5 42 26
    endloop
  endfacet
  facet normal -0 0 1
    outer loop
      vertex -91.4754 51.9039 26
      vertex -90.9901 42.0241 26
      vertex -90.9901 51.9759 26
    endloop
  endfacet
  facet normal 0 0 1
    outer loop
      vertex -91.4754 51.9039 26
      vertex -91.4754 42.0961 26
      vertex -90.9901 42.0241 26
    endloop
  endfacet
  facet normal -0 0 1
    outer loop
      vertex -91.9514 51.7847 26
      vertex -91.4754 42.0961 26
      vertex -91.4754 51.9039 26
    endloop
  endfacet
  facet normal 0 0 1
    outer loop
      vertex -91.9514 51.7847 26
      vertex -91.9514 42.2153 26
      vertex -91.4754 42.0961 26
    endloop
  endfacet
  facet normal -0 0 1
    outer loop
      vertex -92.4134 51.6194 26
      vertex -91.9514 42.2153 26
      vertex -91.9514 51.7847 26
    endloop
  endfacet
  facet normal 0 0 1
    outer loop
      vertex -92.4134 51.6194 26
      vertex -92.4134 42.3806 26
      vertex -91.9514 42.2153 26
    endloop
  endfacet
  facet normal -0 0 1
    outer loop
      vertex -92.857 51.4096 26
      vertex -92.4134 42.3806 26
      vertex -92.4134 51.6194 26
    endloop
  endfacet
  facet normal 0 0 1
    outer loop
      vertex -92.857 51.4096 26
      vertex -92.857 42.5904 26
      vertex -92.4134 42.3806 26
    endloop
  endfacet
  facet normal -0 0 1
    outer loop
      vertex -93.2778 51.1573 26
      vertex -92.857 42.5904 26
      vertex -92.857 51.4096 26
    endloop
  endfacet
  facet normal 0 0 1
    outer loop
      vertex -93.2778 51.1573 26
      vertex -93.2778 42.8427 26
      vertex -92.857 42.5904 26
    endloop
  endfacet
  facet normal -0 0 1
    outer loop
      vertex -93.672 50.8651 26
      vertex -93.2778 42.8427 26
      vertex -93.2778 51.1573 26
    endloop
  endfacet
  facet normal 0 0 1
    outer loop
      vertex -93.672 50.8651 26
      vertex -93.672 43.1349 26
      vertex -93.2778 42.8427 26
    endloop
  endfacet
  facet normal -0 0 1
    outer loop
      vertex -94.0355 50.5355 26
      vertex -93.672 43.1349 26
      vertex -93.672 50.8651 26
    endloop
  endfacet
  facet normal 0 0 1
    outer loop
      vertex -94.0355 50.5355 26
      vertex -94.0355 43.4645 26
      vertex -93.672 43.1349 26
    endloop
  endfacet
  facet normal -0 0 1
    outer loop
      vertex -94.3651 50.172 26
      vertex -94.0355 43.4645 26
      vertex -94.0355 50.5355 26
    endloop
  endfacet
  facet normal 0 0 1
    outer loop
      vertex -94.3651 50.172 26
      vertex -94.3651 43.828 26
      vertex -94.0355 43.4645 26
    endloop
  endfacet
  facet normal -0 0 1
    outer loop
      vertex -94.6573 49.7779 26
      vertex -94.3651 43.828 26
      vertex -94.3651 50.172 26
    endloop
  endfacet
  facet normal 0 0 1
    outer loop
      vertex -94.6573 49.7779 26
      vertex -94.6573 44.2221 26
      vertex -94.3651 43.828 26
    endloop
  endfacet
  facet normal -0 0 1
    outer loop
      vertex -94.9096 49.357 26
      vertex -94.6573 44.2221 26
      vertex -94.6573 49.7779 26
    endloop
  endfacet
  facet normal 0 0 1
    outer loop
      vertex -94.9096 49.357 26
      vertex -94.9096 44.643 26
      vertex -94.6573 44.2221 26
    endloop
  endfacet
  facet normal -0 0 1
    outer loop
      vertex -95.1194 48.9134 26
      vertex -94.9096 44.643 26
      vertex -94.9096 49.357 26
    endloop
  endfacet
  facet normal 0 0 1
    outer loop
      vertex -95.1194 48.9134 26
      vertex -95.1194 45.0866 26
      vertex -94.9096 44.643 26
    endloop
  endfacet
  facet normal -0 0 1
    outer loop
      vertex -95.2847 48.4514 26
      vertex -95.1194 45.0866 26
      vertex -95.1194 48.9134 26
    endloop
  endfacet
  facet normal 0 0 1
    outer loop
      vertex -95.2847 48.4514 26
      vertex -95.2847 45.5486 26
      vertex -95.1194 45.0866 26
    endloop
  endfacet
  facet normal -0 0 1
    outer loop
      vertex -95.4039 47.9755 26
      vertex -95.2847 45.5486 26
      vertex -95.2847 48.4514 26
    endloop
  endfacet
  facet normal 0 0 1
    outer loop
      vertex -95.4039 47.9755 26
      vertex -95.4039 46.0245 26
      vertex -95.2847 45.5486 26
    endloop
  endfacet
  facet normal -0 0 1
    outer loop
      vertex -95.4759 47.4901 26
      vertex -95.4039 46.0245 26
      vertex -95.4039 47.9755 26
    endloop
  endfacet
  facet normal 0 0 1
    outer loop
      vertex -95.4759 47.4901 26
      vertex -95.4759 46.5099 26
      vertex -95.4039 46.0245 26
    endloop
  endfacet
  facet normal 0 -0 1
    outer loop
      vertex -95.4759 46.5099 26
      vertex -95.4759 47.4901 26
      vertex -95.5 47 26
    endloop
  endfacet
  facet normal 0.80329 -0.595588 0
    outer loop
      vertex -86.6349 43.828 26
      vertex -86.3427 44.2221 22
      vertex -86.3427 44.2221 26
    endloop
  endfacet
  facet normal 0.80329 -0.595588 0
    outer loop
      vertex -86.3427 44.2221 22
      vertex -86.6349 43.828 26
      vertex -86.6349 43.828 22
    endloop
  endfacet
  facet normal -0.595491 -0.803362 0
    outer loop
      vertex -93.672 43.1349 22
      vertex -93.2778 42.8427 26
      vertex -93.672 43.1349 26
    endloop
  endfacet
  facet normal -0.595491 -0.803362 -0
    outer loop
      vertex -93.2778 42.8427 26
      vertex -93.672 43.1349 22
      vertex -93.2778 42.8427 22
    endloop
  endfacet
  facet normal -0.242919 -0.970047 0
    outer loop
      vertex -91.9514 42.2153 22
      vertex -91.4754 42.0961 26
      vertex -91.9514 42.2153 26
    endloop
  endfacet
  facet normal -0.242919 -0.970047 -0
    outer loop
      vertex -91.4754 42.0961 26
      vertex -91.9514 42.2153 22
      vertex -91.4754 42.0961 22
    endloop
  endfacet
  facet normal -0.857709 0.514136 0
    outer loop
      vertex -94.9096 49.357 22
      vertex -94.6573 49.7779 26
      vertex -94.6573 49.7779 22
    endloop
  endfacet
  facet normal -0.857709 0.514136 0
    outer loop
      vertex -94.6573 49.7779 26
      vertex -94.9096 49.357 22
      vertex -94.9096 49.357 26
    endloop
  endfacet
  facet normal 0.595588 -0.80329 0
    outer loop
      vertex -87.7221 42.8427 22
      vertex -87.328 43.1349 26
      vertex -87.7221 42.8427 26
    endloop
  endfacet
  facet normal 0.595588 -0.80329 0
    outer loop
      vertex -87.328 43.1349 26
      vertex -87.7221 42.8427 22
      vertex -87.328 43.1349 22
    endloop
  endfacet
  facet normal 0.336879 -0.941548 0
    outer loop
      vertex -89.0486 42.2153 22
      vertex -88.5866 42.3806 26
      vertex -89.0486 42.2153 26
    endloop
  endfacet
  facet normal 0.336879 -0.941548 0
    outer loop
      vertex -88.5866 42.3806 26
      vertex -89.0486 42.2153 22
      vertex -88.5866 42.3806 22
    endloop
  endfacet
  facet normal 0.671719 -0.740806 0
    outer loop
      vertex -87.328 43.1349 22
      vertex -86.9645 43.4645 26
      vertex -87.328 43.1349 26
    endloop
  endfacet
  facet normal 0.671719 -0.740806 0
    outer loop
      vertex -86.9645 43.4645 26
      vertex -87.328 43.1349 22
      vertex -86.9645 43.4645 22
    endloop
  endfacet
  facet normal -0.514226 -0.857655 0
    outer loop
      vertex -93.2778 42.8427 22
      vertex -92.857 42.5904 26
      vertex -93.2778 42.8427 26
    endloop
  endfacet
  facet normal -0.514226 -0.857655 -0
    outer loop
      vertex -92.857 42.5904 26
      vertex -93.2778 42.8427 22
      vertex -92.857 42.5904 22
    endloop
  endfacet
  facet normal -0.903995 0.427543 0
    outer loop
      vertex -95.1194 48.9134 22
      vertex -94.9096 49.357 26
      vertex -94.9096 49.357 22
    endloop
  endfacet
  facet normal -0.903995 0.427543 0
    outer loop
      vertex -94.9096 49.357 26
      vertex -95.1194 48.9134 22
      vertex -95.1194 48.9134 26
    endloop
  endfacet
  facet normal -0.857709 -0.514136 0
    outer loop
      vertex -94.6573 44.2221 22
      vertex -94.9096 44.643 26
      vertex -94.9096 44.643 22
    endloop
  endfacet
  facet normal -0.857709 -0.514136 0
    outer loop
      vertex -94.9096 44.643 26
      vertex -94.6573 44.2221 22
      vertex -94.6573 44.2221 26
    endloop
  endfacet
  facet normal -0.146755 -0.989173 0
    outer loop
      vertex -91.4754 42.0961 22
      vertex -90.9901 42.0241 26
      vertex -91.4754 42.0961 26
    endloop
  endfacet
  facet normal -0.146755 -0.989173 -0
    outer loop
      vertex -90.9901 42.0241 26
      vertex -91.4754 42.0961 22
      vertex -90.9901 42.0241 22
    endloop
  endfacet
  facet normal -0.514226 0.857655 0
    outer loop
      vertex -92.857 51.4096 22
      vertex -93.2778 51.1573 26
      vertex -92.857 51.4096 26
    endloop
  endfacet
  facet normal -0.514226 0.857655 0
    outer loop
      vertex -93.2778 51.1573 26
      vertex -92.857 51.4096 22
      vertex -93.2778 51.1573 22
    endloop
  endfacet
  facet normal -0.427543 -0.903995 0
    outer loop
      vertex -92.857 42.5904 22
      vertex -92.4134 42.3806 26
      vertex -92.857 42.5904 26
    endloop
  endfacet
  facet normal -0.427543 -0.903995 -0
    outer loop
      vertex -92.4134 42.3806 26
      vertex -92.857 42.5904 22
      vertex -92.4134 42.3806 22
    endloop
  endfacet
  facet normal -0.671719 -0.740806 0
    outer loop
      vertex -94.0355 43.4645 22
      vertex -93.672 43.1349 26
      vertex -94.0355 43.4645 26
    endloop
  endfacet
  facet normal -0.671719 -0.740806 -0
    outer loop
      vertex -93.672 43.1349 26
      vertex -94.0355 43.4645 22
      vertex -93.672 43.1349 22
    endloop
  endfacet
  facet normal -0.998793 -0.0491143 0
    outer loop
      vertex -95.4759 -47.4901 22
      vertex -95.5 -47 26
      vertex -95.5 -47 22
    endloop
  endfacet
  facet normal -0.998793 -0.0491143 0
    outer loop
      vertex -95.5 -47 26
      vertex -95.4759 -47.4901 22
      vertex -95.4759 -47.4901 26
    endloop
  endfacet
  facet normal -0.941548 0.336879 0
    outer loop
      vertex -95.2847 -45.5486 22
      vertex -95.1194 -45.0866 26
      vertex -95.1194 -45.0866 22
    endloop
  endfacet
  facet normal -0.941548 0.336879 0
    outer loop
      vertex -95.1194 -45.0866 26
      vertex -95.2847 -45.5486 22
      vertex -95.2847 -45.5486 26
    endloop
  endfacet
  facet normal 0.989177 0.146726 0
    outer loop
      vertex -85.5241 -46.5099 26
      vertex -85.5961 -46.0245 22
      vertex -85.5961 -46.0245 26
    endloop
  endfacet
  facet normal 0.989177 0.146726 0
    outer loop
      vertex -85.5961 -46.0245 22
      vertex -85.5241 -46.5099 26
      vertex -85.5241 -46.5099 22
    endloop
  endfacet
  facet normal 0.998793 0.0491143 0
    outer loop
      vertex -85.5 -47 26
      vertex -85.5241 -46.5099 22
      vertex -85.5241 -46.5099 26
    endloop
  endfacet
  facet normal 0.998793 0.0491143 0
    outer loop
      vertex -85.5241 -46.5099 22
      vertex -85.5 -47 26
      vertex -85.5 -47 22
    endloop
  endfacet
  facet normal 0.970034 0.242967 0
    outer loop
      vertex -85.5961 -46.0245 26
      vertex -85.7153 -45.5486 22
      vertex -85.7153 -45.5486 26
    endloop
  endfacet
  facet normal 0.970034 0.242967 0
    outer loop
      vertex -85.7153 -45.5486 22
      vertex -85.5961 -46.0245 26
      vertex -85.5961 -46.0245 22
    endloop
  endfacet
  facet normal 0.0491143 0.998793 -0
    outer loop
      vertex -90.0099 -42.0241 22
      vertex -90.5 -42 26
      vertex -90.0099 -42.0241 26
    endloop
  endfacet
  facet normal 0.0491143 0.998793 0
    outer loop
      vertex -90.5 -42 26
      vertex -90.0099 -42.0241 22
      vertex -90.5 -42 22
    endloop
  endfacet
  facet normal -0.0491143 -0.998793 0
    outer loop
      vertex -90.9901 -51.9759 22
      vertex -90.5 -52 26
      vertex -90.9901 -51.9759 26
    endloop
  endfacet
  facet normal -0.0491143 -0.998793 -0
    outer loop
      vertex -90.5 -52 26
      vertex -90.9901 -51.9759 22
      vertex -90.5 -52 22
    endloop
  endfacet
  facet normal 0.427543 -0.903995 0
    outer loop
      vertex -88.5866 -51.6194 22
      vertex -88.143 -51.4096 26
      vertex -88.5866 -51.6194 26
    endloop
  endfacet
  facet normal 0.427543 -0.903995 0
    outer loop
      vertex -88.143 -51.4096 26
      vertex -88.5866 -51.6194 22
      vertex -88.143 -51.4096 22
    endloop
  endfacet
  facet normal -0.336879 -0.941548 0
    outer loop
      vertex -92.4134 -51.6194 22
      vertex -91.9514 -51.7847 26
      vertex -92.4134 -51.6194 26
    endloop
  endfacet
  facet normal -0.336879 -0.941548 -0
    outer loop
      vertex -91.9514 -51.7847 26
      vertex -92.4134 -51.6194 22
      vertex -91.9514 -51.7847 22
    endloop
  endfacet
  facet normal -0.595491 0.803362 0
    outer loop
      vertex -93.2778 -42.8427 22
      vertex -93.672 -43.1349 26
      vertex -93.2778 -42.8427 26
    endloop
  endfacet
  facet normal -0.595491 0.803362 0
    outer loop
      vertex -93.672 -43.1349 26
      vertex -93.2778 -42.8427 22
      vertex -93.672 -43.1349 22
    endloop
  endfacet
  facet normal 0.146755 -0.989173 0
    outer loop
      vertex -90.0099 -51.9759 22
      vertex -89.5246 -51.9039 26
      vertex -90.0099 -51.9759 26
    endloop
  endfacet
  facet normal 0.146755 -0.989173 0
    outer loop
      vertex -89.5246 -51.9039 26
      vertex -90.0099 -51.9759 22
      vertex -89.5246 -51.9039 22
    endloop
  endfacet
  facet normal 0.857709 -0.514136 0
    outer loop
      vertex -86.3427 -49.7779 26
      vertex -86.0904 -49.357 22
      vertex -86.0904 -49.357 26
    endloop
  endfacet
  facet normal 0.857709 -0.514136 0
    outer loop
      vertex -86.0904 -49.357 22
      vertex -86.3427 -49.7779 26
      vertex -86.3427 -49.7779 22
    endloop
  endfacet
  facet normal 0.514136 -0.857709 0
    outer loop
      vertex -88.143 -51.4096 22
      vertex -87.7221 -51.1573 26
      vertex -88.143 -51.4096 26
    endloop
  endfacet
  facet normal 0.514136 -0.857709 0
    outer loop
      vertex -87.7221 -51.1573 26
      vertex -88.143 -51.4096 22
      vertex -87.7221 -51.1573 22
    endloop
  endfacet
  facet normal -0.146755 0.989173 0
    outer loop
      vertex -90.9901 -42.0241 22
      vertex -91.4754 -42.0961 26
      vertex -90.9901 -42.0241 26
    endloop
  endfacet
  facet normal -0.146755 0.989173 0
    outer loop
      vertex -91.4754 -42.0961 26
      vertex -90.9901 -42.0241 22
      vertex -91.4754 -42.0961 22
    endloop
  endfacet
  facet normal 0.903995 0.427543 0
    outer loop
      vertex -85.8806 -45.0866 26
      vertex -86.0904 -44.643 22
      vertex -86.0904 -44.643 26
    endloop
  endfacet
  facet normal 0.903995 0.427543 0
    outer loop
      vertex -86.0904 -44.643 22
      vertex -85.8806 -45.0866 26
      vertex -85.8806 -45.0866 22
    endloop
  endfacet
  facet normal -0.970034 0.242967 0
    outer loop
      vertex -95.4039 -46.0245 22
      vertex -95.2847 -45.5486 26
      vertex -95.2847 -45.5486 22
    endloop
  endfacet
  facet normal -0.970034 0.242967 0
    outer loop
      vertex -95.2847 -45.5486 26
      vertex -95.4039 -46.0245 22
      vertex -95.4039 -46.0245 26
    endloop
  endfacet
  facet normal 0.903995 -0.427543 0
    outer loop
      vertex -86.0904 -49.357 26
      vertex -85.8806 -48.9134 22
      vertex -85.8806 -48.9134 26
    endloop
  endfacet
  facet normal 0.903995 -0.427543 0
    outer loop
      vertex -85.8806 -48.9134 22
      vertex -86.0904 -49.357 26
      vertex -86.0904 -49.357 22
    endloop
  endfacet
  facet normal 0.740806 -0.671719 0
    outer loop
      vertex -86.9645 -50.5355 26
      vertex -86.6349 -50.172 22
      vertex -86.6349 -50.172 26
    endloop
  endfacet
  facet normal 0.740806 -0.671719 0
    outer loop
      vertex -86.6349 -50.172 22
      vertex -86.9645 -50.5355 26
      vertex -86.9645 -50.5355 22
    endloop
  endfacet
  facet normal 0.595588 0.80329 -0
    outer loop
      vertex -87.328 -43.1349 22
      vertex -87.7221 -42.8427 26
      vertex -87.328 -43.1349 26
    endloop
  endfacet
  facet normal 0.595588 0.80329 0
    outer loop
      vertex -87.7221 -42.8427 26
      vertex -87.328 -43.1349 22
      vertex -87.7221 -42.8427 22
    endloop
  endfacet
  facet normal -0.970034 -0.242967 0
    outer loop
      vertex -95.2847 -48.4514 22
      vertex -95.4039 -47.9755 26
      vertex -95.4039 -47.9755 22
    endloop
  endfacet
  facet normal -0.970034 -0.242967 0
    outer loop
      vertex -95.4039 -47.9755 26
      vertex -95.2847 -48.4514 22
      vertex -95.2847 -48.4514 26
    endloop
  endfacet
  facet normal -0.514226 0.857655 0
    outer loop
      vertex -92.857 -42.5904 22
      vertex -93.2778 -42.8427 26
      vertex -92.857 -42.5904 26
    endloop
  endfacet
  facet normal -0.514226 0.857655 0
    outer loop
      vertex -93.2778 -42.8427 26
      vertex -92.857 -42.5904 22
      vertex -93.2778 -42.8427 22
    endloop
  endfacet
  facet normal 0.80329 0.595588 0
    outer loop
      vertex -86.3427 -44.2221 26
      vertex -86.6349 -43.828 22
      vertex -86.6349 -43.828 26
    endloop
  endfacet
  facet normal 0.80329 0.595588 0
    outer loop
      vertex -86.6349 -43.828 22
      vertex -86.3427 -44.2221 26
      vertex -86.3427 -44.2221 22
    endloop
  endfacet
  facet normal -0.671719 -0.740806 0
    outer loop
      vertex -94.0355 -50.5355 22
      vertex -93.672 -50.8651 26
      vertex -94.0355 -50.5355 26
    endloop
  endfacet
  facet normal -0.671719 -0.740806 -0
    outer loop
      vertex -93.672 -50.8651 26
      vertex -94.0355 -50.5355 22
      vertex -93.672 -50.8651 22
    endloop
  endfacet
  facet normal 0.242919 -0.970047 0
    outer loop
      vertex -89.5246 -51.9039 22
      vertex -89.0486 -51.7847 26
      vertex -89.5246 -51.9039 26
    endloop
  endfacet
  facet normal 0.242919 -0.970047 0
    outer loop
      vertex -89.0486 -51.7847 26
      vertex -89.5246 -51.9039 22
      vertex -89.0486 -51.7847 22
    endloop
  endfacet
  facet normal 0.514136 0.857709 -0
    outer loop
      vertex -87.7221 -42.8427 22
      vertex -88.143 -42.5904 26
      vertex -87.7221 -42.8427 26
    endloop
  endfacet
  facet normal 0.514136 0.857709 0
    outer loop
      vertex -88.143 -42.5904 26
      vertex -87.7221 -42.8427 22
      vertex -88.143 -42.5904 22
    endloop
  endfacet
  facet normal 0.242919 0.970047 -0
    outer loop
      vertex -89.0486 -42.2153 22
      vertex -89.5246 -42.0961 26
      vertex -89.0486 -42.2153 26
    endloop
  endfacet
  facet normal 0.242919 0.970047 0
    outer loop
      vertex -89.5246 -42.0961 26
      vertex -89.0486 -42.2153 22
      vertex -89.5246 -42.0961 22
    endloop
  endfacet
  facet normal 0.998793 -0.0491143 0
    outer loop
      vertex -85.5241 -47.4901 26
      vertex -85.5 -47 22
      vertex -85.5 -47 26
    endloop
  endfacet
  facet normal 0.998793 -0.0491143 0
    outer loop
      vertex -85.5 -47 22
      vertex -85.5241 -47.4901 26
      vertex -85.5241 -47.4901 22
    endloop
  endfacet
  facet normal -0.740806 -0.671719 0
    outer loop
      vertex -94.0355 -50.5355 22
      vertex -94.3651 -50.172 26
      vertex -94.3651 -50.172 22
    endloop
  endfacet
  facet normal -0.740806 -0.671719 0
    outer loop
      vertex -94.3651 -50.172 26
      vertex -94.0355 -50.5355 22
      vertex -94.0355 -50.5355 26
    endloop
  endfacet
  facet normal -0.336879 0.941548 0
    outer loop
      vertex -91.9514 -42.2153 22
      vertex -92.4134 -42.3806 26
      vertex -91.9514 -42.2153 26
    endloop
  endfacet
  facet normal -0.336879 0.941548 0
    outer loop
      vertex -92.4134 -42.3806 26
      vertex -91.9514 -42.2153 22
      vertex -92.4134 -42.3806 22
    endloop
  endfacet
  facet normal 0.146755 0.989173 -0
    outer loop
      vertex -89.5246 -42.0961 22
      vertex -90.0099 -42.0241 26
      vertex -89.5246 -42.0961 26
    endloop
  endfacet
  facet normal 0.146755 0.989173 0
    outer loop
      vertex -90.0099 -42.0241 26
      vertex -89.5246 -42.0961 22
      vertex -90.0099 -42.0241 22
    endloop
  endfacet
  facet normal -0.514226 -0.857655 0
    outer loop
      vertex -93.2778 -51.1573 22
      vertex -92.857 -51.4096 26
      vertex -93.2778 -51.1573 26
    endloop
  endfacet
  facet normal -0.514226 -0.857655 -0
    outer loop
      vertex -92.857 -51.4096 26
      vertex -93.2778 -51.1573 22
      vertex -92.857 -51.4096 22
    endloop
  endfacet
  facet normal -0.146755 -0.989173 0
    outer loop
      vertex -91.4754 -51.9039 22
      vertex -90.9901 -51.9759 26
      vertex -91.4754 -51.9039 26
    endloop
  endfacet
  facet normal -0.146755 -0.989173 -0
    outer loop
      vertex -90.9901 -51.9759 26
      vertex -91.4754 -51.9039 22
      vertex -90.9901 -51.9759 22
    endloop
  endfacet
  facet normal 0.941548 0.336879 0
    outer loop
      vertex -85.7153 -45.5486 26
      vertex -85.8806 -45.0866 22
      vertex -85.8806 -45.0866 26
    endloop
  endfacet
  facet normal 0.941548 0.336879 0
    outer loop
      vertex -85.8806 -45.0866 22
      vertex -85.7153 -45.5486 26
      vertex -85.7153 -45.5486 22
    endloop
  endfacet
  facet normal -0.427543 -0.903995 0
    outer loop
      vertex -92.857 -51.4096 22
      vertex -92.4134 -51.6194 26
      vertex -92.857 -51.4096 26
    endloop
  endfacet
  facet normal -0.427543 -0.903995 -0
    outer loop
      vertex -92.4134 -51.6194 26
      vertex -92.857 -51.4096 22
      vertex -92.4134 -51.6194 22
    endloop
  endfacet
  facet normal -0.740806 0.671719 0
    outer loop
      vertex -94.3651 -43.828 22
      vertex -94.0355 -43.4645 26
      vertex -94.0355 -43.4645 22
    endloop
  endfacet
  facet normal -0.740806 0.671719 0
    outer loop
      vertex -94.0355 -43.4645 26
      vertex -94.3651 -43.828 22
      vertex -94.3651 -43.828 26
    endloop
  endfacet
  facet normal 0.970034 -0.242967 0
    outer loop
      vertex -85.7153 -48.4514 26
      vertex -85.5961 -47.9755 22
      vertex -85.5961 -47.9755 26
    endloop
  endfacet
  facet normal 0.970034 -0.242967 0
    outer loop
      vertex -85.5961 -47.9755 22
      vertex -85.7153 -48.4514 26
      vertex -85.7153 -48.4514 22
    endloop
  endfacet
  facet normal 0.989177 -0.146726 0
    outer loop
      vertex -85.5961 -47.9755 26
      vertex -85.5241 -47.4901 22
      vertex -85.5241 -47.4901 26
    endloop
  endfacet
  facet normal 0.989177 -0.146726 0
    outer loop
      vertex -85.5241 -47.4901 22
      vertex -85.5961 -47.9755 26
      vertex -85.5961 -47.9755 22
    endloop
  endfacet
  facet normal 0.740806 0.671719 0
    outer loop
      vertex -86.6349 -43.828 26
      vertex -86.9645 -43.4645 22
      vertex -86.9645 -43.4645 26
    endloop
  endfacet
  facet normal 0.740806 0.671719 0
    outer loop
      vertex -86.9645 -43.4645 22
      vertex -86.6349 -43.828 26
      vertex -86.6349 -43.828 22
    endloop
  endfacet
  facet normal 0.336879 0.941548 -0
    outer loop
      vertex -88.5866 -42.3806 22
      vertex -89.0486 -42.2153 26
      vertex -88.5866 -42.3806 26
    endloop
  endfacet
  facet normal 0.336879 0.941548 0
    outer loop
      vertex -89.0486 -42.2153 26
      vertex -88.5866 -42.3806 22
      vertex -89.0486 -42.2153 22
    endloop
  endfacet
  facet normal 0.0491143 -0.998793 0
    outer loop
      vertex -90.5 -52 22
      vertex -90.0099 -51.9759 26
      vertex -90.5 -52 26
    endloop
  endfacet
  facet normal 0.0491143 -0.998793 0
    outer loop
      vertex -90.0099 -51.9759 26
      vertex -90.5 -52 22
      vertex -90.0099 -51.9759 22
    endloop
  endfacet
  facet normal 0.80329 -0.595588 0
    outer loop
      vertex -86.6349 -50.172 26
      vertex -86.3427 -49.7779 22
      vertex -86.3427 -49.7779 26
    endloop
  endfacet
  facet normal 0.80329 -0.595588 0
    outer loop
      vertex -86.3427 -49.7779 22
      vertex -86.6349 -50.172 26
      vertex -86.6349 -50.172 22
    endloop
  endfacet
  facet normal 0.427543 0.903995 -0
    outer loop
      vertex -88.143 -42.5904 22
      vertex -88.5866 -42.3806 26
      vertex -88.143 -42.5904 26
    endloop
  endfacet
  facet normal 0.427543 0.903995 0
    outer loop
      vertex -88.5866 -42.3806 26
      vertex -88.143 -42.5904 22
      vertex -88.5866 -42.3806 22
    endloop
  endfacet
  facet normal 0.671719 0.740806 -0
    outer loop
      vertex -86.9645 -43.4645 22
      vertex -87.328 -43.1349 26
      vertex -86.9645 -43.4645 26
    endloop
  endfacet
  facet normal 0.671719 0.740806 0
    outer loop
      vertex -87.328 -43.1349 26
      vertex -86.9645 -43.4645 22
      vertex -87.328 -43.1349 22
    endloop
  endfacet
  facet normal 0.857709 0.514136 0
    outer loop
      vertex -86.0904 -44.643 26
      vertex -86.3427 -44.2221 22
      vertex -86.3427 -44.2221 26
    endloop
  endfacet
  facet normal 0.857709 0.514136 0
    outer loop
      vertex -86.3427 -44.2221 22
      vertex -86.0904 -44.643 26
      vertex -86.0904 -44.643 22
    endloop
  endfacet
  facet normal -0.857709 0.514136 0
    outer loop
      vertex -94.9096 -44.643 22
      vertex -94.6573 -44.2221 26
      vertex -94.6573 -44.2221 22
    endloop
  endfacet
  facet normal -0.857709 0.514136 0
    outer loop
      vertex -94.6573 -44.2221 26
      vertex -94.9096 -44.643 22
      vertex -94.9096 -44.643 26
    endloop
  endfacet
  facet normal 0.595588 -0.80329 0
    outer loop
      vertex -87.7221 -51.1573 22
      vertex -87.328 -50.8651 26
      vertex -87.7221 -51.1573 26
    endloop
  endfacet
  facet normal 0.595588 -0.80329 0
    outer loop
      vertex -87.328 -50.8651 26
      vertex -87.7221 -51.1573 22
      vertex -87.328 -50.8651 22
    endloop
  endfacet
  facet normal -0.0491143 0.998793 0
    outer loop
      vertex -90.5 -42 22
      vertex -90.9901 -42.0241 26
      vertex -90.5 -42 26
    endloop
  endfacet
  facet normal -0.0491143 0.998793 0
    outer loop
      vertex -90.9901 -42.0241 26
      vertex -90.5 -42 22
      vertex -90.9901 -42.0241 22
    endloop
  endfacet
  facet normal -0.242919 -0.970047 0
    outer loop
      vertex -91.9514 -51.7847 22
      vertex -91.4754 -51.9039 26
      vertex -91.9514 -51.7847 26
    endloop
  endfacet
  facet normal -0.242919 -0.970047 -0
    outer loop
      vertex -91.4754 -51.9039 26
      vertex -91.9514 -51.7847 22
      vertex -91.4754 -51.9039 22
    endloop
  endfacet
  facet normal -0.671719 0.740806 0
    outer loop
      vertex -93.672 -43.1349 22
      vertex -94.0355 -43.4645 26
      vertex -93.672 -43.1349 26
    endloop
  endfacet
  facet normal -0.671719 0.740806 0
    outer loop
      vertex -94.0355 -43.4645 26
      vertex -93.672 -43.1349 22
      vertex -94.0355 -43.4645 22
    endloop
  endfacet
  facet normal -0.427543 0.903995 0
    outer loop
      vertex -92.4134 -42.3806 22
      vertex -92.857 -42.5904 26
      vertex -92.4134 -42.3806 26
    endloop
  endfacet
  facet normal -0.427543 0.903995 0
    outer loop
      vertex -92.857 -42.5904 26
      vertex -92.4134 -42.3806 22
      vertex -92.857 -42.5904 22
    endloop
  endfacet
  facet normal -0.941548 -0.336879 0
    outer loop
      vertex -95.1194 -48.9134 22
      vertex -95.2847 -48.4514 26
      vertex -95.2847 -48.4514 22
    endloop
  endfacet
  facet normal -0.941548 -0.336879 0
    outer loop
      vertex -95.2847 -48.4514 26
      vertex -95.1194 -48.9134 22
      vertex -95.1194 -48.9134 26
    endloop
  endfacet
  facet normal -0.903995 -0.427543 0
    outer loop
      vertex -94.9096 -49.357 22
      vertex -95.1194 -48.9134 26
      vertex -95.1194 -48.9134 22
    endloop
  endfacet
  facet normal -0.903995 -0.427543 0
    outer loop
      vertex -95.1194 -48.9134 26
      vertex -94.9096 -49.357 22
      vertex -94.9096 -49.357 26
    endloop
  endfacet
  facet normal 0 0 1
    outer loop
      vertex -85.5241 -46.5099 26
      vertex -85.5241 -47.4901 26
      vertex -85.5 -47 26
    endloop
  endfacet
  facet normal 0 0 1
    outer loop
      vertex -85.5961 -46.0245 26
      vertex -85.5241 -47.4901 26
      vertex -85.5241 -46.5099 26
    endloop
  endfacet
  facet normal 0 0 1
    outer loop
      vertex -85.5961 -46.0245 26
      vertex -85.5961 -47.9755 26
      vertex -85.5241 -47.4901 26
    endloop
  endfacet
  facet normal 0 0 1
    outer loop
      vertex -85.7153 -45.5486 26
      vertex -85.5961 -47.9755 26
      vertex -85.5961 -46.0245 26
    endloop
  endfacet
  facet normal 0 0 1
    outer loop
      vertex -85.7153 -45.5486 26
      vertex -85.7153 -48.4514 26
      vertex -85.5961 -47.9755 26
    endloop
  endfacet
  facet normal 0 0 1
    outer loop
      vertex -85.8806 -45.0866 26
      vertex -85.7153 -48.4514 26
      vertex -85.7153 -45.5486 26
    endloop
  endfacet
  facet normal 0 0 1
    outer loop
      vertex -85.8806 -45.0866 26
      vertex -85.8806 -48.9134 26
      vertex -85.7153 -48.4514 26
    endloop
  endfacet
  facet normal 0 0 1
    outer loop
      vertex -86.0904 -44.643 26
      vertex -85.8806 -48.9134 26
      vertex -85.8806 -45.0866 26
    endloop
  endfacet
  facet normal 0 0 1
    outer loop
      vertex -86.0904 -44.643 26
      vertex -86.0904 -49.357 26
      vertex -85.8806 -48.9134 26
    endloop
  endfacet
  facet normal 0 0 1
    outer loop
      vertex -86.3427 -44.2221 26
      vertex -86.0904 -49.357 26
      vertex -86.0904 -44.643 26
    endloop
  endfacet
  facet normal 0 0 1
    outer loop
      vertex -86.3427 -44.2221 26
      vertex -86.3427 -49.7779 26
      vertex -86.0904 -49.357 26
    endloop
  endfacet
  facet normal 0 0 1
    outer loop
      vertex -86.6349 -43.828 26
      vertex -86.3427 -49.7779 26
      vertex -86.3427 -44.2221 26
    endloop
  endfacet
  facet normal 0 0 1
    outer loop
      vertex -86.6349 -43.828 26
      vertex -86.6349 -50.172 26
      vertex -86.3427 -49.7779 26
    endloop
  endfacet
  facet normal 0 0 1
    outer loop
      vertex -86.9645 -43.4645 26
      vertex -86.6349 -50.172 26
      vertex -86.6349 -43.828 26
    endloop
  endfacet
  facet normal 0 0 1
    outer loop
      vertex -86.9645 -43.4645 26
      vertex -86.9645 -50.5355 26
      vertex -86.6349 -50.172 26
    endloop
  endfacet
  facet normal 0 0 1
    outer loop
      vertex -87.328 -43.1349 26
      vertex -86.9645 -50.5355 26
      vertex -86.9645 -43.4645 26
    endloop
  endfacet
  facet normal 0 0 1
    outer loop
      vertex -87.328 -43.1349 26
      vertex -87.328 -50.8651 26
      vertex -86.9645 -50.5355 26
    endloop
  endfacet
  facet normal 0 0 1
    outer loop
      vertex -87.7221 -42.8427 26
      vertex -87.328 -50.8651 26
      vertex -87.328 -43.1349 26
    endloop
  endfacet
  facet normal 0 0 1
    outer loop
      vertex -87.7221 -42.8427 26
      vertex -87.7221 -51.1573 26
      vertex -87.328 -50.8651 26
    endloop
  endfacet
  facet normal 0 0 1
    outer loop
      vertex -88.143 -42.5904 26
      vertex -87.7221 -51.1573 26
      vertex -87.7221 -42.8427 26
    endloop
  endfacet
  facet normal 0 0 1
    outer loop
      vertex -88.143 -42.5904 26
      vertex -88.143 -51.4096 26
      vertex -87.7221 -51.1573 26
    endloop
  endfacet
  facet normal 0 0 1
    outer loop
      vertex -88.5866 -42.3806 26
      vertex -88.143 -51.4096 26
      vertex -88.143 -42.5904 26
    endloop
  endfacet
  facet normal 0 0 1
    outer loop
      vertex -88.5866 -42.3806 26
      vertex -88.5866 -51.6194 26
      vertex -88.143 -51.4096 26
    endloop
  endfacet
  facet normal 0 0 1
    outer loop
      vertex -89.0486 -42.2153 26
      vertex -88.5866 -51.6194 26
      vertex -88.5866 -42.3806 26
    endloop
  endfacet
  facet normal 0 0 1
    outer loop
      vertex -89.0486 -42.2153 26
      vertex -89.0486 -51.7847 26
      vertex -88.5866 -51.6194 26
    endloop
  endfacet
  facet normal 0 0 1
    outer loop
      vertex -89.5246 -42.0961 26
      vertex -89.0486 -51.7847 26
      vertex -89.0486 -42.2153 26
    endloop
  endfacet
  facet normal 0 0 1
    outer loop
      vertex -89.5246 -42.0961 26
      vertex -89.5246 -51.9039 26
      vertex -89.0486 -51.7847 26
    endloop
  endfacet
  facet normal 0 0 1
    outer loop
      vertex -90.0099 -42.0241 26
      vertex -89.5246 -51.9039 26
      vertex -89.5246 -42.0961 26
    endloop
  endfacet
  facet normal 0 0 1
    outer loop
      vertex -90.0099 -42.0241 26
      vertex -90.0099 -51.9759 26
      vertex -89.5246 -51.9039 26
    endloop
  endfacet
  facet normal 0 0 1
    outer loop
      vertex -90.5 -42 26
      vertex -90.0099 -51.9759 26
      vertex -90.0099 -42.0241 26
    endloop
  endfacet
  facet normal 0 0 1
    outer loop
      vertex -90.5 -42 26
      vertex -90.5 -52 26
      vertex -90.0099 -51.9759 26
    endloop
  endfacet
  facet normal -0 0 1
    outer loop
      vertex -90.9901 -42.0241 26
      vertex -90.5 -52 26
      vertex -90.5 -42 26
    endloop
  endfacet
  facet normal 0 0 1
    outer loop
      vertex -90.9901 -42.0241 26
      vertex -90.9901 -51.9759 26
      vertex -90.5 -52 26
    endloop
  endfacet
  facet normal -0 0 1
    outer loop
      vertex -91.4754 -42.0961 26
      vertex -90.9901 -51.9759 26
      vertex -90.9901 -42.0241 26
    endloop
  endfacet
  facet normal 0 0 1
    outer loop
      vertex -91.4754 -42.0961 26
      vertex -91.4754 -51.9039 26
      vertex -90.9901 -51.9759 26
    endloop
  endfacet
  facet normal -0 0 1
    outer loop
      vertex -91.9514 -42.2153 26
      vertex -91.4754 -51.9039 26
      vertex -91.4754 -42.0961 26
    endloop
  endfacet
  facet normal 0 0 1
    outer loop
      vertex -91.9514 -42.2153 26
      vertex -91.9514 -51.7847 26
      vertex -91.4754 -51.9039 26
    endloop
  endfacet
  facet normal -0 0 1
    outer loop
      vertex -92.4134 -42.3806 26
      vertex -91.9514 -51.7847 26
      vertex -91.9514 -42.2153 26
    endloop
  endfacet
  facet normal 0 0 1
    outer loop
      vertex -92.4134 -42.3806 26
      vertex -92.4134 -51.6194 26
      vertex -91.9514 -51.7847 26
    endloop
  endfacet
  facet normal -0 0 1
    outer loop
      vertex -92.857 -42.5904 26
      vertex -92.4134 -51.6194 26
      vertex -92.4134 -42.3806 26
    endloop
  endfacet
  facet normal 0 0 1
    outer loop
      vertex -92.857 -42.5904 26
      vertex -92.857 -51.4096 26
      vertex -92.4134 -51.6194 26
    endloop
  endfacet
  facet normal -0 0 1
    outer loop
      vertex -93.2778 -42.8427 26
      vertex -92.857 -51.4096 26
      vertex -92.857 -42.5904 26
    endloop
  endfacet
  facet normal 0 0 1
    outer loop
      vertex -93.2778 -42.8427 26
      vertex -93.2778 -51.1573 26
      vertex -92.857 -51.4096 26
    endloop
  endfacet
  facet normal -0 0 1
    outer loop
      vertex -93.672 -43.1349 26
      vertex -93.2778 -51.1573 26
      vertex -93.2778 -42.8427 26
    endloop
  endfacet
  facet normal 0 0 1
    outer loop
      vertex -93.672 -43.1349 26
      vertex -93.672 -50.8651 26
      vertex -93.2778 -51.1573 26
    endloop
  endfacet
  facet normal -0 0 1
    outer loop
      vertex -94.0355 -43.4645 26
      vertex -93.672 -50.8651 26
      vertex -93.672 -43.1349 26
    endloop
  endfacet
  facet normal 0 0 1
    outer loop
      vertex -94.0355 -43.4645 26
      vertex -94.0355 -50.5355 26
      vertex -93.672 -50.8651 26
    endloop
  endfacet
  facet normal -0 0 1
    outer loop
      vertex -94.3651 -43.828 26
      vertex -94.0355 -50.5355 26
      vertex -94.0355 -43.4645 26
    endloop
  endfacet
  facet normal 0 0 1
    outer loop
      vertex -94.3651 -43.828 26
      vertex -94.3651 -50.172 26
      vertex -94.0355 -50.5355 26
    endloop
  endfacet
  facet normal -0 0 1
    outer loop
      vertex -94.6573 -44.2221 26
      vertex -94.3651 -50.172 26
      vertex -94.3651 -43.828 26
    endloop
  endfacet
  facet normal 0 0 1
    outer loop
      vertex -94.6573 -44.2221 26
      vertex -94.6573 -49.7779 26
      vertex -94.3651 -50.172 26
    endloop
  endfacet
  facet normal -0 0 1
    outer loop
      vertex -94.9096 -44.643 26
      vertex -94.6573 -49.7779 26
      vertex -94.6573 -44.2221 26
    endloop
  endfacet
  facet normal 0 0 1
    outer loop
      vertex -94.9096 -44.643 26
      vertex -94.9096 -49.357 26
      vertex -94.6573 -49.7779 26
    endloop
  endfacet
  facet normal -0 0 1
    outer loop
      vertex -95.1194 -45.0866 26
      vertex -94.9096 -49.357 26
      vertex -94.9096 -44.643 26
    endloop
  endfacet
  facet normal 0 0 1
    outer loop
      vertex -95.1194 -45.0866 26
      vertex -95.1194 -48.9134 26
      vertex -94.9096 -49.357 26
    endloop
  endfacet
  facet normal -0 0 1
    outer loop
      vertex -95.2847 -45.5486 26
      vertex -95.1194 -48.9134 26
      vertex -95.1194 -45.0866 26
    endloop
  endfacet
  facet normal 0 0 1
    outer loop
      vertex -95.2847 -45.5486 26
      vertex -95.2847 -48.4514 26
      vertex -95.1194 -48.9134 26
    endloop
  endfacet
  facet normal -0 0 1
    outer loop
      vertex -95.4039 -46.0245 26
      vertex -95.2847 -48.4514 26
      vertex -95.2847 -45.5486 26
    endloop
  endfacet
  facet normal 0 0 1
    outer loop
      vertex -95.4039 -46.0245 26
      vertex -95.4039 -47.9755 26
      vertex -95.2847 -48.4514 26
    endloop
  endfacet
  facet normal -0 0 1
    outer loop
      vertex -95.4759 -46.5099 26
      vertex -95.4039 -47.9755 26
      vertex -95.4039 -46.0245 26
    endloop
  endfacet
  facet normal 0 0 1
    outer loop
      vertex -95.4759 -46.5099 26
      vertex -95.4759 -47.4901 26
      vertex -95.4039 -47.9755 26
    endloop
  endfacet
  facet normal 0 -0 1
    outer loop
      vertex -95.4759 -47.4901 26
      vertex -95.4759 -46.5099 26
      vertex -95.5 -47 26
    endloop
  endfacet
  facet normal 0.336879 -0.941548 0
    outer loop
      vertex -89.0486 -51.7847 22
      vertex -88.5866 -51.6194 26
      vertex -89.0486 -51.7847 26
    endloop
  endfacet
  facet normal 0.336879 -0.941548 0
    outer loop
      vertex -88.5866 -51.6194 26
      vertex -89.0486 -51.7847 22
      vertex -88.5866 -51.6194 22
    endloop
  endfacet
  facet normal -0.242919 0.970047 0
    outer loop
      vertex -91.4754 -42.0961 22
      vertex -91.9514 -42.2153 26
      vertex -91.4754 -42.0961 26
    endloop
  endfacet
  facet normal -0.242919 0.970047 0
    outer loop
      vertex -91.9514 -42.2153 26
      vertex -91.4754 -42.0961 22
      vertex -91.9514 -42.2153 22
    endloop
  endfacet
  facet normal -0.80329 -0.595588 0
    outer loop
      vertex -94.3651 -50.172 22
      vertex -94.6573 -49.7779 26
      vertex -94.6573 -49.7779 22
    endloop
  endfacet
  facet normal -0.80329 -0.595588 0
    outer loop
      vertex -94.6573 -49.7779 26
      vertex -94.3651 -50.172 22
      vertex -94.3651 -50.172 26
    endloop
  endfacet
  facet normal -0.989177 -0.146726 0
    outer loop
      vertex -95.4039 -47.9755 22
      vertex -95.4759 -47.4901 26
      vertex -95.4759 -47.4901 22
    endloop
  endfacet
  facet normal -0.989177 -0.146726 0
    outer loop
      vertex -95.4759 -47.4901 26
      vertex -95.4039 -47.9755 22
      vertex -95.4039 -47.9755 26
    endloop
  endfacet
  facet normal -0.595491 -0.803362 0
    outer loop
      vertex -93.672 -50.8651 22
      vertex -93.2778 -51.1573 26
      vertex -93.672 -50.8651 26
    endloop
  endfacet
  facet normal -0.595491 -0.803362 -0
    outer loop
      vertex -93.2778 -51.1573 26
      vertex -93.672 -50.8651 22
      vertex -93.2778 -51.1573 22
    endloop
  endfacet
  facet normal 0.941548 -0.336879 0
    outer loop
      vertex -85.8806 -48.9134 26
      vertex -85.7153 -48.4514 22
      vertex -85.7153 -48.4514 26
    endloop
  endfacet
  facet normal 0.941548 -0.336879 0
    outer loop
      vertex -85.7153 -48.4514 22
      vertex -85.8806 -48.9134 26
      vertex -85.8806 -48.9134 22
    endloop
  endfacet
  facet normal -0.80329 0.595588 0
    outer loop
      vertex -94.6573 -44.2221 22
      vertex -94.3651 -43.828 26
      vertex -94.3651 -43.828 22
    endloop
  endfacet
  facet normal -0.80329 0.595588 0
    outer loop
      vertex -94.3651 -43.828 26
      vertex -94.6573 -44.2221 22
      vertex -94.6573 -44.2221 26
    endloop
  endfacet
  facet normal -0.903995 0.427543 0
    outer loop
      vertex -95.1194 -45.0866 22
      vertex -94.9096 -44.643 26
      vertex -94.9096 -44.643 22
    endloop
  endfacet
  facet normal -0.903995 0.427543 0
    outer loop
      vertex -94.9096 -44.643 26
      vertex -95.1194 -45.0866 22
      vertex -95.1194 -45.0866 26
    endloop
  endfacet
  facet normal -0.989177 0.146726 0
    outer loop
      vertex -95.4759 -46.5099 22
      vertex -95.4039 -46.0245 26
      vertex -95.4039 -46.0245 22
    endloop
  endfacet
  facet normal -0.989177 0.146726 0
    outer loop
      vertex -95.4039 -46.0245 26
      vertex -95.4759 -46.5099 22
      vertex -95.4759 -46.5099 26
    endloop
  endfacet
  facet normal -0.998793 0.0491143 0
    outer loop
      vertex -95.5 -47 22
      vertex -95.4759 -46.5099 26
      vertex -95.4759 -46.5099 22
    endloop
  endfacet
  facet normal -0.998793 0.0491143 0
    outer loop
      vertex -95.4759 -46.5099 26
      vertex -95.5 -47 22
      vertex -95.5 -47 26
    endloop
  endfacet
  facet normal -0.857709 -0.514136 0
    outer loop
      vertex -94.6573 -49.7779 22
      vertex -94.9096 -49.357 26
      vertex -94.9096 -49.357 22
    endloop
  endfacet
  facet normal -0.857709 -0.514136 0
    outer loop
      vertex -94.9096 -49.357 26
      vertex -94.6573 -49.7779 22
      vertex -94.6573 -49.7779 26
    endloop
  endfacet
  facet normal 0.671719 -0.740806 0
    outer loop
      vertex -87.328 -50.8651 22
      vertex -86.9645 -50.5355 26
      vertex -87.328 -50.8651 26
    endloop
  endfacet
  facet normal 0.671719 -0.740806 0
    outer loop
      vertex -86.9645 -50.5355 26
      vertex -87.328 -50.8651 22
      vertex -86.9645 -50.5355 22
    endloop
  endfacet
  facet normal 0.242997 0.970027 -0
    outer loop
      vertex 89.4855 41.8999 0
      vertex 88.9905 42.0239 4.5
      vertex 89.4855 41.8999 4.5
    endloop
  endfacet
  facet normal 0.242997 0.970027 0
    outer loop
      vertex 88.9905 42.0239 4.5
      vertex 89.4855 41.8999 0
      vertex 88.9905 42.0239 0
    endloop
  endfacet
  facet normal -0.989171 -0.146769 0
    outer loop
      vertex 95.675 47.5097 0
      vertex 95.6001 48.0145 4.5
      vertex 95.6001 48.0145 0
    endloop
  endfacet
  facet normal -0.989171 -0.146769 0
    outer loop
      vertex 95.6001 48.0145 4.5
      vertex 95.675 47.5097 0
      vertex 95.675 47.5097 4.5
    endloop
  endfacet
  facet normal -0.998799 -0.0489896 0
    outer loop
      vertex 95.7 47 0
      vertex 95.675 47.5097 4.5
      vertex 95.675 47.5097 0
    endloop
  endfacet
  facet normal -0.998799 -0.0489896 0
    outer loop
      vertex 95.675 47.5097 4.5
      vertex 95.7 47 0
      vertex 95.7 47 4.5
    endloop
  endfacet
  facet normal -0.970027 -0.242997 0
    outer loop
      vertex 95.6001 48.0145 0
      vertex 95.4761 48.5095 4.5
      vertex 95.4761 48.5095 0
    endloop
  endfacet
  facet normal -0.970027 -0.242997 0
    outer loop
      vertex 95.4761 48.5095 4.5
      vertex 95.6001 48.0145 0
      vertex 95.6001 48.0145 4.5
    endloop
  endfacet
  facet normal -0.998799 0.0489896 0
    outer loop
      vertex 95.675 46.4903 0
      vertex 95.7 47 4.5
      vertex 95.7 47 0
    endloop
  endfacet
  facet normal -0.998799 0.0489896 0
    outer loop
      vertex 95.7 47 4.5
      vertex 95.675 46.4903 0
      vertex 95.675 46.4903 4.5
    endloop
  endfacet
  facet normal 0.514179 -0.857683 0
    outer loop
      vertex 87.611 51.3236 0
      vertex 88.0487 51.586 4.5
      vertex 87.611 51.3236 4.5
    endloop
  endfacet
  facet normal 0.514179 -0.857683 0
    outer loop
      vertex 88.0487 51.586 4.5
      vertex 87.611 51.3236 0
      vertex 88.0487 51.586 0
    endloop
  endfacet
  facet normal 0.857683 0.514179 0
    outer loop
      vertex 86.1764 44.111 4.5
      vertex 85.914 44.5487 0
      vertex 85.914 44.5487 4.5
    endloop
  endfacet
  facet normal 0.857683 0.514179 0
    outer loop
      vertex 85.914 44.5487 0
      vertex 86.1764 44.111 4.5
      vertex 86.1764 44.111 0
    endloop
  endfacet
  facet normal -0.427589 0.903973 0
    outer loop
      vertex 92.9513 42.414 0
      vertex 92.49 42.1958 4.5
      vertex 92.9513 42.414 4.5
    endloop
  endfacet
  facet normal -0.427589 0.903973 0
    outer loop
      vertex 92.49 42.1958 4.5
      vertex 92.9513 42.414 0
      vertex 92.49 42.1958 0
    endloop
  endfacet
  facet normal -0.146769 -0.989171 0
    outer loop
      vertex 91.0097 52.175 0
      vertex 91.5145 52.1001 4.5
      vertex 91.0097 52.175 4.5
    endloop
  endfacet
  facet normal -0.146769 -0.989171 -0
    outer loop
      vertex 91.5145 52.1001 4.5
      vertex 91.0097 52.175 0
      vertex 91.5145 52.1001 0
    endloop
  endfacet
  facet normal -0.94156 0.336845 0
    outer loop
      vertex 95.3042 45.01 0
      vertex 95.4761 45.4905 4.5
      vertex 95.4761 45.4905 0
    endloop
  endfacet
  facet normal -0.94156 0.336845 0
    outer loop
      vertex 95.4761 45.4905 4.5
      vertex 95.3042 45.01 0
      vertex 95.3042 45.01 4.5
    endloop
  endfacet
  facet normal 0.595663 -0.803234 0
    outer loop
      vertex 87.2012 51.0197 0
      vertex 87.611 51.3236 4.5
      vertex 87.2012 51.0197 4.5
    endloop
  endfacet
  facet normal 0.595663 -0.803234 0
    outer loop
      vertex 87.611 51.3236 4.5
      vertex 87.2012 51.0197 0
      vertex 87.611 51.3236 0
    endloop
  endfacet
  facet normal 0.803234 0.595663 0
    outer loop
      vertex 86.4803 43.7012 4.5
      vertex 86.1764 44.111 0
      vertex 86.1764 44.111 4.5
    endloop
  endfacet
  facet normal 0.803234 0.595663 0
    outer loop
      vertex 86.1764 44.111 0
      vertex 86.4803 43.7012 4.5
      vertex 86.4803 43.7012 0
    endloop
  endfacet
  facet normal 0.671472 -0.74103 0
    outer loop
      vertex 86.823 50.677 0
      vertex 87.2012 51.0197 4.5
      vertex 86.823 50.677 4.5
    endloop
  endfacet
  facet normal 0.671472 -0.74103 0
    outer loop
      vertex 87.2012 51.0197 4.5
      vertex 86.823 50.677 0
      vertex 87.2012 51.0197 0
    endloop
  endfacet
  facet normal 0.74103 0.671472 0
    outer loop
      vertex 86.823 43.323 4.5
      vertex 86.4803 43.7012 0
      vertex 86.4803 43.7012 4.5
    endloop
  endfacet
  facet normal 0.74103 0.671472 0
    outer loop
      vertex 86.4803 43.7012 0
      vertex 86.823 43.323 4.5
      vertex 86.823 43.323 0
    endloop
  endfacet
  facet normal -0.903973 0.427589 0
    outer loop
      vertex 95.086 44.5487 0
      vertex 95.3042 45.01 4.5
      vertex 95.3042 45.01 0
    endloop
  endfacet
  facet normal -0.903973 0.427589 0
    outer loop
      vertex 95.3042 45.01 4.5
      vertex 95.086 44.5487 0
      vertex 95.086 44.5487 4.5
    endloop
  endfacet
  facet normal -0.74103 0.671472 0
    outer loop
      vertex 94.177 43.323 0
      vertex 94.5197 43.7012 4.5
      vertex 94.5197 43.7012 0
    endloop
  endfacet
  facet normal -0.74103 0.671472 0
    outer loop
      vertex 94.5197 43.7012 4.5
      vertex 94.177 43.323 0
      vertex 94.177 43.323 4.5
    endloop
  endfacet
  facet normal 0.0489896 0.998799 -0
    outer loop
      vertex 90.5 41.8 0
      vertex 89.9903 41.825 4.5
      vertex 90.5 41.8 4.5
    endloop
  endfacet
  facet normal 0.0489896 0.998799 0
    outer loop
      vertex 89.9903 41.825 4.5
      vertex 90.5 41.8 0
      vertex 89.9903 41.825 0
    endloop
  endfacet
  facet normal -0.989171 0.146769 0
    outer loop
      vertex 95.6001 45.9855 0
      vertex 95.675 46.4903 4.5
      vertex 95.675 46.4903 0
    endloop
  endfacet
  facet normal -0.989171 0.146769 0
    outer loop
      vertex 95.675 46.4903 4.5
      vertex 95.6001 45.9855 0
      vertex 95.6001 45.9855 4.5
    endloop
  endfacet
  facet normal 0.74103 -0.671472 0
    outer loop
      vertex 86.4803 50.2988 4.5
      vertex 86.823 50.677 0
      vertex 86.823 50.677 4.5
    endloop
  endfacet
  facet normal 0.74103 -0.671472 0
    outer loop
      vertex 86.823 50.677 0
      vertex 86.4803 50.2988 4.5
      vertex 86.4803 50.2988 0
    endloop
  endfacet
  facet normal -0.336845 0.94156 0
    outer loop
      vertex 92.49 42.1958 0
      vertex 92.0095 42.0239 4.5
      vertex 92.49 42.1958 4.5
    endloop
  endfacet
  facet normal -0.336845 0.94156 0
    outer loop
      vertex 92.0095 42.0239 4.5
      vertex 92.49 42.1958 0
      vertex 92.0095 42.0239 0
    endloop
  endfacet
  facet normal -0.595663 -0.803234 0
    outer loop
      vertex 93.389 51.3236 0
      vertex 93.7988 51.0197 4.5
      vertex 93.389 51.3236 4.5
    endloop
  endfacet
  facet normal -0.595663 -0.803234 -0
    outer loop
      vertex 93.7988 51.0197 4.5
      vertex 93.389 51.3236 0
      vertex 93.7988 51.0197 0
    endloop
  endfacet
  facet normal -0.242997 0.970027 0
    outer loop
      vertex 92.0095 42.0239 0
      vertex 91.5145 41.8999 4.5
      vertex 92.0095 42.0239 4.5
    endloop
  endfacet
  facet normal -0.242997 0.970027 0
    outer loop
      vertex 91.5145 41.8999 4.5
      vertex 92.0095 42.0239 0
      vertex 91.5145 41.8999 0
    endloop
  endfacet
  facet normal -0.671472 0.74103 0
    outer loop
      vertex 94.177 43.323 0
      vertex 93.7988 42.9803 4.5
      vertex 94.177 43.323 4.5
    endloop
  endfacet
  facet normal -0.671472 0.74103 0
    outer loop
      vertex 93.7988 42.9803 4.5
      vertex 94.177 43.323 0
      vertex 93.7988 42.9803 0
    endloop
  endfacet
  facet normal 0.970027 0.242997 0
    outer loop
      vertex 85.5239 45.4905 4.5
      vertex 85.3999 45.9855 0
      vertex 85.3999 45.9855 4.5
    endloop
  endfacet
  facet normal 0.970027 0.242997 0
    outer loop
      vertex 85.3999 45.9855 0
      vertex 85.5239 45.4905 4.5
      vertex 85.5239 45.4905 0
    endloop
  endfacet
  facet normal -0.803234 -0.595663 0
    outer loop
      vertex 94.8236 49.889 0
      vertex 94.5197 50.2988 4.5
      vertex 94.5197 50.2988 0
    endloop
  endfacet
  facet normal -0.803234 -0.595663 0
    outer loop
      vertex 94.5197 50.2988 4.5
      vertex 94.8236 49.889 0
      vertex 94.8236 49.889 4.5
    endloop
  endfacet
  facet normal -0.146769 0.989171 0
    outer loop
      vertex 91.5145 41.8999 0
      vertex 91.0097 41.825 4.5
      vertex 91.5145 41.8999 4.5
    endloop
  endfacet
  facet normal -0.146769 0.989171 0
    outer loop
      vertex 91.0097 41.825 4.5
      vertex 91.5145 41.8999 0
      vertex 91.0097 41.825 0
    endloop
  endfacet
  facet normal -0.427589 -0.903973 0
    outer loop
      vertex 92.49 51.8042 0
      vertex 92.9513 51.586 4.5
      vertex 92.49 51.8042 4.5
    endloop
  endfacet
  facet normal -0.427589 -0.903973 -0
    outer loop
      vertex 92.9513 51.586 4.5
      vertex 92.49 51.8042 0
      vertex 92.9513 51.586 0
    endloop
  endfacet
  facet normal 0.427589 -0.903973 0
    outer loop
      vertex 88.0487 51.586 0
      vertex 88.51 51.8042 4.5
      vertex 88.0487 51.586 4.5
    endloop
  endfacet
  facet normal 0.427589 -0.903973 0
    outer loop
      vertex 88.51 51.8042 4.5
      vertex 88.0487 51.586 0
      vertex 88.51 51.8042 0
    endloop
  endfacet
  facet normal 0.595663 0.803234 -0
    outer loop
      vertex 87.611 42.6764 0
      vertex 87.2012 42.9803 4.5
      vertex 87.611 42.6764 4.5
    endloop
  endfacet
  facet normal 0.595663 0.803234 0
    outer loop
      vertex 87.2012 42.9803 4.5
      vertex 87.611 42.6764 0
      vertex 87.2012 42.9803 0
    endloop
  endfacet
  facet normal 0.0489896 -0.998799 0
    outer loop
      vertex 89.9903 52.175 0
      vertex 90.5 52.2 4.5
      vertex 89.9903 52.175 4.5
    endloop
  endfacet
  facet normal 0.0489896 -0.998799 0
    outer loop
      vertex 90.5 52.2 4.5
      vertex 89.9903 52.175 0
      vertex 90.5 52.2 0
    endloop
  endfacet
  facet normal 0.803234 -0.595663 0
    outer loop
      vertex 86.1764 49.889 4.5
      vertex 86.4803 50.2988 0
      vertex 86.4803 50.2988 4.5
    endloop
  endfacet
  facet normal 0.803234 -0.595663 0
    outer loop
      vertex 86.4803 50.2988 0
      vertex 86.1764 49.889 4.5
      vertex 86.1764 49.889 0
    endloop
  endfacet
  facet normal -0.803234 0.595663 0
    outer loop
      vertex 94.5197 43.7012 0
      vertex 94.8236 44.111 4.5
      vertex 94.8236 44.111 0
    endloop
  endfacet
  facet normal -0.803234 0.595663 0
    outer loop
      vertex 94.8236 44.111 4.5
      vertex 94.5197 43.7012 0
      vertex 94.5197 43.7012 4.5
    endloop
  endfacet
  facet normal -0.336845 -0.94156 0
    outer loop
      vertex 92.0095 51.9761 0
      vertex 92.49 51.8042 4.5
      vertex 92.0095 51.9761 4.5
    endloop
  endfacet
  facet normal -0.336845 -0.94156 -0
    outer loop
      vertex 92.49 51.8042 4.5
      vertex 92.0095 51.9761 0
      vertex 92.49 51.8042 0
    endloop
  endfacet
  facet normal 0.989171 0.146769 0
    outer loop
      vertex 85.3999 45.9855 4.5
      vertex 85.325 46.4903 0
      vertex 85.325 46.4903 4.5
    endloop
  endfacet
  facet normal 0.989171 0.146769 0
    outer loop
      vertex 85.325 46.4903 0
      vertex 85.3999 45.9855 4.5
      vertex 85.3999 45.9855 0
    endloop
  endfacet
  facet normal -0.0489896 -0.998799 0
    outer loop
      vertex 90.5 52.2 0
      vertex 91.0097 52.175 4.5
      vertex 90.5 52.2 4.5
    endloop
  endfacet
  facet normal -0.0489896 -0.998799 -0
    outer loop
      vertex 91.0097 52.175 4.5
      vertex 90.5 52.2 0
      vertex 91.0097 52.175 0
    endloop
  endfacet
  facet normal -0.595663 0.803234 0
    outer loop
      vertex 93.7988 42.9803 0
      vertex 93.389 42.6764 4.5
      vertex 93.7988 42.9803 4.5
    endloop
  endfacet
  facet normal -0.595663 0.803234 0
    outer loop
      vertex 93.389 42.6764 4.5
      vertex 93.7988 42.9803 0
      vertex 93.389 42.6764 0
    endloop
  endfacet
  facet normal 0.94156 0.336845 0
    outer loop
      vertex 85.6958 45.01 4.5
      vertex 85.5239 45.4905 0
      vertex 85.5239 45.4905 4.5
    endloop
  endfacet
  facet normal 0.94156 0.336845 0
    outer loop
      vertex 85.5239 45.4905 0
      vertex 85.6958 45.01 4.5
      vertex 85.6958 45.01 0
    endloop
  endfacet
  facet normal -0.857683 0.514179 0
    outer loop
      vertex 94.8236 44.111 0
      vertex 95.086 44.5487 4.5
      vertex 95.086 44.5487 0
    endloop
  endfacet
  facet normal -0.857683 0.514179 0
    outer loop
      vertex 95.086 44.5487 4.5
      vertex 94.8236 44.111 0
      vertex 94.8236 44.111 4.5
    endloop
  endfacet
  facet normal 0.336845 0.94156 -0
    outer loop
      vertex 88.9905 42.0239 0
      vertex 88.51 42.1958 4.5
      vertex 88.9905 42.0239 4.5
    endloop
  endfacet
  facet normal 0.336845 0.94156 0
    outer loop
      vertex 88.51 42.1958 4.5
      vertex 88.9905 42.0239 0
      vertex 88.51 42.1958 0
    endloop
  endfacet
  facet normal -0.94156 -0.336845 0
    outer loop
      vertex 95.4761 48.5095 0
      vertex 95.3042 48.99 4.5
      vertex 95.3042 48.99 0
    endloop
  endfacet
  facet normal -0.94156 -0.336845 0
    outer loop
      vertex 95.3042 48.99 4.5
      vertex 95.4761 48.5095 0
      vertex 95.4761 48.5095 4.5
    endloop
  endfacet
  facet normal -0.514179 -0.857683 0
    outer loop
      vertex 92.9513 51.586 0
      vertex 93.389 51.3236 4.5
      vertex 92.9513 51.586 4.5
    endloop
  endfacet
  facet normal -0.514179 -0.857683 -0
    outer loop
      vertex 93.389 51.3236 4.5
      vertex 92.9513 51.586 0
      vertex 93.389 51.3236 0
    endloop
  endfacet
  facet normal -0.970027 0.242997 0
    outer loop
      vertex 95.4761 45.4905 0
      vertex 95.6001 45.9855 4.5
      vertex 95.6001 45.9855 0
    endloop
  endfacet
  facet normal -0.970027 0.242997 0
    outer loop
      vertex 95.6001 45.9855 4.5
      vertex 95.4761 45.4905 0
      vertex 95.4761 45.4905 4.5
    endloop
  endfacet
  facet normal -0.903973 -0.427589 0
    outer loop
      vertex 95.3042 48.99 0
      vertex 95.086 49.4513 4.5
      vertex 95.086 49.4513 0
    endloop
  endfacet
  facet normal -0.903973 -0.427589 0
    outer loop
      vertex 95.086 49.4513 4.5
      vertex 95.3042 48.99 0
      vertex 95.3042 48.99 4.5
    endloop
  endfacet
  facet normal -0.857683 -0.514179 0
    outer loop
      vertex 95.086 49.4513 0
      vertex 94.8236 49.889 4.5
      vertex 94.8236 49.889 0
    endloop
  endfacet
  facet normal -0.857683 -0.514179 0
    outer loop
      vertex 94.8236 49.889 4.5
      vertex 95.086 49.4513 0
      vertex 95.086 49.4513 4.5
    endloop
  endfacet
  facet normal 0.427589 0.903973 -0
    outer loop
      vertex 88.51 42.1958 0
      vertex 88.0487 42.414 4.5
      vertex 88.51 42.1958 4.5
    endloop
  endfacet
  facet normal 0.427589 0.903973 0
    outer loop
      vertex 88.0487 42.414 4.5
      vertex 88.51 42.1958 0
      vertex 88.0487 42.414 0
    endloop
  endfacet
  facet normal 0.671472 0.74103 -0
    outer loop
      vertex 87.2012 42.9803 0
      vertex 86.823 43.323 4.5
      vertex 87.2012 42.9803 4.5
    endloop
  endfacet
  facet normal 0.671472 0.74103 0
    outer loop
      vertex 86.823 43.323 4.5
      vertex 87.2012 42.9803 0
      vertex 86.823 43.323 0
    endloop
  endfacet
  facet normal 0.903973 -0.427589 0
    outer loop
      vertex 85.6958 48.99 4.5
      vertex 85.914 49.4513 0
      vertex 85.914 49.4513 4.5
    endloop
  endfacet
  facet normal 0.903973 -0.427589 0
    outer loop
      vertex 85.914 49.4513 0
      vertex 85.6958 48.99 4.5
      vertex 85.6958 48.99 0
    endloop
  endfacet
  facet normal 0.242997 -0.970027 0
    outer loop
      vertex 88.9905 51.9761 0
      vertex 89.4855 52.1001 4.5
      vertex 88.9905 51.9761 4.5
    endloop
  endfacet
  facet normal 0.242997 -0.970027 0
    outer loop
      vertex 89.4855 52.1001 4.5
      vertex 88.9905 51.9761 0
      vertex 89.4855 52.1001 0
    endloop
  endfacet
  facet normal 0.857683 -0.514179 0
    outer loop
      vertex 85.914 49.4513 4.5
      vertex 86.1764 49.889 0
      vertex 86.1764 49.889 4.5
    endloop
  endfacet
  facet normal 0.857683 -0.514179 0
    outer loop
      vertex 86.1764 49.889 0
      vertex 85.914 49.4513 4.5
      vertex 85.914 49.4513 0
    endloop
  endfacet
  facet normal 0.146769 -0.989171 0
    outer loop
      vertex 89.4855 52.1001 0
      vertex 89.9903 52.175 4.5
      vertex 89.4855 52.1001 4.5
    endloop
  endfacet
  facet normal 0.146769 -0.989171 0
    outer loop
      vertex 89.9903 52.175 4.5
      vertex 89.4855 52.1001 0
      vertex 89.9903 52.175 0
    endloop
  endfacet
  facet normal -0.242997 -0.970027 0
    outer loop
      vertex 91.5145 52.1001 0
      vertex 92.0095 51.9761 4.5
      vertex 91.5145 52.1001 4.5
    endloop
  endfacet
  facet normal -0.242997 -0.970027 -0
    outer loop
      vertex 92.0095 51.9761 4.5
      vertex 91.5145 52.1001 0
      vertex 92.0095 51.9761 0
    endloop
  endfacet
  facet normal 0.336845 -0.94156 0
    outer loop
      vertex 88.51 51.8042 0
      vertex 88.9905 51.9761 4.5
      vertex 88.51 51.8042 4.5
    endloop
  endfacet
  facet normal 0.336845 -0.94156 0
    outer loop
      vertex 88.9905 51.9761 4.5
      vertex 88.51 51.8042 0
      vertex 88.9905 51.9761 0
    endloop
  endfacet
  facet normal 0.970027 -0.242997 0
    outer loop
      vertex 85.3999 48.0145 4.5
      vertex 85.5239 48.5095 0
      vertex 85.5239 48.5095 4.5
    endloop
  endfacet
  facet normal 0.970027 -0.242997 0
    outer loop
      vertex 85.5239 48.5095 0
      vertex 85.3999 48.0145 4.5
      vertex 85.3999 48.0145 0
    endloop
  endfacet
  facet normal 0.998799 0.0489896 0
    outer loop
      vertex 85.325 46.4903 4.5
      vertex 85.3 47 0
      vertex 85.3 47 4.5
    endloop
  endfacet
  facet normal 0.998799 0.0489896 0
    outer loop
      vertex 85.3 47 0
      vertex 85.325 46.4903 4.5
      vertex 85.325 46.4903 0
    endloop
  endfacet
  facet normal -0.514179 0.857683 0
    outer loop
      vertex 93.389 42.6764 0
      vertex 92.9513 42.414 4.5
      vertex 93.389 42.6764 4.5
    endloop
  endfacet
  facet normal -0.514179 0.857683 0
    outer loop
      vertex 92.9513 42.414 4.5
      vertex 93.389 42.6764 0
      vertex 92.9513 42.414 0
    endloop
  endfacet
  facet normal -0.0489896 0.998799 0
    outer loop
      vertex 91.0097 41.825 0
      vertex 90.5 41.8 4.5
      vertex 91.0097 41.825 4.5
    endloop
  endfacet
  facet normal -0.0489896 0.998799 0
    outer loop
      vertex 90.5 41.8 4.5
      vertex 91.0097 41.825 0
      vertex 90.5 41.8 0
    endloop
  endfacet
  facet normal -0.671472 -0.74103 0
    outer loop
      vertex 93.7988 51.0197 0
      vertex 94.177 50.677 4.5
      vertex 93.7988 51.0197 4.5
    endloop
  endfacet
  facet normal -0.671472 -0.74103 -0
    outer loop
      vertex 94.177 50.677 4.5
      vertex 93.7988 51.0197 0
      vertex 94.177 50.677 0
    endloop
  endfacet
  facet normal -0.74103 -0.671472 0
    outer loop
      vertex 94.5197 50.2988 0
      vertex 94.177 50.677 4.5
      vertex 94.177 50.677 0
    endloop
  endfacet
  facet normal -0.74103 -0.671472 0
    outer loop
      vertex 94.177 50.677 4.5
      vertex 94.5197 50.2988 0
      vertex 94.5197 50.2988 4.5
    endloop
  endfacet
  facet normal 0.989171 -0.146769 0
    outer loop
      vertex 85.325 47.5097 4.5
      vertex 85.3999 48.0145 0
      vertex 85.3999 48.0145 4.5
    endloop
  endfacet
  facet normal 0.989171 -0.146769 0
    outer loop
      vertex 85.3999 48.0145 0
      vertex 85.325 47.5097 4.5
      vertex 85.325 47.5097 0
    endloop
  endfacet
  facet normal 0.903973 0.427589 0
    outer loop
      vertex 85.914 44.5487 4.5
      vertex 85.6958 45.01 0
      vertex 85.6958 45.01 4.5
    endloop
  endfacet
  facet normal 0.903973 0.427589 0
    outer loop
      vertex 85.6958 45.01 0
      vertex 85.914 44.5487 4.5
      vertex 85.914 44.5487 0
    endloop
  endfacet
  facet normal 0.514179 0.857683 -0
    outer loop
      vertex 88.0487 42.414 0
      vertex 87.611 42.6764 4.5
      vertex 88.0487 42.414 4.5
    endloop
  endfacet
  facet normal 0.514179 0.857683 0
    outer loop
      vertex 87.611 42.6764 4.5
      vertex 88.0487 42.414 0
      vertex 87.611 42.6764 0
    endloop
  endfacet
  facet normal 0.94156 -0.336845 0
    outer loop
      vertex 85.5239 48.5095 4.5
      vertex 85.6958 48.99 0
      vertex 85.6958 48.99 4.5
    endloop
  endfacet
  facet normal 0.94156 -0.336845 0
    outer loop
      vertex 85.6958 48.99 0
      vertex 85.5239 48.5095 4.5
      vertex 85.5239 48.5095 0
    endloop
  endfacet
  facet normal 0.998799 -0.0489896 0
    outer loop
      vertex 85.3 47 4.5
      vertex 85.325 47.5097 0
      vertex 85.325 47.5097 4.5
    endloop
  endfacet
  facet normal 0.998799 -0.0489896 0
    outer loop
      vertex 85.325 47.5097 0
      vertex 85.3 47 4.5
      vertex 85.3 47 0
    endloop
  endfacet
  facet normal 0.146769 0.989171 -0
    outer loop
      vertex 89.9903 41.825 0
      vertex 89.4855 41.8999 4.5
      vertex 89.9903 41.825 4.5
    endloop
  endfacet
  facet normal 0.146769 0.989171 0
    outer loop
      vertex 89.4855 41.8999 4.5
      vertex 89.9903 41.825 0
      vertex 89.4855 41.8999 0
    endloop
  endfacet
  facet normal 0 0 -1
    outer loop
      vertex 95.675 46.4903 4.5
      vertex 95.675 47.5097 4.5
      vertex 95.7 47 4.5
    endloop
  endfacet
  facet normal 0 0 -1
    outer loop
      vertex 95.6001 45.9855 4.5
      vertex 95.675 47.5097 4.5
      vertex 95.675 46.4903 4.5
    endloop
  endfacet
  facet normal 0 0 -1
    outer loop
      vertex 95.6001 45.9855 4.5
      vertex 95.6001 48.0145 4.5
      vertex 95.675 47.5097 4.5
    endloop
  endfacet
  facet normal 0 0 -1
    outer loop
      vertex 95.4761 45.4905 4.5
      vertex 95.6001 48.0145 4.5
      vertex 95.6001 45.9855 4.5
    endloop
  endfacet
  facet normal 0 0 -1
    outer loop
      vertex 95.4761 45.4905 4.5
      vertex 95.4761 48.5095 4.5
      vertex 95.6001 48.0145 4.5
    endloop
  endfacet
  facet normal 0 0 -1
    outer loop
      vertex 95.3042 45.01 4.5
      vertex 95.4761 48.5095 4.5
      vertex 95.4761 45.4905 4.5
    endloop
  endfacet
  facet normal 0 0 -1
    outer loop
      vertex 95.3042 45.01 4.5
      vertex 95.3042 48.99 4.5
      vertex 95.4761 48.5095 4.5
    endloop
  endfacet
  facet normal 0 0 -1
    outer loop
      vertex 95.086 44.5487 4.5
      vertex 95.3042 48.99 4.5
      vertex 95.3042 45.01 4.5
    endloop
  endfacet
  facet normal 0 0 -1
    outer loop
      vertex 95.086 44.5487 4.5
      vertex 95.086 49.4513 4.5
      vertex 95.3042 48.99 4.5
    endloop
  endfacet
  facet normal 0 0 -1
    outer loop
      vertex 94.8236 44.111 4.5
      vertex 95.086 49.4513 4.5
      vertex 95.086 44.5487 4.5
    endloop
  endfacet
  facet normal 0 0 -1
    outer loop
      vertex 94.8236 44.111 4.5
      vertex 94.8236 49.889 4.5
      vertex 95.086 49.4513 4.5
    endloop
  endfacet
  facet normal 0 0 -1
    outer loop
      vertex 94.5197 43.7012 4.5
      vertex 94.8236 49.889 4.5
      vertex 94.8236 44.111 4.5
    endloop
  endfacet
  facet normal 0 0 -1
    outer loop
      vertex 94.5197 43.7012 4.5
      vertex 94.5197 50.2988 4.5
      vertex 94.8236 49.889 4.5
    endloop
  endfacet
  facet normal 0 0 -1
    outer loop
      vertex 94.177 43.323 4.5
      vertex 94.5197 50.2988 4.5
      vertex 94.5197 43.7012 4.5
    endloop
  endfacet
  facet normal 0 0 -1
    outer loop
      vertex 94.177 43.323 4.5
      vertex 94.177 50.677 4.5
      vertex 94.5197 50.2988 4.5
    endloop
  endfacet
  facet normal 0 0 -1
    outer loop
      vertex 93.7988 42.9803 4.5
      vertex 94.177 50.677 4.5
      vertex 94.177 43.323 4.5
    endloop
  endfacet
  facet normal 0 0 -1
    outer loop
      vertex 93.7988 42.9803 4.5
      vertex 93.7988 51.0197 4.5
      vertex 94.177 50.677 4.5
    endloop
  endfacet
  facet normal 0 0 -1
    outer loop
      vertex 93.389 42.6764 4.5
      vertex 93.7988 51.0197 4.5
      vertex 93.7988 42.9803 4.5
    endloop
  endfacet
  facet normal 0 0 -1
    outer loop
      vertex 93.389 42.6764 4.5
      vertex 93.389 51.3236 4.5
      vertex 93.7988 51.0197 4.5
    endloop
  endfacet
  facet normal 0 0 -1
    outer loop
      vertex 92.9513 42.414 4.5
      vertex 93.389 51.3236 4.5
      vertex 93.389 42.6764 4.5
    endloop
  endfacet
  facet normal 0 0 -1
    outer loop
      vertex 92.9513 42.414 4.5
      vertex 92.9513 51.586 4.5
      vertex 93.389 51.3236 4.5
    endloop
  endfacet
  facet normal 0 0 -1
    outer loop
      vertex 92.49 42.1958 4.5
      vertex 92.9513 51.586 4.5
      vertex 92.9513 42.414 4.5
    endloop
  endfacet
  facet normal 0 0 -1
    outer loop
      vertex 92.49 42.1958 4.5
      vertex 92.49 51.8042 4.5
      vertex 92.9513 51.586 4.5
    endloop
  endfacet
  facet normal 0 0 -1
    outer loop
      vertex 92.0095 42.0239 4.5
      vertex 92.49 51.8042 4.5
      vertex 92.49 42.1958 4.5
    endloop
  endfacet
  facet normal 0 0 -1
    outer loop
      vertex 92.0095 42.0239 4.5
      vertex 92.0095 51.9761 4.5
      vertex 92.49 51.8042 4.5
    endloop
  endfacet
  facet normal 0 0 -1
    outer loop
      vertex 91.5145 41.8999 4.5
      vertex 92.0095 51.9761 4.5
      vertex 92.0095 42.0239 4.5
    endloop
  endfacet
  facet normal 0 0 -1
    outer loop
      vertex 91.5145 41.8999 4.5
      vertex 91.5145 52.1001 4.5
      vertex 92.0095 51.9761 4.5
    endloop
  endfacet
  facet normal 0 0 -1
    outer loop
      vertex 91.0097 41.825 4.5
      vertex 91.5145 52.1001 4.5
      vertex 91.5145 41.8999 4.5
    endloop
  endfacet
  facet normal 0 0 -1
    outer loop
      vertex 91.0097 41.825 4.5
      vertex 91.0097 52.175 4.5
      vertex 91.5145 52.1001 4.5
    endloop
  endfacet
  facet normal 0 0 -1
    outer loop
      vertex 90.5 41.8 4.5
      vertex 91.0097 52.175 4.5
      vertex 91.0097 41.825 4.5
    endloop
  endfacet
  facet normal 0 0 -1
    outer loop
      vertex 90.5 41.8 4.5
      vertex 90.5 52.2 4.5
      vertex 91.0097 52.175 4.5
    endloop
  endfacet
  facet normal 0 0 -1
    outer loop
      vertex 89.9903 41.825 4.5
      vertex 90.5 52.2 4.5
      vertex 90.5 41.8 4.5
    endloop
  endfacet
  facet normal 0 0 -1
    outer loop
      vertex 89.9903 41.825 4.5
      vertex 89.9903 52.175 4.5
      vertex 90.5 52.2 4.5
    endloop
  endfacet
  facet normal 0 0 -1
    outer loop
      vertex 89.4855 41.8999 4.5
      vertex 89.9903 52.175 4.5
      vertex 89.9903 41.825 4.5
    endloop
  endfacet
  facet normal 0 0 -1
    outer loop
      vertex 89.4855 41.8999 4.5
      vertex 89.4855 52.1001 4.5
      vertex 89.9903 52.175 4.5
    endloop
  endfacet
  facet normal 0 0 -1
    outer loop
      vertex 88.9905 42.0239 4.5
      vertex 89.4855 52.1001 4.5
      vertex 89.4855 41.8999 4.5
    endloop
  endfacet
  facet normal 0 0 -1
    outer loop
      vertex 88.9905 42.0239 4.5
      vertex 88.9905 51.9761 4.5
      vertex 89.4855 52.1001 4.5
    endloop
  endfacet
  facet normal 0 0 -1
    outer loop
      vertex 88.51 42.1958 4.5
      vertex 88.9905 51.9761 4.5
      vertex 88.9905 42.0239 4.5
    endloop
  endfacet
  facet normal 0 0 -1
    outer loop
      vertex 88.51 42.1958 4.5
      vertex 88.51 51.8042 4.5
      vertex 88.9905 51.9761 4.5
    endloop
  endfacet
  facet normal 0 0 -1
    outer loop
      vertex 88.0487 42.414 4.5
      vertex 88.51 51.8042 4.5
      vertex 88.51 42.1958 4.5
    endloop
  endfacet
  facet normal 0 0 -1
    outer loop
      vertex 88.0487 42.414 4.5
      vertex 88.0487 51.586 4.5
      vertex 88.51 51.8042 4.5
    endloop
  endfacet
  facet normal 0 0 -1
    outer loop
      vertex 87.611 42.6764 4.5
      vertex 88.0487 51.586 4.5
      vertex 88.0487 42.414 4.5
    endloop
  endfacet
  facet normal 0 0 -1
    outer loop
      vertex 87.611 42.6764 4.5
      vertex 87.611 51.3236 4.5
      vertex 88.0487 51.586 4.5
    endloop
  endfacet
  facet normal 0 0 -1
    outer loop
      vertex 87.2012 42.9803 4.5
      vertex 87.611 51.3236 4.5
      vertex 87.611 42.6764 4.5
    endloop
  endfacet
  facet normal 0 0 -1
    outer loop
      vertex 87.2012 42.9803 4.5
      vertex 87.2012 51.0197 4.5
      vertex 87.611 51.3236 4.5
    endloop
  endfacet
  facet normal 0 0 -1
    outer loop
      vertex 86.823 43.323 4.5
      vertex 87.2012 51.0197 4.5
      vertex 87.2012 42.9803 4.5
    endloop
  endfacet
  facet normal 0 0 -1
    outer loop
      vertex 86.823 43.323 4.5
      vertex 86.823 50.677 4.5
      vertex 87.2012 51.0197 4.5
    endloop
  endfacet
  facet normal 0 0 -1
    outer loop
      vertex 86.4803 43.7012 4.5
      vertex 86.823 50.677 4.5
      vertex 86.823 43.323 4.5
    endloop
  endfacet
  facet normal 0 0 -1
    outer loop
      vertex 86.4803 43.7012 4.5
      vertex 86.4803 50.2988 4.5
      vertex 86.823 50.677 4.5
    endloop
  endfacet
  facet normal 0 0 -1
    outer loop
      vertex 86.1764 44.111 4.5
      vertex 86.4803 50.2988 4.5
      vertex 86.4803 43.7012 4.5
    endloop
  endfacet
  facet normal 0 0 -1
    outer loop
      vertex 86.1764 44.111 4.5
      vertex 86.1764 49.889 4.5
      vertex 86.4803 50.2988 4.5
    endloop
  endfacet
  facet normal 0 0 -1
    outer loop
      vertex 85.914 44.5487 4.5
      vertex 86.1764 49.889 4.5
      vertex 86.1764 44.111 4.5
    endloop
  endfacet
  facet normal 0 0 -1
    outer loop
      vertex 85.914 44.5487 4.5
      vertex 85.914 49.4513 4.5
      vertex 86.1764 49.889 4.5
    endloop
  endfacet
  facet normal 0 0 -1
    outer loop
      vertex 85.6958 45.01 4.5
      vertex 85.914 49.4513 4.5
      vertex 85.914 44.5487 4.5
    endloop
  endfacet
  facet normal 0 0 -1
    outer loop
      vertex 85.6958 45.01 4.5
      vertex 85.6958 48.99 4.5
      vertex 85.914 49.4513 4.5
    endloop
  endfacet
  facet normal 0 0 -1
    outer loop
      vertex 85.5239 45.4905 4.5
      vertex 85.6958 48.99 4.5
      vertex 85.6958 45.01 4.5
    endloop
  endfacet
  facet normal 0 0 -1
    outer loop
      vertex 85.5239 45.4905 4.5
      vertex 85.5239 48.5095 4.5
      vertex 85.6958 48.99 4.5
    endloop
  endfacet
  facet normal 0 0 -1
    outer loop
      vertex 85.3999 45.9855 4.5
      vertex 85.5239 48.5095 4.5
      vertex 85.5239 45.4905 4.5
    endloop
  endfacet
  facet normal 0 0 -1
    outer loop
      vertex 85.3999 45.9855 4.5
      vertex 85.3999 48.0145 4.5
      vertex 85.5239 48.5095 4.5
    endloop
  endfacet
  facet normal 0 0 -1
    outer loop
      vertex 85.325 46.4903 4.5
      vertex 85.3999 48.0145 4.5
      vertex 85.3999 45.9855 4.5
    endloop
  endfacet
  facet normal 0 0 -1
    outer loop
      vertex 85.325 46.4903 4.5
      vertex 85.325 47.5097 4.5
      vertex 85.3999 48.0145 4.5
    endloop
  endfacet
  facet normal 0 -0 -1
    outer loop
      vertex 85.325 47.5097 4.5
      vertex 85.325 46.4903 4.5
      vertex 85.3 47 4.5
    endloop
  endfacet
  facet normal 0.671472 0.74103 -0
    outer loop
      vertex 87.2012 -51.0197 0
      vertex 86.823 -50.677 4.5
      vertex 87.2012 -51.0197 4.5
    endloop
  endfacet
  facet normal 0.671472 0.74103 0
    outer loop
      vertex 86.823 -50.677 4.5
      vertex 87.2012 -51.0197 0
      vertex 86.823 -50.677 0
    endloop
  endfacet
  facet normal 0.94156 -0.336845 0
    outer loop
      vertex 85.5239 -45.4905 4.5
      vertex 85.6958 -45.01 0
      vertex 85.6958 -45.01 4.5
    endloop
  endfacet
  facet normal 0.94156 -0.336845 0
    outer loop
      vertex 85.6958 -45.01 0
      vertex 85.5239 -45.4905 4.5
      vertex 85.5239 -45.4905 0
    endloop
  endfacet
  facet normal -0.989171 -0.146769 0
    outer loop
      vertex 95.675 -46.4903 0
      vertex 95.6001 -45.9855 4.5
      vertex 95.6001 -45.9855 0
    endloop
  endfacet
  facet normal -0.989171 -0.146769 0
    outer loop
      vertex 95.6001 -45.9855 4.5
      vertex 95.675 -46.4903 0
      vertex 95.675 -46.4903 4.5
    endloop
  endfacet
  facet normal -0.998799 -0.0489896 0
    outer loop
      vertex 95.7 -47 0
      vertex 95.675 -46.4903 4.5
      vertex 95.675 -46.4903 0
    endloop
  endfacet
  facet normal -0.998799 -0.0489896 0
    outer loop
      vertex 95.675 -46.4903 4.5
      vertex 95.7 -47 0
      vertex 95.7 -47 4.5
    endloop
  endfacet
  facet normal 0.514179 0.857683 -0
    outer loop
      vertex 88.0487 -51.586 0
      vertex 87.611 -51.3236 4.5
      vertex 88.0487 -51.586 4.5
    endloop
  endfacet
  facet normal 0.514179 0.857683 0
    outer loop
      vertex 87.611 -51.3236 4.5
      vertex 88.0487 -51.586 0
      vertex 87.611 -51.3236 0
    endloop
  endfacet
  facet normal -0.671472 -0.74103 0
    outer loop
      vertex 93.7988 -42.9803 0
      vertex 94.177 -43.323 4.5
      vertex 93.7988 -42.9803 4.5
    endloop
  endfacet
  facet normal -0.671472 -0.74103 -0
    outer loop
      vertex 94.177 -43.323 4.5
      vertex 93.7988 -42.9803 0
      vertex 94.177 -43.323 0
    endloop
  endfacet
  facet normal 0.146769 0.989171 -0
    outer loop
      vertex 89.9903 -52.175 0
      vertex 89.4855 -52.1001 4.5
      vertex 89.9903 -52.175 4.5
    endloop
  endfacet
  facet normal 0.146769 0.989171 0
    outer loop
      vertex 89.4855 -52.1001 4.5
      vertex 89.9903 -52.175 0
      vertex 89.4855 -52.1001 0
    endloop
  endfacet
  facet normal -0.74103 -0.671472 0
    outer loop
      vertex 94.5197 -43.7012 0
      vertex 94.177 -43.323 4.5
      vertex 94.177 -43.323 0
    endloop
  endfacet
  facet normal -0.74103 -0.671472 0
    outer loop
      vertex 94.177 -43.323 4.5
      vertex 94.5197 -43.7012 0
      vertex 94.5197 -43.7012 4.5
    endloop
  endfacet
  facet normal -0.427589 -0.903973 0
    outer loop
      vertex 92.49 -42.1958 0
      vertex 92.9513 -42.414 4.5
      vertex 92.49 -42.1958 4.5
    endloop
  endfacet
  facet normal -0.427589 -0.903973 -0
    outer loop
      vertex 92.9513 -42.414 4.5
      vertex 92.49 -42.1958 0
      vertex 92.9513 -42.414 0
    endloop
  endfacet
  facet normal -0.0489896 0.998799 0
    outer loop
      vertex 91.0097 -52.175 0
      vertex 90.5 -52.2 4.5
      vertex 91.0097 -52.175 4.5
    endloop
  endfacet
  facet normal -0.0489896 0.998799 0
    outer loop
      vertex 90.5 -52.2 4.5
      vertex 91.0097 -52.175 0
      vertex 90.5 -52.2 0
    endloop
  endfacet
  facet normal 0.74103 -0.671472 0
    outer loop
      vertex 86.4803 -43.7012 4.5
      vertex 86.823 -43.323 0
      vertex 86.823 -43.323 4.5
    endloop
  endfacet
  facet normal 0.74103 -0.671472 0
    outer loop
      vertex 86.823 -43.323 0
      vertex 86.4803 -43.7012 4.5
      vertex 86.4803 -43.7012 0
    endloop
  endfacet
  facet normal -0.989171 0.146769 0
    outer loop
      vertex 95.6001 -48.0145 0
      vertex 95.675 -47.5097 4.5
      vertex 95.675 -47.5097 0
    endloop
  endfacet
  facet normal -0.989171 0.146769 0
    outer loop
      vertex 95.675 -47.5097 4.5
      vertex 95.6001 -48.0145 0
      vertex 95.6001 -48.0145 4.5
    endloop
  endfacet
  facet normal -0.903973 -0.427589 0
    outer loop
      vertex 95.3042 -45.01 0
      vertex 95.086 -44.5487 4.5
      vertex 95.086 -44.5487 0
    endloop
  endfacet
  facet normal -0.903973 -0.427589 0
    outer loop
      vertex 95.086 -44.5487 4.5
      vertex 95.3042 -45.01 0
      vertex 95.3042 -45.01 4.5
    endloop
  endfacet
  facet normal 0.242997 -0.970027 0
    outer loop
      vertex 88.9905 -42.0239 0
      vertex 89.4855 -41.8999 4.5
      vertex 88.9905 -42.0239 4.5
    endloop
  endfacet
  facet normal 0.242997 -0.970027 0
    outer loop
      vertex 89.4855 -41.8999 4.5
      vertex 88.9905 -42.0239 0
      vertex 89.4855 -41.8999 0
    endloop
  endfacet
  facet normal 0.803234 -0.595663 0
    outer loop
      vertex 86.1764 -44.111 4.5
      vertex 86.4803 -43.7012 0
      vertex 86.4803 -43.7012 4.5
    endloop
  endfacet
  facet normal 0.803234 -0.595663 0
    outer loop
      vertex 86.4803 -43.7012 0
      vertex 86.1764 -44.111 4.5
      vertex 86.1764 -44.111 0
    endloop
  endfacet
  facet normal -0.242997 -0.970027 0
    outer loop
      vertex 91.5145 -41.8999 0
      vertex 92.0095 -42.0239 4.5
      vertex 91.5145 -41.8999 4.5
    endloop
  endfacet
  facet normal -0.242997 -0.970027 -0
    outer loop
      vertex 92.0095 -42.0239 4.5
      vertex 91.5145 -41.8999 0
      vertex 92.0095 -42.0239 0
    endloop
  endfacet
  facet normal -0.336845 -0.94156 0
    outer loop
      vertex 92.0095 -42.0239 0
      vertex 92.49 -42.1958 4.5
      vertex 92.0095 -42.0239 4.5
    endloop
  endfacet
  facet normal -0.336845 -0.94156 -0
    outer loop
      vertex 92.49 -42.1958 4.5
      vertex 92.0095 -42.0239 0
      vertex 92.49 -42.1958 0
    endloop
  endfacet
  facet normal -0.94156 -0.336845 0
    outer loop
      vertex 95.4761 -45.4905 0
      vertex 95.3042 -45.01 4.5
      vertex 95.3042 -45.01 0
    endloop
  endfacet
  facet normal -0.94156 -0.336845 0
    outer loop
      vertex 95.3042 -45.01 4.5
      vertex 95.4761 -45.4905 0
      vertex 95.4761 -45.4905 4.5
    endloop
  endfacet
  facet normal -0.595663 -0.803234 0
    outer loop
      vertex 93.389 -42.6764 0
      vertex 93.7988 -42.9803 4.5
      vertex 93.389 -42.6764 4.5
    endloop
  endfacet
  facet normal -0.595663 -0.803234 -0
    outer loop
      vertex 93.7988 -42.9803 4.5
      vertex 93.389 -42.6764 0
      vertex 93.7988 -42.9803 0
    endloop
  endfacet
  facet normal 0.857683 0.514179 0
    outer loop
      vertex 86.1764 -49.889 4.5
      vertex 85.914 -49.4513 0
      vertex 85.914 -49.4513 4.5
    endloop
  endfacet
  facet normal 0.857683 0.514179 0
    outer loop
      vertex 85.914 -49.4513 0
      vertex 86.1764 -49.889 4.5
      vertex 86.1764 -49.889 0
    endloop
  endfacet
  facet normal -0.514179 -0.857683 0
    outer loop
      vertex 92.9513 -42.414 0
      vertex 93.389 -42.6764 4.5
      vertex 92.9513 -42.414 4.5
    endloop
  endfacet
  facet normal -0.514179 -0.857683 -0
    outer loop
      vertex 93.389 -42.6764 4.5
      vertex 92.9513 -42.414 0
      vertex 93.389 -42.6764 0
    endloop
  endfacet
  facet normal -0.94156 0.336845 0
    outer loop
      vertex 95.3042 -48.99 0
      vertex 95.4761 -48.5095 4.5
      vertex 95.4761 -48.5095 0
    endloop
  endfacet
  facet normal -0.94156 0.336845 0
    outer loop
      vertex 95.4761 -48.5095 4.5
      vertex 95.3042 -48.99 0
      vertex 95.3042 -48.99 4.5
    endloop
  endfacet
  facet normal 0.857683 -0.514179 0
    outer loop
      vertex 85.914 -44.5487 4.5
      vertex 86.1764 -44.111 0
      vertex 86.1764 -44.111 4.5
    endloop
  endfacet
  facet normal 0.857683 -0.514179 0
    outer loop
      vertex 86.1764 -44.111 0
      vertex 85.914 -44.5487 4.5
      vertex 85.914 -44.5487 0
    endloop
  endfacet
  facet normal 0.970027 0.242997 0
    outer loop
      vertex 85.5239 -48.5095 4.5
      vertex 85.3999 -48.0145 0
      vertex 85.3999 -48.0145 4.5
    endloop
  endfacet
  facet normal 0.970027 0.242997 0
    outer loop
      vertex 85.3999 -48.0145 0
      vertex 85.5239 -48.5095 4.5
      vertex 85.5239 -48.5095 0
    endloop
  endfacet
  facet normal -0.0489896 -0.998799 0
    outer loop
      vertex 90.5 -41.8 0
      vertex 91.0097 -41.825 4.5
      vertex 90.5 -41.8 4.5
    endloop
  endfacet
  facet normal -0.0489896 -0.998799 -0
    outer loop
      vertex 91.0097 -41.825 4.5
      vertex 90.5 -41.8 0
      vertex 91.0097 -41.825 0
    endloop
  endfacet
  facet normal -0.857683 -0.514179 0
    outer loop
      vertex 95.086 -44.5487 0
      vertex 94.8236 -44.111 4.5
      vertex 94.8236 -44.111 0
    endloop
  endfacet
  facet normal -0.857683 -0.514179 0
    outer loop
      vertex 94.8236 -44.111 4.5
      vertex 95.086 -44.5487 0
      vertex 95.086 -44.5487 4.5
    endloop
  endfacet
  facet normal 0.94156 0.336845 0
    outer loop
      vertex 85.6958 -48.99 4.5
      vertex 85.5239 -48.5095 0
      vertex 85.5239 -48.5095 4.5
    endloop
  endfacet
  facet normal 0.94156 0.336845 0
    outer loop
      vertex 85.5239 -48.5095 0
      vertex 85.6958 -48.99 4.5
      vertex 85.6958 -48.99 0
    endloop
  endfacet
  facet normal 0.671472 -0.74103 0
    outer loop
      vertex 86.823 -43.323 0
      vertex 87.2012 -42.9803 4.5
      vertex 86.823 -43.323 4.5
    endloop
  endfacet
  facet normal 0.671472 -0.74103 0
    outer loop
      vertex 87.2012 -42.9803 4.5
      vertex 86.823 -43.323 0
      vertex 87.2012 -42.9803 0
    endloop
  endfacet
  facet normal -0.970027 0.242997 0
    outer loop
      vertex 95.4761 -48.5095 0
      vertex 95.6001 -48.0145 4.5
      vertex 95.6001 -48.0145 0
    endloop
  endfacet
  facet normal -0.970027 0.242997 0
    outer loop
      vertex 95.6001 -48.0145 4.5
      vertex 95.4761 -48.5095 0
      vertex 95.4761 -48.5095 4.5
    endloop
  endfacet
  facet normal 0.514179 -0.857683 0
    outer loop
      vertex 87.611 -42.6764 0
      vertex 88.0487 -42.414 4.5
      vertex 87.611 -42.6764 4.5
    endloop
  endfacet
  facet normal 0.514179 -0.857683 0
    outer loop
      vertex 88.0487 -42.414 4.5
      vertex 87.611 -42.6764 0
      vertex 88.0487 -42.414 0
    endloop
  endfacet
  facet normal 0.998799 0.0489896 0
    outer loop
      vertex 85.325 -47.5097 4.5
      vertex 85.3 -47 0
      vertex 85.3 -47 4.5
    endloop
  endfacet
  facet normal 0.998799 0.0489896 0
    outer loop
      vertex 85.3 -47 0
      vertex 85.325 -47.5097 4.5
      vertex 85.325 -47.5097 0
    endloop
  endfacet
  facet normal 0.970027 -0.242997 0
    outer loop
      vertex 85.3999 -45.9855 4.5
      vertex 85.5239 -45.4905 0
      vertex 85.5239 -45.4905 4.5
    endloop
  endfacet
  facet normal 0.970027 -0.242997 0
    outer loop
      vertex 85.5239 -45.4905 0
      vertex 85.3999 -45.9855 4.5
      vertex 85.3999 -45.9855 0
    endloop
  endfacet
  facet normal -0.427589 0.903973 0
    outer loop
      vertex 92.9513 -51.586 0
      vertex 92.49 -51.8042 4.5
      vertex 92.9513 -51.586 4.5
    endloop
  endfacet
  facet normal -0.427589 0.903973 0
    outer loop
      vertex 92.49 -51.8042 4.5
      vertex 92.9513 -51.586 0
      vertex 92.49 -51.8042 0
    endloop
  endfacet
  facet normal 0.336845 -0.94156 0
    outer loop
      vertex 88.51 -42.1958 0
      vertex 88.9905 -42.0239 4.5
      vertex 88.51 -42.1958 4.5
    endloop
  endfacet
  facet normal 0.336845 -0.94156 0
    outer loop
      vertex 88.9905 -42.0239 4.5
      vertex 88.51 -42.1958 0
      vertex 88.9905 -42.0239 0
    endloop
  endfacet
  facet normal -0.514179 0.857683 0
    outer loop
      vertex 93.389 -51.3236 0
      vertex 92.9513 -51.586 4.5
      vertex 93.389 -51.3236 4.5
    endloop
  endfacet
  facet normal -0.514179 0.857683 0
    outer loop
      vertex 92.9513 -51.586 4.5
      vertex 93.389 -51.3236 0
      vertex 92.9513 -51.586 0
    endloop
  endfacet
  facet normal -0.146769 0.989171 0
    outer loop
      vertex 91.5145 -52.1001 0
      vertex 91.0097 -52.175 4.5
      vertex 91.5145 -52.1001 4.5
    endloop
  endfacet
  facet normal -0.146769 0.989171 0
    outer loop
      vertex 91.0097 -52.175 4.5
      vertex 91.5145 -52.1001 0
      vertex 91.0097 -52.175 0
    endloop
  endfacet
  facet normal -0.74103 0.671472 0
    outer loop
      vertex 94.177 -50.677 0
      vertex 94.5197 -50.2988 4.5
      vertex 94.5197 -50.2988 0
    endloop
  endfacet
  facet normal -0.74103 0.671472 0
    outer loop
      vertex 94.5197 -50.2988 4.5
      vertex 94.177 -50.677 0
      vertex 94.177 -50.677 4.5
    endloop
  endfacet
  facet normal -0.803234 0.595663 0
    outer loop
      vertex 94.5197 -50.2988 0
      vertex 94.8236 -49.889 4.5
      vertex 94.8236 -49.889 0
    endloop
  endfacet
  facet normal -0.803234 0.595663 0
    outer loop
      vertex 94.8236 -49.889 4.5
      vertex 94.5197 -50.2988 0
      vertex 94.5197 -50.2988 4.5
    endloop
  endfacet
  facet normal 0.427589 -0.903973 0
    outer loop
      vertex 88.0487 -42.414 0
      vertex 88.51 -42.1958 4.5
      vertex 88.0487 -42.414 4.5
    endloop
  endfacet
  facet normal 0.427589 -0.903973 0
    outer loop
      vertex 88.51 -42.1958 4.5
      vertex 88.0487 -42.414 0
      vertex 88.51 -42.1958 0
    endloop
  endfacet
  facet normal 0.595663 -0.803234 0
    outer loop
      vertex 87.2012 -42.9803 0
      vertex 87.611 -42.6764 4.5
      vertex 87.2012 -42.9803 4.5
    endloop
  endfacet
  facet normal 0.595663 -0.803234 0
    outer loop
      vertex 87.611 -42.6764 4.5
      vertex 87.2012 -42.9803 0
      vertex 87.611 -42.6764 0
    endloop
  endfacet
  facet normal 0.989171 -0.146769 0
    outer loop
      vertex 85.325 -46.4903 4.5
      vertex 85.3999 -45.9855 0
      vertex 85.3999 -45.9855 4.5
    endloop
  endfacet
  facet normal 0.989171 -0.146769 0
    outer loop
      vertex 85.3999 -45.9855 0
      vertex 85.325 -46.4903 4.5
      vertex 85.325 -46.4903 0
    endloop
  endfacet
  facet normal 0.242997 0.970027 -0
    outer loop
      vertex 89.4855 -52.1001 0
      vertex 88.9905 -51.9761 4.5
      vertex 89.4855 -52.1001 4.5
    endloop
  endfacet
  facet normal 0.242997 0.970027 0
    outer loop
      vertex 88.9905 -51.9761 4.5
      vertex 89.4855 -52.1001 0
      vertex 88.9905 -51.9761 0
    endloop
  endfacet
  facet normal -0.970027 -0.242997 0
    outer loop
      vertex 95.6001 -45.9855 0
      vertex 95.4761 -45.4905 4.5
      vertex 95.4761 -45.4905 0
    endloop
  endfacet
  facet normal -0.970027 -0.242997 0
    outer loop
      vertex 95.4761 -45.4905 4.5
      vertex 95.6001 -45.9855 0
      vertex 95.6001 -45.9855 4.5
    endloop
  endfacet
  facet normal -0.803234 -0.595663 0
    outer loop
      vertex 94.8236 -44.111 0
      vertex 94.5197 -43.7012 4.5
      vertex 94.5197 -43.7012 0
    endloop
  endfacet
  facet normal -0.803234 -0.595663 0
    outer loop
      vertex 94.5197 -43.7012 4.5
      vertex 94.8236 -44.111 0
      vertex 94.8236 -44.111 4.5
    endloop
  endfacet
  facet normal 0.803234 0.595663 0
    outer loop
      vertex 86.4803 -50.2988 4.5
      vertex 86.1764 -49.889 0
      vertex 86.1764 -49.889 4.5
    endloop
  endfacet
  facet normal 0.803234 0.595663 0
    outer loop
      vertex 86.1764 -49.889 0
      vertex 86.4803 -50.2988 4.5
      vertex 86.4803 -50.2988 0
    endloop
  endfacet
  facet normal 0.903973 0.427589 0
    outer loop
      vertex 85.914 -49.4513 4.5
      vertex 85.6958 -48.99 0
      vertex 85.6958 -48.99 4.5
    endloop
  endfacet
  facet normal 0.903973 0.427589 0
    outer loop
      vertex 85.6958 -48.99 0
      vertex 85.914 -49.4513 4.5
      vertex 85.914 -49.4513 0
    endloop
  endfacet
  facet normal -0.146769 -0.989171 0
    outer loop
      vertex 91.0097 -41.825 0
      vertex 91.5145 -41.8999 4.5
      vertex 91.0097 -41.825 4.5
    endloop
  endfacet
  facet normal -0.146769 -0.989171 -0
    outer loop
      vertex 91.5145 -41.8999 4.5
      vertex 91.0097 -41.825 0
      vertex 91.5145 -41.8999 0
    endloop
  endfacet
  facet normal 0.0489896 -0.998799 0
    outer loop
      vertex 89.9903 -41.825 0
      vertex 90.5 -41.8 4.5
      vertex 89.9903 -41.825 4.5
    endloop
  endfacet
  facet normal 0.0489896 -0.998799 0
    outer loop
      vertex 90.5 -41.8 4.5
      vertex 89.9903 -41.825 0
      vertex 90.5 -41.8 0
    endloop
  endfacet
  facet normal 0.427589 0.903973 -0
    outer loop
      vertex 88.51 -51.8042 0
      vertex 88.0487 -51.586 4.5
      vertex 88.51 -51.8042 4.5
    endloop
  endfacet
  facet normal 0.427589 0.903973 0
    outer loop
      vertex 88.0487 -51.586 4.5
      vertex 88.51 -51.8042 0
      vertex 88.0487 -51.586 0
    endloop
  endfacet
  facet normal -0.595663 0.803234 0
    outer loop
      vertex 93.7988 -51.0197 0
      vertex 93.389 -51.3236 4.5
      vertex 93.7988 -51.0197 4.5
    endloop
  endfacet
  facet normal -0.595663 0.803234 0
    outer loop
      vertex 93.389 -51.3236 4.5
      vertex 93.7988 -51.0197 0
      vertex 93.389 -51.3236 0
    endloop
  endfacet
  facet normal -0.998799 0.0489896 0
    outer loop
      vertex 95.675 -47.5097 0
      vertex 95.7 -47 4.5
      vertex 95.7 -47 0
    endloop
  endfacet
  facet normal -0.998799 0.0489896 0
    outer loop
      vertex 95.7 -47 4.5
      vertex 95.675 -47.5097 0
      vertex 95.675 -47.5097 4.5
    endloop
  endfacet
  facet normal 0.146769 -0.989171 0
    outer loop
      vertex 89.4855 -41.8999 0
      vertex 89.9903 -41.825 4.5
      vertex 89.4855 -41.8999 4.5
    endloop
  endfacet
  facet normal 0.146769 -0.989171 0
    outer loop
      vertex 89.9903 -41.825 4.5
      vertex 89.4855 -41.8999 0
      vertex 89.9903 -41.825 0
    endloop
  endfacet
  facet normal 0.989171 0.146769 0
    outer loop
      vertex 85.3999 -48.0145 4.5
      vertex 85.325 -47.5097 0
      vertex 85.325 -47.5097 4.5
    endloop
  endfacet
  facet normal 0.989171 0.146769 0
    outer loop
      vertex 85.325 -47.5097 0
      vertex 85.3999 -48.0145 4.5
      vertex 85.3999 -48.0145 0
    endloop
  endfacet
  facet normal -0.336845 0.94156 0
    outer loop
      vertex 92.49 -51.8042 0
      vertex 92.0095 -51.9761 4.5
      vertex 92.49 -51.8042 4.5
    endloop
  endfacet
  facet normal -0.336845 0.94156 0
    outer loop
      vertex 92.0095 -51.9761 4.5
      vertex 92.49 -51.8042 0
      vertex 92.0095 -51.9761 0
    endloop
  endfacet
  facet normal -0.242997 0.970027 0
    outer loop
      vertex 92.0095 -51.9761 0
      vertex 91.5145 -52.1001 4.5
      vertex 92.0095 -51.9761 4.5
    endloop
  endfacet
  facet normal -0.242997 0.970027 0
    outer loop
      vertex 91.5145 -52.1001 4.5
      vertex 92.0095 -51.9761 0
      vertex 91.5145 -52.1001 0
    endloop
  endfacet
  facet normal 0.74103 0.671472 0
    outer loop
      vertex 86.823 -50.677 4.5
      vertex 86.4803 -50.2988 0
      vertex 86.4803 -50.2988 4.5
    endloop
  endfacet
  facet normal 0.74103 0.671472 0
    outer loop
      vertex 86.4803 -50.2988 0
      vertex 86.823 -50.677 4.5
      vertex 86.823 -50.677 0
    endloop
  endfacet
  facet normal 0.903973 -0.427589 0
    outer loop
      vertex 85.6958 -45.01 4.5
      vertex 85.914 -44.5487 0
      vertex 85.914 -44.5487 4.5
    endloop
  endfacet
  facet normal 0.903973 -0.427589 0
    outer loop
      vertex 85.914 -44.5487 0
      vertex 85.6958 -45.01 4.5
      vertex 85.6958 -45.01 0
    endloop
  endfacet
  facet normal 0.595663 0.803234 -0
    outer loop
      vertex 87.611 -51.3236 0
      vertex 87.2012 -51.0197 4.5
      vertex 87.611 -51.3236 4.5
    endloop
  endfacet
  facet normal 0.595663 0.803234 0
    outer loop
      vertex 87.2012 -51.0197 4.5
      vertex 87.611 -51.3236 0
      vertex 87.2012 -51.0197 0
    endloop
  endfacet
  facet normal -0.903973 0.427589 0
    outer loop
      vertex 95.086 -49.4513 0
      vertex 95.3042 -48.99 4.5
      vertex 95.3042 -48.99 0
    endloop
  endfacet
  facet normal -0.903973 0.427589 0
    outer loop
      vertex 95.3042 -48.99 4.5
      vertex 95.086 -49.4513 0
      vertex 95.086 -49.4513 4.5
    endloop
  endfacet
  facet normal -0.857683 0.514179 0
    outer loop
      vertex 94.8236 -49.889 0
      vertex 95.086 -49.4513 4.5
      vertex 95.086 -49.4513 0
    endloop
  endfacet
  facet normal -0.857683 0.514179 0
    outer loop
      vertex 95.086 -49.4513 4.5
      vertex 94.8236 -49.889 0
      vertex 94.8236 -49.889 4.5
    endloop
  endfacet
  facet normal 0.0489896 0.998799 -0
    outer loop
      vertex 90.5 -52.2 0
      vertex 89.9903 -52.175 4.5
      vertex 90.5 -52.2 4.5
    endloop
  endfacet
  facet normal 0.0489896 0.998799 0
    outer loop
      vertex 89.9903 -52.175 4.5
      vertex 90.5 -52.2 0
      vertex 89.9903 -52.175 0
    endloop
  endfacet
  facet normal 0 0 -1
    outer loop
      vertex 95.675 -47.5097 4.5
      vertex 95.675 -46.4903 4.5
      vertex 95.7 -47 4.5
    endloop
  endfacet
  facet normal 0 0 -1
    outer loop
      vertex 95.6001 -48.0145 4.5
      vertex 95.675 -46.4903 4.5
      vertex 95.675 -47.5097 4.5
    endloop
  endfacet
  facet normal 0 0 -1
    outer loop
      vertex 95.6001 -48.0145 4.5
      vertex 95.6001 -45.9855 4.5
      vertex 95.675 -46.4903 4.5
    endloop
  endfacet
  facet normal 0 0 -1
    outer loop
      vertex 95.4761 -48.5095 4.5
      vertex 95.6001 -45.9855 4.5
      vertex 95.6001 -48.0145 4.5
    endloop
  endfacet
  facet normal 0 0 -1
    outer loop
      vertex 95.4761 -48.5095 4.5
      vertex 95.4761 -45.4905 4.5
      vertex 95.6001 -45.9855 4.5
    endloop
  endfacet
  facet normal 0 0 -1
    outer loop
      vertex 95.3042 -48.99 4.5
      vertex 95.4761 -45.4905 4.5
      vertex 95.4761 -48.5095 4.5
    endloop
  endfacet
  facet normal 0 0 -1
    outer loop
      vertex 95.3042 -48.99 4.5
      vertex 95.3042 -45.01 4.5
      vertex 95.4761 -45.4905 4.5
    endloop
  endfacet
  facet normal 0 0 -1
    outer loop
      vertex 95.086 -49.4513 4.5
      vertex 95.3042 -45.01 4.5
      vertex 95.3042 -48.99 4.5
    endloop
  endfacet
  facet normal 0 0 -1
    outer loop
      vertex 95.086 -49.4513 4.5
      vertex 95.086 -44.5487 4.5
      vertex 95.3042 -45.01 4.5
    endloop
  endfacet
  facet normal 0 0 -1
    outer loop
      vertex 94.8236 -49.889 4.5
      vertex 95.086 -44.5487 4.5
      vertex 95.086 -49.4513 4.5
    endloop
  endfacet
  facet normal 0 0 -1
    outer loop
      vertex 94.8236 -49.889 4.5
      vertex 94.8236 -44.111 4.5
      vertex 95.086 -44.5487 4.5
    endloop
  endfacet
  facet normal 0 0 -1
    outer loop
      vertex 94.5197 -50.2988 4.5
      vertex 94.8236 -44.111 4.5
      vertex 94.8236 -49.889 4.5
    endloop
  endfacet
  facet normal 0 0 -1
    outer loop
      vertex 94.5197 -50.2988 4.5
      vertex 94.5197 -43.7012 4.5
      vertex 94.8236 -44.111 4.5
    endloop
  endfacet
  facet normal 0 0 -1
    outer loop
      vertex 94.177 -50.677 4.5
      vertex 94.5197 -43.7012 4.5
      vertex 94.5197 -50.2988 4.5
    endloop
  endfacet
  facet normal 0 0 -1
    outer loop
      vertex 94.177 -50.677 4.5
      vertex 94.177 -43.323 4.5
      vertex 94.5197 -43.7012 4.5
    endloop
  endfacet
  facet normal 0 0 -1
    outer loop
      vertex 93.7988 -51.0197 4.5
      vertex 94.177 -43.323 4.5
      vertex 94.177 -50.677 4.5
    endloop
  endfacet
  facet normal 0 0 -1
    outer loop
      vertex 93.7988 -51.0197 4.5
      vertex 93.7988 -42.9803 4.5
      vertex 94.177 -43.323 4.5
    endloop
  endfacet
  facet normal 0 0 -1
    outer loop
      vertex 93.389 -51.3236 4.5
      vertex 93.7988 -42.9803 4.5
      vertex 93.7988 -51.0197 4.5
    endloop
  endfacet
  facet normal 0 0 -1
    outer loop
      vertex 93.389 -51.3236 4.5
      vertex 93.389 -42.6764 4.5
      vertex 93.7988 -42.9803 4.5
    endloop
  endfacet
  facet normal 0 0 -1
    outer loop
      vertex 92.9513 -51.586 4.5
      vertex 93.389 -42.6764 4.5
      vertex 93.389 -51.3236 4.5
    endloop
  endfacet
  facet normal 0 0 -1
    outer loop
      vertex 92.9513 -51.586 4.5
      vertex 92.9513 -42.414 4.5
      vertex 93.389 -42.6764 4.5
    endloop
  endfacet
  facet normal 0 0 -1
    outer loop
      vertex 92.49 -51.8042 4.5
      vertex 92.9513 -42.414 4.5
      vertex 92.9513 -51.586 4.5
    endloop
  endfacet
  facet normal 0 0 -1
    outer loop
      vertex 92.49 -51.8042 4.5
      vertex 92.49 -42.1958 4.5
      vertex 92.9513 -42.414 4.5
    endloop
  endfacet
  facet normal 0 0 -1
    outer loop
      vertex 92.0095 -51.9761 4.5
      vertex 92.49 -42.1958 4.5
      vertex 92.49 -51.8042 4.5
    endloop
  endfacet
  facet normal 0 0 -1
    outer loop
      vertex 92.0095 -51.9761 4.5
      vertex 92.0095 -42.0239 4.5
      vertex 92.49 -42.1958 4.5
    endloop
  endfacet
  facet normal 0 0 -1
    outer loop
      vertex 91.5145 -52.1001 4.5
      vertex 92.0095 -42.0239 4.5
      vertex 92.0095 -51.9761 4.5
    endloop
  endfacet
  facet normal 0 0 -1
    outer loop
      vertex 91.5145 -52.1001 4.5
      vertex 91.5145 -41.8999 4.5
      vertex 92.0095 -42.0239 4.5
    endloop
  endfacet
  facet normal 0 0 -1
    outer loop
      vertex 91.0097 -52.175 4.5
      vertex 91.5145 -41.8999 4.5
      vertex 91.5145 -52.1001 4.5
    endloop
  endfacet
  facet normal 0 0 -1
    outer loop
      vertex 91.0097 -52.175 4.5
      vertex 91.0097 -41.825 4.5
      vertex 91.5145 -41.8999 4.5
    endloop
  endfacet
  facet normal 0 0 -1
    outer loop
      vertex 90.5 -52.2 4.5
      vertex 91.0097 -41.825 4.5
      vertex 91.0097 -52.175 4.5
    endloop
  endfacet
  facet normal 0 0 -1
    outer loop
      vertex 90.5 -52.2 4.5
      vertex 90.5 -41.8 4.5
      vertex 91.0097 -41.825 4.5
    endloop
  endfacet
  facet normal 0 0 -1
    outer loop
      vertex 89.9903 -52.175 4.5
      vertex 90.5 -41.8 4.5
      vertex 90.5 -52.2 4.5
    endloop
  endfacet
  facet normal 0 0 -1
    outer loop
      vertex 89.9903 -52.175 4.5
      vertex 89.9903 -41.825 4.5
      vertex 90.5 -41.8 4.5
    endloop
  endfacet
  facet normal 0 0 -1
    outer loop
      vertex 89.4855 -52.1001 4.5
      vertex 89.9903 -41.825 4.5
      vertex 89.9903 -52.175 4.5
    endloop
  endfacet
  facet normal 0 0 -1
    outer loop
      vertex 89.4855 -52.1001 4.5
      vertex 89.4855 -41.8999 4.5
      vertex 89.9903 -41.825 4.5
    endloop
  endfacet
  facet normal 0 0 -1
    outer loop
      vertex 88.9905 -51.9761 4.5
      vertex 89.4855 -41.8999 4.5
      vertex 89.4855 -52.1001 4.5
    endloop
  endfacet
  facet normal 0 0 -1
    outer loop
      vertex 88.9905 -51.9761 4.5
      vertex 88.9905 -42.0239 4.5
      vertex 89.4855 -41.8999 4.5
    endloop
  endfacet
  facet normal 0 0 -1
    outer loop
      vertex 88.51 -51.8042 4.5
      vertex 88.9905 -42.0239 4.5
      vertex 88.9905 -51.9761 4.5
    endloop
  endfacet
  facet normal 0 0 -1
    outer loop
      vertex 88.51 -51.8042 4.5
      vertex 88.51 -42.1958 4.5
      vertex 88.9905 -42.0239 4.5
    endloop
  endfacet
  facet normal 0 0 -1
    outer loop
      vertex 88.0487 -51.586 4.5
      vertex 88.51 -42.1958 4.5
      vertex 88.51 -51.8042 4.5
    endloop
  endfacet
  facet normal 0 0 -1
    outer loop
      vertex 88.0487 -51.586 4.5
      vertex 88.0487 -42.414 4.5
      vertex 88.51 -42.1958 4.5
    endloop
  endfacet
  facet normal 0 0 -1
    outer loop
      vertex 87.611 -51.3236 4.5
      vertex 88.0487 -42.414 4.5
      vertex 88.0487 -51.586 4.5
    endloop
  endfacet
  facet normal 0 0 -1
    outer loop
      vertex 87.611 -51.3236 4.5
      vertex 87.611 -42.6764 4.5
      vertex 88.0487 -42.414 4.5
    endloop
  endfacet
  facet normal 0 0 -1
    outer loop
      vertex 87.2012 -51.0197 4.5
      vertex 87.611 -42.6764 4.5
      vertex 87.611 -51.3236 4.5
    endloop
  endfacet
  facet normal 0 0 -1
    outer loop
      vertex 87.2012 -51.0197 4.5
      vertex 87.2012 -42.9803 4.5
      vertex 87.611 -42.6764 4.5
    endloop
  endfacet
  facet normal 0 0 -1
    outer loop
      vertex 86.823 -50.677 4.5
      vertex 87.2012 -42.9803 4.5
      vertex 87.2012 -51.0197 4.5
    endloop
  endfacet
  facet normal 0 0 -1
    outer loop
      vertex 86.823 -50.677 4.5
      vertex 86.823 -43.323 4.5
      vertex 87.2012 -42.9803 4.5
    endloop
  endfacet
  facet normal 0 0 -1
    outer loop
      vertex 86.4803 -50.2988 4.5
      vertex 86.823 -43.323 4.5
      vertex 86.823 -50.677 4.5
    endloop
  endfacet
  facet normal 0 0 -1
    outer loop
      vertex 86.4803 -50.2988 4.5
      vertex 86.4803 -43.7012 4.5
      vertex 86.823 -43.323 4.5
    endloop
  endfacet
  facet normal 0 0 -1
    outer loop
      vertex 86.1764 -49.889 4.5
      vertex 86.4803 -43.7012 4.5
      vertex 86.4803 -50.2988 4.5
    endloop
  endfacet
  facet normal 0 0 -1
    outer loop
      vertex 86.1764 -49.889 4.5
      vertex 86.1764 -44.111 4.5
      vertex 86.4803 -43.7012 4.5
    endloop
  endfacet
  facet normal 0 0 -1
    outer loop
      vertex 85.914 -49.4513 4.5
      vertex 86.1764 -44.111 4.5
      vertex 86.1764 -49.889 4.5
    endloop
  endfacet
  facet normal 0 0 -1
    outer loop
      vertex 85.914 -49.4513 4.5
      vertex 85.914 -44.5487 4.5
      vertex 86.1764 -44.111 4.5
    endloop
  endfacet
  facet normal 0 0 -1
    outer loop
      vertex 85.6958 -48.99 4.5
      vertex 85.914 -44.5487 4.5
      vertex 85.914 -49.4513 4.5
    endloop
  endfacet
  facet normal 0 0 -1
    outer loop
      vertex 85.6958 -48.99 4.5
      vertex 85.6958 -45.01 4.5
      vertex 85.914 -44.5487 4.5
    endloop
  endfacet
  facet normal 0 0 -1
    outer loop
      vertex 85.5239 -48.5095 4.5
      vertex 85.6958 -45.01 4.5
      vertex 85.6958 -48.99 4.5
    endloop
  endfacet
  facet normal 0 0 -1
    outer loop
      vertex 85.5239 -48.5095 4.5
      vertex 85.5239 -45.4905 4.5
      vertex 85.6958 -45.01 4.5
    endloop
  endfacet
  facet normal 0 0 -1
    outer loop
      vertex 85.3999 -48.0145 4.5
      vertex 85.5239 -45.4905 4.5
      vertex 85.5239 -48.5095 4.5
    endloop
  endfacet
  facet normal 0 0 -1
    outer loop
      vertex 85.3999 -48.0145 4.5
      vertex 85.3999 -45.9855 4.5
      vertex 85.5239 -45.4905 4.5
    endloop
  endfacet
  facet normal 0 0 -1
    outer loop
      vertex 85.325 -47.5097 4.5
      vertex 85.3999 -45.9855 4.5
      vertex 85.3999 -48.0145 4.5
    endloop
  endfacet
  facet normal 0 0 -1
    outer loop
      vertex 85.325 -47.5097 4.5
      vertex 85.325 -46.4903 4.5
      vertex 85.3999 -45.9855 4.5
    endloop
  endfacet
  facet normal 0 -0 -1
    outer loop
      vertex 85.325 -46.4903 4.5
      vertex 85.325 -47.5097 4.5
      vertex 85.3 -47 4.5
    endloop
  endfacet
  facet normal 0.998799 -0.0489896 0
    outer loop
      vertex 85.3 -47 4.5
      vertex 85.325 -46.4903 0
      vertex 85.325 -46.4903 4.5
    endloop
  endfacet
  facet normal 0.998799 -0.0489896 0
    outer loop
      vertex 85.325 -46.4903 0
      vertex 85.3 -47 4.5
      vertex 85.3 -47 0
    endloop
  endfacet
  facet normal 0.336845 0.94156 -0
    outer loop
      vertex 88.9905 -51.9761 0
      vertex 88.51 -51.8042 4.5
      vertex 88.9905 -51.9761 4.5
    endloop
  endfacet
  facet normal 0.336845 0.94156 0
    outer loop
      vertex 88.51 -51.8042 4.5
      vertex 88.9905 -51.9761 0
      vertex 88.51 -51.8042 0
    endloop
  endfacet
  facet normal -0.671472 0.74103 0
    outer loop
      vertex 94.177 -50.677 0
      vertex 93.7988 -51.0197 4.5
      vertex 94.177 -50.677 4.5
    endloop
  endfacet
  facet normal -0.671472 0.74103 0
    outer loop
      vertex 93.7988 -51.0197 4.5
      vertex 94.177 -50.677 0
      vertex 93.7988 -51.0197 0
    endloop
  endfacet
  facet normal -0.989171 -0.146769 0
    outer loop
      vertex -85.325 47.5097 0
      vertex -85.3999 48.0145 4.5
      vertex -85.3999 48.0145 0
    endloop
  endfacet
  facet normal -0.989171 -0.146769 0
    outer loop
      vertex -85.3999 48.0145 4.5
      vertex -85.325 47.5097 0
      vertex -85.325 47.5097 4.5
    endloop
  endfacet
  facet normal -0.998799 -0.0489896 0
    outer loop
      vertex -85.3 47 0
      vertex -85.325 47.5097 4.5
      vertex -85.325 47.5097 0
    endloop
  endfacet
  facet normal -0.998799 -0.0489896 0
    outer loop
      vertex -85.325 47.5097 4.5
      vertex -85.3 47 0
      vertex -85.3 47 4.5
    endloop
  endfacet
  facet normal -0.970027 -0.242997 0
    outer loop
      vertex -85.3999 48.0145 0
      vertex -85.5239 48.5095 4.5
      vertex -85.5239 48.5095 0
    endloop
  endfacet
  facet normal -0.970027 -0.242997 0
    outer loop
      vertex -85.5239 48.5095 4.5
      vertex -85.3999 48.0145 0
      vertex -85.3999 48.0145 4.5
    endloop
  endfacet
  facet normal -0.998799 0.0489896 0
    outer loop
      vertex -85.325 46.4903 0
      vertex -85.3 47 4.5
      vertex -85.3 47 0
    endloop
  endfacet
  facet normal -0.998799 0.0489896 0
    outer loop
      vertex -85.3 47 4.5
      vertex -85.325 46.4903 0
      vertex -85.325 46.4903 4.5
    endloop
  endfacet
  facet normal 0.514179 -0.857683 0
    outer loop
      vertex -93.389 51.3236 0
      vertex -92.9513 51.586 4.5
      vertex -93.389 51.3236 4.5
    endloop
  endfacet
  facet normal 0.514179 -0.857683 0
    outer loop
      vertex -92.9513 51.586 4.5
      vertex -93.389 51.3236 0
      vertex -92.9513 51.586 0
    endloop
  endfacet
  facet normal 0.514179 0.857683 -0
    outer loop
      vertex -92.9513 42.414 0
      vertex -93.389 42.6764 4.5
      vertex -92.9513 42.414 4.5
    endloop
  endfacet
  facet normal 0.514179 0.857683 0
    outer loop
      vertex -93.389 42.6764 4.5
      vertex -92.9513 42.414 0
      vertex -93.389 42.6764 0
    endloop
  endfacet
  facet normal 0.803234 -0.595663 0
    outer loop
      vertex -94.8236 49.889 4.5
      vertex -94.5197 50.2988 0
      vertex -94.5197 50.2988 4.5
    endloop
  endfacet
  facet normal 0.803234 -0.595663 0
    outer loop
      vertex -94.5197 50.2988 0
      vertex -94.8236 49.889 4.5
      vertex -94.8236 49.889 0
    endloop
  endfacet
  facet normal -0.427589 0.903973 0
    outer loop
      vertex -88.0487 42.414 0
      vertex -88.51 42.1958 4.5
      vertex -88.0487 42.414 4.5
    endloop
  endfacet
  facet normal -0.427589 0.903973 0
    outer loop
      vertex -88.51 42.1958 4.5
      vertex -88.0487 42.414 0
      vertex -88.51 42.1958 0
    endloop
  endfacet
  facet normal 0.857683 -0.514179 0
    outer loop
      vertex -95.086 49.4513 4.5
      vertex -94.8236 49.889 0
      vertex -94.8236 49.889 4.5
    endloop
  endfacet
  facet normal 0.857683 -0.514179 0
    outer loop
      vertex -94.8236 49.889 0
      vertex -95.086 49.4513 4.5
      vertex -95.086 49.4513 0
    endloop
  endfacet
  facet normal 0.595663 0.803234 -0
    outer loop
      vertex -93.389 42.6764 0
      vertex -93.7988 42.9803 4.5
      vertex -93.389 42.6764 4.5
    endloop
  endfacet
  facet normal 0.595663 0.803234 0
    outer loop
      vertex -93.7988 42.9803 4.5
      vertex -93.389 42.6764 0
      vertex -93.7988 42.9803 0
    endloop
  endfacet
  facet normal 0.242997 0.970027 -0
    outer loop
      vertex -91.5145 41.8999 0
      vertex -92.0095 42.0239 4.5
      vertex -91.5145 41.8999 4.5
    endloop
  endfacet
  facet normal 0.242997 0.970027 0
    outer loop
      vertex -92.0095 42.0239 4.5
      vertex -91.5145 41.8999 0
      vertex -92.0095 42.0239 0
    endloop
  endfacet
  facet normal 0.671472 -0.74103 0
    outer loop
      vertex -94.177 50.677 0
      vertex -93.7988 51.0197 4.5
      vertex -94.177 50.677 4.5
    endloop
  endfacet
  facet normal 0.671472 -0.74103 0
    outer loop
      vertex -93.7988 51.0197 4.5
      vertex -94.177 50.677 0
      vertex -93.7988 51.0197 0
    endloop
  endfacet
  facet normal 0.0489896 0.998799 -0
    outer loop
      vertex -90.5 41.8 0
      vertex -91.0097 41.825 4.5
      vertex -90.5 41.8 4.5
    endloop
  endfacet
  facet normal 0.0489896 0.998799 0
    outer loop
      vertex -91.0097 41.825 4.5
      vertex -90.5 41.8 0
      vertex -91.0097 41.825 0
    endloop
  endfacet
  facet normal -0.903973 0.427589 0
    outer loop
      vertex -85.914 44.5487 0
      vertex -85.6958 45.01 4.5
      vertex -85.6958 45.01 0
    endloop
  endfacet
  facet normal -0.903973 0.427589 0
    outer loop
      vertex -85.6958 45.01 4.5
      vertex -85.914 44.5487 0
      vertex -85.914 44.5487 4.5
    endloop
  endfacet
  facet normal -0.74103 0.671472 0
    outer loop
      vertex -86.823 43.323 0
      vertex -86.4803 43.7012 4.5
      vertex -86.4803 43.7012 0
    endloop
  endfacet
  facet normal -0.74103 0.671472 0
    outer loop
      vertex -86.4803 43.7012 4.5
      vertex -86.823 43.323 0
      vertex -86.823 43.323 4.5
    endloop
  endfacet
  facet normal -0.989171 0.146769 0
    outer loop
      vertex -85.3999 45.9855 0
      vertex -85.325 46.4903 4.5
      vertex -85.325 46.4903 0
    endloop
  endfacet
  facet normal -0.989171 0.146769 0
    outer loop
      vertex -85.325 46.4903 4.5
      vertex -85.3999 45.9855 0
      vertex -85.3999 45.9855 4.5
    endloop
  endfacet
  facet normal 0.74103 -0.671472 0
    outer loop
      vertex -94.5197 50.2988 4.5
      vertex -94.177 50.677 0
      vertex -94.177 50.677 4.5
    endloop
  endfacet
  facet normal 0.74103 -0.671472 0
    outer loop
      vertex -94.177 50.677 0
      vertex -94.5197 50.2988 4.5
      vertex -94.5197 50.2988 0
    endloop
  endfacet
  facet normal -0.595663 -0.803234 0
    outer loop
      vertex -87.611 51.3236 0
      vertex -87.2012 51.0197 4.5
      vertex -87.611 51.3236 4.5
    endloop
  endfacet
  facet normal -0.595663 -0.803234 -0
    outer loop
      vertex -87.2012 51.0197 4.5
      vertex -87.611 51.3236 0
      vertex -87.2012 51.0197 0
    endloop
  endfacet
  facet normal -0.242997 -0.970027 0
    outer loop
      vertex -89.4855 52.1001 0
      vertex -88.9905 51.9761 4.5
      vertex -89.4855 52.1001 4.5
    endloop
  endfacet
  facet normal -0.242997 -0.970027 -0
    outer loop
      vertex -88.9905 51.9761 4.5
      vertex -89.4855 52.1001 0
      vertex -88.9905 51.9761 0
    endloop
  endfacet
  facet normal 0.595663 -0.803234 0
    outer loop
      vertex -93.7988 51.0197 0
      vertex -93.389 51.3236 4.5
      vertex -93.7988 51.0197 4.5
    endloop
  endfacet
  facet normal 0.595663 -0.803234 0
    outer loop
      vertex -93.389 51.3236 4.5
      vertex -93.7988 51.0197 0
      vertex -93.389 51.3236 0
    endloop
  endfacet
  facet normal 0.989171 -0.146769 0
    outer loop
      vertex -95.675 47.5097 4.5
      vertex -95.6001 48.0145 0
      vertex -95.6001 48.0145 4.5
    endloop
  endfacet
  facet normal 0.989171 -0.146769 0
    outer loop
      vertex -95.6001 48.0145 0
      vertex -95.675 47.5097 4.5
      vertex -95.675 47.5097 0
    endloop
  endfacet
  facet normal -0.336845 0.94156 0
    outer loop
      vertex -88.51 42.1958 0
      vertex -88.9905 42.0239 4.5
      vertex -88.51 42.1958 4.5
    endloop
  endfacet
  facet normal -0.336845 0.94156 0
    outer loop
      vertex -88.9905 42.0239 4.5
      vertex -88.51 42.1958 0
      vertex -88.9905 42.0239 0
    endloop
  endfacet
  facet normal -0.671472 0.74103 0
    outer loop
      vertex -86.823 43.323 0
      vertex -87.2012 42.9803 4.5
      vertex -86.823 43.323 4.5
    endloop
  endfacet
  facet normal -0.671472 0.74103 0
    outer loop
      vertex -87.2012 42.9803 4.5
      vertex -86.823 43.323 0
      vertex -87.2012 42.9803 0
    endloop
  endfacet
  facet normal -0.803234 -0.595663 0
    outer loop
      vertex -86.1764 49.889 0
      vertex -86.4803 50.2988 4.5
      vertex -86.4803 50.2988 0
    endloop
  endfacet
  facet normal -0.803234 -0.595663 0
    outer loop
      vertex -86.4803 50.2988 4.5
      vertex -86.1764 49.889 0
      vertex -86.1764 49.889 4.5
    endloop
  endfacet
  facet normal -0.146769 0.989171 0
    outer loop
      vertex -89.4855 41.8999 0
      vertex -89.9903 41.825 4.5
      vertex -89.4855 41.8999 4.5
    endloop
  endfacet
  facet normal -0.146769 0.989171 0
    outer loop
      vertex -89.9903 41.825 4.5
      vertex -89.4855 41.8999 0
      vertex -89.9903 41.825 0
    endloop
  endfacet
  facet normal -0.427589 -0.903973 0
    outer loop
      vertex -88.51 51.8042 0
      vertex -88.0487 51.586 4.5
      vertex -88.51 51.8042 4.5
    endloop
  endfacet
  facet normal -0.427589 -0.903973 -0
    outer loop
      vertex -88.0487 51.586 4.5
      vertex -88.51 51.8042 0
      vertex -88.0487 51.586 0
    endloop
  endfacet
  facet normal 0.336845 0.94156 -0
    outer loop
      vertex -92.0095 42.0239 0
      vertex -92.49 42.1958 4.5
      vertex -92.0095 42.0239 4.5
    endloop
  endfacet
  facet normal 0.336845 0.94156 0
    outer loop
      vertex -92.49 42.1958 4.5
      vertex -92.0095 42.0239 0
      vertex -92.49 42.1958 0
    endloop
  endfacet
  facet normal 0.74103 0.671472 0
    outer loop
      vertex -94.177 43.323 4.5
      vertex -94.5197 43.7012 0
      vertex -94.5197 43.7012 4.5
    endloop
  endfacet
  facet normal 0.74103 0.671472 0
    outer loop
      vertex -94.5197 43.7012 0
      vertex -94.177 43.323 4.5
      vertex -94.177 43.323 0
    endloop
  endfacet
  facet normal 0.427589 -0.903973 0
    outer loop
      vertex -92.9513 51.586 0
      vertex -92.49 51.8042 4.5
      vertex -92.9513 51.586 4.5
    endloop
  endfacet
  facet normal 0.427589 -0.903973 0
    outer loop
      vertex -92.49 51.8042 4.5
      vertex -92.9513 51.586 0
      vertex -92.49 51.8042 0
    endloop
  endfacet
  facet normal 0.903973 -0.427589 0
    outer loop
      vertex -95.3042 48.99 4.5
      vertex -95.086 49.4513 0
      vertex -95.086 49.4513 4.5
    endloop
  endfacet
  facet normal 0.903973 -0.427589 0
    outer loop
      vertex -95.086 49.4513 0
      vertex -95.3042 48.99 4.5
      vertex -95.3042 48.99 0
    endloop
  endfacet
  facet normal 0.803234 0.595663 0
    outer loop
      vertex -94.5197 43.7012 4.5
      vertex -94.8236 44.111 0
      vertex -94.8236 44.111 4.5
    endloop
  endfacet
  facet normal 0.803234 0.595663 0
    outer loop
      vertex -94.8236 44.111 0
      vertex -94.5197 43.7012 4.5
      vertex -94.5197 43.7012 0
    endloop
  endfacet
  facet normal -0.803234 0.595663 0
    outer loop
      vertex -86.4803 43.7012 0
      vertex -86.1764 44.111 4.5
      vertex -86.1764 44.111 0
    endloop
  endfacet
  facet normal -0.803234 0.595663 0
    outer loop
      vertex -86.1764 44.111 4.5
      vertex -86.4803 43.7012 0
      vertex -86.4803 43.7012 4.5
    endloop
  endfacet
  facet normal 0.0489896 -0.998799 0
    outer loop
      vertex -91.0097 52.175 0
      vertex -90.5 52.2 4.5
      vertex -91.0097 52.175 4.5
    endloop
  endfacet
  facet normal 0.0489896 -0.998799 0
    outer loop
      vertex -90.5 52.2 4.5
      vertex -91.0097 52.175 0
      vertex -90.5 52.2 0
    endloop
  endfacet
  facet normal -0.336845 -0.94156 0
    outer loop
      vertex -88.9905 51.9761 0
      vertex -88.51 51.8042 4.5
      vertex -88.9905 51.9761 4.5
    endloop
  endfacet
  facet normal -0.336845 -0.94156 -0
    outer loop
      vertex -88.51 51.8042 4.5
      vertex -88.9905 51.9761 0
      vertex -88.51 51.8042 0
    endloop
  endfacet
  facet normal 0.989171 0.146769 0
    outer loop
      vertex -95.6001 45.9855 4.5
      vertex -95.675 46.4903 0
      vertex -95.675 46.4903 4.5
    endloop
  endfacet
  facet normal 0.989171 0.146769 0
    outer loop
      vertex -95.675 46.4903 0
      vertex -95.6001 45.9855 4.5
      vertex -95.6001 45.9855 0
    endloop
  endfacet
  facet normal -0.0489896 -0.998799 0
    outer loop
      vertex -90.5 52.2 0
      vertex -89.9903 52.175 4.5
      vertex -90.5 52.2 4.5
    endloop
  endfacet
  facet normal -0.0489896 -0.998799 -0
    outer loop
      vertex -89.9903 52.175 4.5
      vertex -90.5 52.2 0
      vertex -89.9903 52.175 0
    endloop
  endfacet
  facet normal -0.595663 0.803234 0
    outer loop
      vertex -87.2012 42.9803 0
      vertex -87.611 42.6764 4.5
      vertex -87.2012 42.9803 4.5
    endloop
  endfacet
  facet normal -0.595663 0.803234 0
    outer loop
      vertex -87.611 42.6764 4.5
      vertex -87.2012 42.9803 0
      vertex -87.611 42.6764 0
    endloop
  endfacet
  facet normal -0.671472 -0.74103 0
    outer loop
      vertex -87.2012 51.0197 0
      vertex -86.823 50.677 4.5
      vertex -87.2012 51.0197 4.5
    endloop
  endfacet
  facet normal -0.671472 -0.74103 -0
    outer loop
      vertex -86.823 50.677 4.5
      vertex -87.2012 51.0197 0
      vertex -86.823 50.677 0
    endloop
  endfacet
  facet normal 0.94156 0.336845 0
    outer loop
      vertex -95.3042 45.01 4.5
      vertex -95.4761 45.4905 0
      vertex -95.4761 45.4905 4.5
    endloop
  endfacet
  facet normal 0.94156 0.336845 0
    outer loop
      vertex -95.4761 45.4905 0
      vertex -95.3042 45.01 4.5
      vertex -95.3042 45.01 0
    endloop
  endfacet
  facet normal -0.857683 0.514179 0
    outer loop
      vertex -86.1764 44.111 0
      vertex -85.914 44.5487 4.5
      vertex -85.914 44.5487 0
    endloop
  endfacet
  facet normal -0.857683 0.514179 0
    outer loop
      vertex -85.914 44.5487 4.5
      vertex -86.1764 44.111 0
      vertex -86.1764 44.111 4.5
    endloop
  endfacet
  facet normal -0.146769 -0.989171 0
    outer loop
      vertex -89.9903 52.175 0
      vertex -89.4855 52.1001 4.5
      vertex -89.9903 52.175 4.5
    endloop
  endfacet
  facet normal -0.146769 -0.989171 -0
    outer loop
      vertex -89.4855 52.1001 4.5
      vertex -89.9903 52.175 0
      vertex -89.4855 52.1001 0
    endloop
  endfacet
  facet normal -0.94156 -0.336845 0
    outer loop
      vertex -85.5239 48.5095 0
      vertex -85.6958 48.99 4.5
      vertex -85.6958 48.99 0
    endloop
  endfacet
  facet normal -0.94156 -0.336845 0
    outer loop
      vertex -85.6958 48.99 4.5
      vertex -85.5239 48.5095 0
      vertex -85.5239 48.5095 4.5
    endloop
  endfacet
  facet normal -0.514179 -0.857683 0
    outer loop
      vertex -88.0487 51.586 0
      vertex -87.611 51.3236 4.5
      vertex -88.0487 51.586 4.5
    endloop
  endfacet
  facet normal -0.514179 -0.857683 -0
    outer loop
      vertex -87.611 51.3236 4.5
      vertex -88.0487 51.586 0
      vertex -87.611 51.3236 0
    endloop
  endfacet
  facet normal -0.970027 0.242997 0
    outer loop
      vertex -85.5239 45.4905 0
      vertex -85.3999 45.9855 4.5
      vertex -85.3999 45.9855 0
    endloop
  endfacet
  facet normal -0.970027 0.242997 0
    outer loop
      vertex -85.3999 45.9855 4.5
      vertex -85.5239 45.4905 0
      vertex -85.5239 45.4905 4.5
    endloop
  endfacet
  facet normal 0.857683 0.514179 0
    outer loop
      vertex -94.8236 44.111 4.5
      vertex -95.086 44.5487 0
      vertex -95.086 44.5487 4.5
    endloop
  endfacet
  facet normal 0.857683 0.514179 0
    outer loop
      vertex -95.086 44.5487 0
      vertex -94.8236 44.111 4.5
      vertex -94.8236 44.111 0
    endloop
  endfacet
  facet normal 0.146769 0.989171 -0
    outer loop
      vertex -91.0097 41.825 0
      vertex -91.5145 41.8999 4.5
      vertex -91.0097 41.825 4.5
    endloop
  endfacet
  facet normal 0.146769 0.989171 0
    outer loop
      vertex -91.5145 41.8999 4.5
      vertex -91.0097 41.825 0
      vertex -91.5145 41.8999 0
    endloop
  endfacet
  facet normal -0.903973 -0.427589 0
    outer loop
      vertex -85.6958 48.99 0
      vertex -85.914 49.4513 4.5
      vertex -85.914 49.4513 0
    endloop
  endfacet
  facet normal -0.903973 -0.427589 0
    outer loop
      vertex -85.914 49.4513 4.5
      vertex -85.6958 48.99 0
      vertex -85.6958 48.99 4.5
    endloop
  endfacet
  facet normal -0.94156 0.336845 0
    outer loop
      vertex -85.6958 45.01 0
      vertex -85.5239 45.4905 4.5
      vertex -85.5239 45.4905 0
    endloop
  endfacet
  facet normal -0.94156 0.336845 0
    outer loop
      vertex -85.5239 45.4905 4.5
      vertex -85.6958 45.01 0
      vertex -85.6958 45.01 4.5
    endloop
  endfacet
  facet normal -0.857683 -0.514179 0
    outer loop
      vertex -85.914 49.4513 0
      vertex -86.1764 49.889 4.5
      vertex -86.1764 49.889 0
    endloop
  endfacet
  facet normal -0.857683 -0.514179 0
    outer loop
      vertex -86.1764 49.889 4.5
      vertex -85.914 49.4513 0
      vertex -85.914 49.4513 4.5
    endloop
  endfacet
  facet normal -0.242997 0.970027 0
    outer loop
      vertex -88.9905 42.0239 0
      vertex -89.4855 41.8999 4.5
      vertex -88.9905 42.0239 4.5
    endloop
  endfacet
  facet normal -0.242997 0.970027 0
    outer loop
      vertex -89.4855 41.8999 4.5
      vertex -88.9905 42.0239 0
      vertex -89.4855 41.8999 0
    endloop
  endfacet
  facet normal 0.242997 -0.970027 0
    outer loop
      vertex -92.0095 51.9761 0
      vertex -91.5145 52.1001 4.5
      vertex -92.0095 51.9761 4.5
    endloop
  endfacet
  facet normal 0.242997 -0.970027 0
    outer loop
      vertex -91.5145 52.1001 4.5
      vertex -92.0095 51.9761 0
      vertex -91.5145 52.1001 0
    endloop
  endfacet
  facet normal 0.146769 -0.989171 0
    outer loop
      vertex -91.5145 52.1001 0
      vertex -91.0097 52.175 4.5
      vertex -91.5145 52.1001 4.5
    endloop
  endfacet
  facet normal 0.146769 -0.989171 0
    outer loop
      vertex -91.0097 52.175 4.5
      vertex -91.5145 52.1001 0
      vertex -91.0097 52.175 0
    endloop
  endfacet
  facet normal 0.336845 -0.94156 0
    outer loop
      vertex -92.49 51.8042 0
      vertex -92.0095 51.9761 4.5
      vertex -92.49 51.8042 4.5
    endloop
  endfacet
  facet normal 0.336845 -0.94156 0
    outer loop
      vertex -92.0095 51.9761 4.5
      vertex -92.49 51.8042 0
      vertex -92.0095 51.9761 0
    endloop
  endfacet
  facet normal 0.970027 -0.242997 0
    outer loop
      vertex -95.6001 48.0145 4.5
      vertex -95.4761 48.5095 0
      vertex -95.4761 48.5095 4.5
    endloop
  endfacet
  facet normal 0.970027 -0.242997 0
    outer loop
      vertex -95.4761 48.5095 0
      vertex -95.6001 48.0145 4.5
      vertex -95.6001 48.0145 0
    endloop
  endfacet
  facet normal 0.998799 0.0489896 0
    outer loop
      vertex -95.675 46.4903 4.5
      vertex -95.7 47 0
      vertex -95.7 47 4.5
    endloop
  endfacet
  facet normal 0.998799 0.0489896 0
    outer loop
      vertex -95.7 47 0
      vertex -95.675 46.4903 4.5
      vertex -95.675 46.4903 0
    endloop
  endfacet
  facet normal -0.514179 0.857683 0
    outer loop
      vertex -87.611 42.6764 0
      vertex -88.0487 42.414 4.5
      vertex -87.611 42.6764 4.5
    endloop
  endfacet
  facet normal -0.514179 0.857683 0
    outer loop
      vertex -88.0487 42.414 4.5
      vertex -87.611 42.6764 0
      vertex -88.0487 42.414 0
    endloop
  endfacet
  facet normal -0.0489896 0.998799 0
    outer loop
      vertex -89.9903 41.825 0
      vertex -90.5 41.8 4.5
      vertex -89.9903 41.825 4.5
    endloop
  endfacet
  facet normal -0.0489896 0.998799 0
    outer loop
      vertex -90.5 41.8 4.5
      vertex -89.9903 41.825 0
      vertex -90.5 41.8 0
    endloop
  endfacet
  facet normal -0.74103 -0.671472 0
    outer loop
      vertex -86.4803 50.2988 0
      vertex -86.823 50.677 4.5
      vertex -86.823 50.677 0
    endloop
  endfacet
  facet normal -0.74103 -0.671472 0
    outer loop
      vertex -86.823 50.677 4.5
      vertex -86.4803 50.2988 0
      vertex -86.4803 50.2988 4.5
    endloop
  endfacet
  facet normal 0.970027 0.242997 0
    outer loop
      vertex -95.4761 45.4905 4.5
      vertex -95.6001 45.9855 0
      vertex -95.6001 45.9855 4.5
    endloop
  endfacet
  facet normal 0.970027 0.242997 0
    outer loop
      vertex -95.6001 45.9855 0
      vertex -95.4761 45.4905 4.5
      vertex -95.4761 45.4905 0
    endloop
  endfacet
  facet normal 0.671472 0.74103 -0
    outer loop
      vertex -93.7988 42.9803 0
      vertex -94.177 43.323 4.5
      vertex -93.7988 42.9803 4.5
    endloop
  endfacet
  facet normal 0.671472 0.74103 0
    outer loop
      vertex -94.177 43.323 4.5
      vertex -93.7988 42.9803 0
      vertex -94.177 43.323 0
    endloop
  endfacet
  facet normal 0.903973 0.427589 0
    outer loop
      vertex -95.086 44.5487 4.5
      vertex -95.3042 45.01 0
      vertex -95.3042 45.01 4.5
    endloop
  endfacet
  facet normal 0.903973 0.427589 0
    outer loop
      vertex -95.3042 45.01 0
      vertex -95.086 44.5487 4.5
      vertex -95.086 44.5487 0
    endloop
  endfacet
  facet normal 0.998799 -0.0489896 0
    outer loop
      vertex -95.7 47 4.5
      vertex -95.675 47.5097 0
      vertex -95.675 47.5097 4.5
    endloop
  endfacet
  facet normal 0.998799 -0.0489896 0
    outer loop
      vertex -95.675 47.5097 0
      vertex -95.7 47 4.5
      vertex -95.7 47 0
    endloop
  endfacet
  facet normal 0.427589 0.903973 -0
    outer loop
      vertex -92.49 42.1958 0
      vertex -92.9513 42.414 4.5
      vertex -92.49 42.1958 4.5
    endloop
  endfacet
  facet normal 0.427589 0.903973 0
    outer loop
      vertex -92.9513 42.414 4.5
      vertex -92.49 42.1958 0
      vertex -92.9513 42.414 0
    endloop
  endfacet
  facet normal 0.94156 -0.336845 0
    outer loop
      vertex -95.4761 48.5095 4.5
      vertex -95.3042 48.99 0
      vertex -95.3042 48.99 4.5
    endloop
  endfacet
  facet normal 0.94156 -0.336845 0
    outer loop
      vertex -95.3042 48.99 0
      vertex -95.4761 48.5095 4.5
      vertex -95.4761 48.5095 0
    endloop
  endfacet
  facet normal 0 0 -1
    outer loop
      vertex -85.325 46.4903 4.5
      vertex -85.325 47.5097 4.5
      vertex -85.3 47 4.5
    endloop
  endfacet
  facet normal 0 0 -1
    outer loop
      vertex -85.3999 45.9855 4.5
      vertex -85.325 47.5097 4.5
      vertex -85.325 46.4903 4.5
    endloop
  endfacet
  facet normal 0 0 -1
    outer loop
      vertex -85.3999 45.9855 4.5
      vertex -85.3999 48.0145 4.5
      vertex -85.325 47.5097 4.5
    endloop
  endfacet
  facet normal 0 0 -1
    outer loop
      vertex -85.5239 45.4905 4.5
      vertex -85.3999 48.0145 4.5
      vertex -85.3999 45.9855 4.5
    endloop
  endfacet
  facet normal 0 0 -1
    outer loop
      vertex -85.5239 45.4905 4.5
      vertex -85.5239 48.5095 4.5
      vertex -85.3999 48.0145 4.5
    endloop
  endfacet
  facet normal 0 0 -1
    outer loop
      vertex -85.6958 45.01 4.5
      vertex -85.5239 48.5095 4.5
      vertex -85.5239 45.4905 4.5
    endloop
  endfacet
  facet normal 0 0 -1
    outer loop
      vertex -85.6958 45.01 4.5
      vertex -85.6958 48.99 4.5
      vertex -85.5239 48.5095 4.5
    endloop
  endfacet
  facet normal 0 0 -1
    outer loop
      vertex -85.914 44.5487 4.5
      vertex -85.6958 48.99 4.5
      vertex -85.6958 45.01 4.5
    endloop
  endfacet
  facet normal 0 0 -1
    outer loop
      vertex -85.914 44.5487 4.5
      vertex -85.914 49.4513 4.5
      vertex -85.6958 48.99 4.5
    endloop
  endfacet
  facet normal 0 0 -1
    outer loop
      vertex -86.1764 44.111 4.5
      vertex -85.914 49.4513 4.5
      vertex -85.914 44.5487 4.5
    endloop
  endfacet
  facet normal 0 0 -1
    outer loop
      vertex -86.1764 44.111 4.5
      vertex -86.1764 49.889 4.5
      vertex -85.914 49.4513 4.5
    endloop
  endfacet
  facet normal 0 0 -1
    outer loop
      vertex -86.4803 43.7012 4.5
      vertex -86.1764 49.889 4.5
      vertex -86.1764 44.111 4.5
    endloop
  endfacet
  facet normal 0 0 -1
    outer loop
      vertex -86.4803 43.7012 4.5
      vertex -86.4803 50.2988 4.5
      vertex -86.1764 49.889 4.5
    endloop
  endfacet
  facet normal 0 0 -1
    outer loop
      vertex -86.823 43.323 4.5
      vertex -86.4803 50.2988 4.5
      vertex -86.4803 43.7012 4.5
    endloop
  endfacet
  facet normal 0 0 -1
    outer loop
      vertex -86.823 43.323 4.5
      vertex -86.823 50.677 4.5
      vertex -86.4803 50.2988 4.5
    endloop
  endfacet
  facet normal 0 0 -1
    outer loop
      vertex -87.2012 42.9803 4.5
      vertex -86.823 50.677 4.5
      vertex -86.823 43.323 4.5
    endloop
  endfacet
  facet normal 0 0 -1
    outer loop
      vertex -87.2012 42.9803 4.5
      vertex -87.2012 51.0197 4.5
      vertex -86.823 50.677 4.5
    endloop
  endfacet
  facet normal 0 0 -1
    outer loop
      vertex -87.611 42.6764 4.5
      vertex -87.2012 51.0197 4.5
      vertex -87.2012 42.9803 4.5
    endloop
  endfacet
  facet normal 0 0 -1
    outer loop
      vertex -87.611 42.6764 4.5
      vertex -87.611 51.3236 4.5
      vertex -87.2012 51.0197 4.5
    endloop
  endfacet
  facet normal 0 0 -1
    outer loop
      vertex -88.0487 42.414 4.5
      vertex -87.611 51.3236 4.5
      vertex -87.611 42.6764 4.5
    endloop
  endfacet
  facet normal 0 0 -1
    outer loop
      vertex -88.0487 42.414 4.5
      vertex -88.0487 51.586 4.5
      vertex -87.611 51.3236 4.5
    endloop
  endfacet
  facet normal 0 0 -1
    outer loop
      vertex -88.51 42.1958 4.5
      vertex -88.0487 51.586 4.5
      vertex -88.0487 42.414 4.5
    endloop
  endfacet
  facet normal 0 0 -1
    outer loop
      vertex -88.51 42.1958 4.5
      vertex -88.51 51.8042 4.5
      vertex -88.0487 51.586 4.5
    endloop
  endfacet
  facet normal 0 0 -1
    outer loop
      vertex -88.9905 42.0239 4.5
      vertex -88.51 51.8042 4.5
      vertex -88.51 42.1958 4.5
    endloop
  endfacet
  facet normal 0 0 -1
    outer loop
      vertex -88.9905 42.0239 4.5
      vertex -88.9905 51.9761 4.5
      vertex -88.51 51.8042 4.5
    endloop
  endfacet
  facet normal 0 0 -1
    outer loop
      vertex -89.4855 41.8999 4.5
      vertex -88.9905 51.9761 4.5
      vertex -88.9905 42.0239 4.5
    endloop
  endfacet
  facet normal 0 0 -1
    outer loop
      vertex -89.4855 41.8999 4.5
      vertex -89.4855 52.1001 4.5
      vertex -88.9905 51.9761 4.5
    endloop
  endfacet
  facet normal 0 0 -1
    outer loop
      vertex -89.9903 41.825 4.5
      vertex -89.4855 52.1001 4.5
      vertex -89.4855 41.8999 4.5
    endloop
  endfacet
  facet normal 0 0 -1
    outer loop
      vertex -89.9903 41.825 4.5
      vertex -89.9903 52.175 4.5
      vertex -89.4855 52.1001 4.5
    endloop
  endfacet
  facet normal 0 0 -1
    outer loop
      vertex -90.5 41.8 4.5
      vertex -89.9903 52.175 4.5
      vertex -89.9903 41.825 4.5
    endloop
  endfacet
  facet normal 0 0 -1
    outer loop
      vertex -90.5 41.8 4.5
      vertex -90.5 52.2 4.5
      vertex -89.9903 52.175 4.5
    endloop
  endfacet
  facet normal 0 0 -1
    outer loop
      vertex -91.0097 41.825 4.5
      vertex -90.5 52.2 4.5
      vertex -90.5 41.8 4.5
    endloop
  endfacet
  facet normal 0 0 -1
    outer loop
      vertex -91.0097 41.825 4.5
      vertex -91.0097 52.175 4.5
      vertex -90.5 52.2 4.5
    endloop
  endfacet
  facet normal 0 0 -1
    outer loop
      vertex -91.5145 41.8999 4.5
      vertex -91.0097 52.175 4.5
      vertex -91.0097 41.825 4.5
    endloop
  endfacet
  facet normal 0 0 -1
    outer loop
      vertex -91.5145 41.8999 4.5
      vertex -91.5145 52.1001 4.5
      vertex -91.0097 52.175 4.5
    endloop
  endfacet
  facet normal 0 0 -1
    outer loop
      vertex -92.0095 42.0239 4.5
      vertex -91.5145 52.1001 4.5
      vertex -91.5145 41.8999 4.5
    endloop
  endfacet
  facet normal 0 0 -1
    outer loop
      vertex -92.0095 42.0239 4.5
      vertex -92.0095 51.9761 4.5
      vertex -91.5145 52.1001 4.5
    endloop
  endfacet
  facet normal 0 0 -1
    outer loop
      vertex -92.49 42.1958 4.5
      vertex -92.0095 51.9761 4.5
      vertex -92.0095 42.0239 4.5
    endloop
  endfacet
  facet normal 0 0 -1
    outer loop
      vertex -92.49 42.1958 4.5
      vertex -92.49 51.8042 4.5
      vertex -92.0095 51.9761 4.5
    endloop
  endfacet
  facet normal 0 0 -1
    outer loop
      vertex -92.9513 42.414 4.5
      vertex -92.49 51.8042 4.5
      vertex -92.49 42.1958 4.5
    endloop
  endfacet
  facet normal 0 0 -1
    outer loop
      vertex -92.9513 42.414 4.5
      vertex -92.9513 51.586 4.5
      vertex -92.49 51.8042 4.5
    endloop
  endfacet
  facet normal 0 0 -1
    outer loop
      vertex -93.389 42.6764 4.5
      vertex -92.9513 51.586 4.5
      vertex -92.9513 42.414 4.5
    endloop
  endfacet
  facet normal 0 0 -1
    outer loop
      vertex -93.389 42.6764 4.5
      vertex -93.389 51.3236 4.5
      vertex -92.9513 51.586 4.5
    endloop
  endfacet
  facet normal 0 0 -1
    outer loop
      vertex -93.7988 42.9803 4.5
      vertex -93.389 51.3236 4.5
      vertex -93.389 42.6764 4.5
    endloop
  endfacet
  facet normal 0 0 -1
    outer loop
      vertex -93.7988 42.9803 4.5
      vertex -93.7988 51.0197 4.5
      vertex -93.389 51.3236 4.5
    endloop
  endfacet
  facet normal 0 0 -1
    outer loop
      vertex -94.177 43.323 4.5
      vertex -93.7988 51.0197 4.5
      vertex -93.7988 42.9803 4.5
    endloop
  endfacet
  facet normal 0 0 -1
    outer loop
      vertex -94.177 43.323 4.5
      vertex -94.177 50.677 4.5
      vertex -93.7988 51.0197 4.5
    endloop
  endfacet
  facet normal 0 0 -1
    outer loop
      vertex -94.5197 43.7012 4.5
      vertex -94.177 50.677 4.5
      vertex -94.177 43.323 4.5
    endloop
  endfacet
  facet normal 0 0 -1
    outer loop
      vertex -94.5197 43.7012 4.5
      vertex -94.5197 50.2988 4.5
      vertex -94.177 50.677 4.5
    endloop
  endfacet
  facet normal 0 0 -1
    outer loop
      vertex -94.8236 44.111 4.5
      vertex -94.5197 50.2988 4.5
      vertex -94.5197 43.7012 4.5
    endloop
  endfacet
  facet normal 0 0 -1
    outer loop
      vertex -94.8236 44.111 4.5
      vertex -94.8236 49.889 4.5
      vertex -94.5197 50.2988 4.5
    endloop
  endfacet
  facet normal 0 0 -1
    outer loop
      vertex -95.086 44.5487 4.5
      vertex -94.8236 49.889 4.5
      vertex -94.8236 44.111 4.5
    endloop
  endfacet
  facet normal 0 0 -1
    outer loop
      vertex -95.086 44.5487 4.5
      vertex -95.086 49.4513 4.5
      vertex -94.8236 49.889 4.5
    endloop
  endfacet
  facet normal 0 0 -1
    outer loop
      vertex -95.3042 45.01 4.5
      vertex -95.086 49.4513 4.5
      vertex -95.086 44.5487 4.5
    endloop
  endfacet
  facet normal 0 0 -1
    outer loop
      vertex -95.3042 45.01 4.5
      vertex -95.3042 48.99 4.5
      vertex -95.086 49.4513 4.5
    endloop
  endfacet
  facet normal 0 0 -1
    outer loop
      vertex -95.4761 45.4905 4.5
      vertex -95.3042 48.99 4.5
      vertex -95.3042 45.01 4.5
    endloop
  endfacet
  facet normal 0 0 -1
    outer loop
      vertex -95.4761 45.4905 4.5
      vertex -95.4761 48.5095 4.5
      vertex -95.3042 48.99 4.5
    endloop
  endfacet
  facet normal 0 0 -1
    outer loop
      vertex -95.6001 45.9855 4.5
      vertex -95.4761 48.5095 4.5
      vertex -95.4761 45.4905 4.5
    endloop
  endfacet
  facet normal 0 0 -1
    outer loop
      vertex -95.6001 45.9855 4.5
      vertex -95.6001 48.0145 4.5
      vertex -95.4761 48.5095 4.5
    endloop
  endfacet
  facet normal 0 0 -1
    outer loop
      vertex -95.675 46.4903 4.5
      vertex -95.6001 48.0145 4.5
      vertex -95.6001 45.9855 4.5
    endloop
  endfacet
  facet normal 0 0 -1
    outer loop
      vertex -95.675 46.4903 4.5
      vertex -95.675 47.5097 4.5
      vertex -95.6001 48.0145 4.5
    endloop
  endfacet
  facet normal 0 -0 -1
    outer loop
      vertex -95.675 47.5097 4.5
      vertex -95.675 46.4903 4.5
      vertex -95.7 47 4.5
    endloop
  endfacet
  facet normal 0.671472 0.74103 -0
    outer loop
      vertex -93.7988 -51.0197 0
      vertex -94.177 -50.677 4.5
      vertex -93.7988 -51.0197 4.5
    endloop
  endfacet
  facet normal 0.671472 0.74103 0
    outer loop
      vertex -94.177 -50.677 4.5
      vertex -93.7988 -51.0197 0
      vertex -94.177 -50.677 0
    endloop
  endfacet
  facet normal 0.94156 -0.336845 0
    outer loop
      vertex -95.4761 -45.4905 4.5
      vertex -95.3042 -45.01 0
      vertex -95.3042 -45.01 4.5
    endloop
  endfacet
  facet normal 0.94156 -0.336845 0
    outer loop
      vertex -95.3042 -45.01 0
      vertex -95.4761 -45.4905 4.5
      vertex -95.4761 -45.4905 0
    endloop
  endfacet
  facet normal -0.989171 -0.146769 0
    outer loop
      vertex -85.325 -46.4903 0
      vertex -85.3999 -45.9855 4.5
      vertex -85.3999 -45.9855 0
    endloop
  endfacet
  facet normal -0.989171 -0.146769 0
    outer loop
      vertex -85.3999 -45.9855 4.5
      vertex -85.325 -46.4903 0
      vertex -85.325 -46.4903 4.5
    endloop
  endfacet
  facet normal -0.998799 -0.0489896 0
    outer loop
      vertex -85.3 -47 0
      vertex -85.325 -46.4903 4.5
      vertex -85.325 -46.4903 0
    endloop
  endfacet
  facet normal -0.998799 -0.0489896 0
    outer loop
      vertex -85.325 -46.4903 4.5
      vertex -85.3 -47 0
      vertex -85.3 -47 4.5
    endloop
  endfacet
  facet normal 0.514179 0.857683 -0
    outer loop
      vertex -92.9513 -51.586 0
      vertex -93.389 -51.3236 4.5
      vertex -92.9513 -51.586 4.5
    endloop
  endfacet
  facet normal 0.514179 0.857683 0
    outer loop
      vertex -93.389 -51.3236 4.5
      vertex -92.9513 -51.586 0
      vertex -93.389 -51.3236 0
    endloop
  endfacet
  facet normal -0.671472 -0.74103 0
    outer loop
      vertex -87.2012 -42.9803 0
      vertex -86.823 -43.323 4.5
      vertex -87.2012 -42.9803 4.5
    endloop
  endfacet
  facet normal -0.671472 -0.74103 -0
    outer loop
      vertex -86.823 -43.323 4.5
      vertex -87.2012 -42.9803 0
      vertex -86.823 -43.323 0
    endloop
  endfacet
  facet normal 0.146769 0.989171 -0
    outer loop
      vertex -91.0097 -52.175 0
      vertex -91.5145 -52.1001 4.5
      vertex -91.0097 -52.175 4.5
    endloop
  endfacet
  facet normal 0.146769 0.989171 0
    outer loop
      vertex -91.5145 -52.1001 4.5
      vertex -91.0097 -52.175 0
      vertex -91.5145 -52.1001 0
    endloop
  endfacet
  facet normal -0.74103 -0.671472 0
    outer loop
      vertex -86.4803 -43.7012 0
      vertex -86.823 -43.323 4.5
      vertex -86.823 -43.323 0
    endloop
  endfacet
  facet normal -0.74103 -0.671472 0
    outer loop
      vertex -86.823 -43.323 4.5
      vertex -86.4803 -43.7012 0
      vertex -86.4803 -43.7012 4.5
    endloop
  endfacet
  facet normal -0.427589 -0.903973 0
    outer loop
      vertex -88.51 -42.1958 0
      vertex -88.0487 -42.414 4.5
      vertex -88.51 -42.1958 4.5
    endloop
  endfacet
  facet normal -0.427589 -0.903973 -0
    outer loop
      vertex -88.0487 -42.414 4.5
      vertex -88.51 -42.1958 0
      vertex -88.0487 -42.414 0
    endloop
  endfacet
  facet normal -0.0489896 0.998799 0
    outer loop
      vertex -89.9903 -52.175 0
      vertex -90.5 -52.2 4.5
      vertex -89.9903 -52.175 4.5
    endloop
  endfacet
  facet normal -0.0489896 0.998799 0
    outer loop
      vertex -90.5 -52.2 4.5
      vertex -89.9903 -52.175 0
      vertex -90.5 -52.2 0
    endloop
  endfacet
  facet normal 0.74103 -0.671472 0
    outer loop
      vertex -94.5197 -43.7012 4.5
      vertex -94.177 -43.323 0
      vertex -94.177 -43.323 4.5
    endloop
  endfacet
  facet normal 0.74103 -0.671472 0
    outer loop
      vertex -94.177 -43.323 0
      vertex -94.5197 -43.7012 4.5
      vertex -94.5197 -43.7012 0
    endloop
  endfacet
  facet normal -0.989171 0.146769 0
    outer loop
      vertex -85.3999 -48.0145 0
      vertex -85.325 -47.5097 4.5
      vertex -85.325 -47.5097 0
    endloop
  endfacet
  facet normal -0.989171 0.146769 0
    outer loop
      vertex -85.325 -47.5097 4.5
      vertex -85.3999 -48.0145 0
      vertex -85.3999 -48.0145 4.5
    endloop
  endfacet
  facet normal -0.903973 -0.427589 0
    outer loop
      vertex -85.6958 -45.01 0
      vertex -85.914 -44.5487 4.5
      vertex -85.914 -44.5487 0
    endloop
  endfacet
  facet normal -0.903973 -0.427589 0
    outer loop
      vertex -85.914 -44.5487 4.5
      vertex -85.6958 -45.01 0
      vertex -85.6958 -45.01 4.5
    endloop
  endfacet
  facet normal 0.242997 -0.970027 0
    outer loop
      vertex -92.0095 -42.0239 0
      vertex -91.5145 -41.8999 4.5
      vertex -92.0095 -42.0239 4.5
    endloop
  endfacet
  facet normal 0.242997 -0.970027 0
    outer loop
      vertex -91.5145 -41.8999 4.5
      vertex -92.0095 -42.0239 0
      vertex -91.5145 -41.8999 0
    endloop
  endfacet
  facet normal 0.803234 -0.595663 0
    outer loop
      vertex -94.8236 -44.111 4.5
      vertex -94.5197 -43.7012 0
      vertex -94.5197 -43.7012 4.5
    endloop
  endfacet
  facet normal 0.803234 -0.595663 0
    outer loop
      vertex -94.5197 -43.7012 0
      vertex -94.8236 -44.111 4.5
      vertex -94.8236 -44.111 0
    endloop
  endfacet
  facet normal -0.242997 -0.970027 0
    outer loop
      vertex -89.4855 -41.8999 0
      vertex -88.9905 -42.0239 4.5
      vertex -89.4855 -41.8999 4.5
    endloop
  endfacet
  facet normal -0.242997 -0.970027 -0
    outer loop
      vertex -88.9905 -42.0239 4.5
      vertex -89.4855 -41.8999 0
      vertex -88.9905 -42.0239 0
    endloop
  endfacet
  facet normal -0.336845 -0.94156 0
    outer loop
      vertex -88.9905 -42.0239 0
      vertex -88.51 -42.1958 4.5
      vertex -88.9905 -42.0239 4.5
    endloop
  endfacet
  facet normal -0.336845 -0.94156 -0
    outer loop
      vertex -88.51 -42.1958 4.5
      vertex -88.9905 -42.0239 0
      vertex -88.51 -42.1958 0
    endloop
  endfacet
  facet normal -0.94156 -0.336845 0
    outer loop
      vertex -85.5239 -45.4905 0
      vertex -85.6958 -45.01 4.5
      vertex -85.6958 -45.01 0
    endloop
  endfacet
  facet normal -0.94156 -0.336845 0
    outer loop
      vertex -85.6958 -45.01 4.5
      vertex -85.5239 -45.4905 0
      vertex -85.5239 -45.4905 4.5
    endloop
  endfacet
  facet normal -0.595663 -0.803234 0
    outer loop
      vertex -87.611 -42.6764 0
      vertex -87.2012 -42.9803 4.5
      vertex -87.611 -42.6764 4.5
    endloop
  endfacet
  facet normal -0.595663 -0.803234 -0
    outer loop
      vertex -87.2012 -42.9803 4.5
      vertex -87.611 -42.6764 0
      vertex -87.2012 -42.9803 0
    endloop
  endfacet
  facet normal 0.857683 0.514179 0
    outer loop
      vertex -94.8236 -49.889 4.5
      vertex -95.086 -49.4513 0
      vertex -95.086 -49.4513 4.5
    endloop
  endfacet
  facet normal 0.857683 0.514179 0
    outer loop
      vertex -95.086 -49.4513 0
      vertex -94.8236 -49.889 4.5
      vertex -94.8236 -49.889 0
    endloop
  endfacet
  facet normal -0.514179 -0.857683 0
    outer loop
      vertex -88.0487 -42.414 0
      vertex -87.611 -42.6764 4.5
      vertex -88.0487 -42.414 4.5
    endloop
  endfacet
  facet normal -0.514179 -0.857683 -0
    outer loop
      vertex -87.611 -42.6764 4.5
      vertex -88.0487 -42.414 0
      vertex -87.611 -42.6764 0
    endloop
  endfacet
  facet normal -0.94156 0.336845 0
    outer loop
      vertex -85.6958 -48.99 0
      vertex -85.5239 -48.5095 4.5
      vertex -85.5239 -48.5095 0
    endloop
  endfacet
  facet normal -0.94156 0.336845 0
    outer loop
      vertex -85.5239 -48.5095 4.5
      vertex -85.6958 -48.99 0
      vertex -85.6958 -48.99 4.5
    endloop
  endfacet
  facet normal 0.857683 -0.514179 0
    outer loop
      vertex -95.086 -44.5487 4.5
      vertex -94.8236 -44.111 0
      vertex -94.8236 -44.111 4.5
    endloop
  endfacet
  facet normal 0.857683 -0.514179 0
    outer loop
      vertex -94.8236 -44.111 0
      vertex -95.086 -44.5487 4.5
      vertex -95.086 -44.5487 0
    endloop
  endfacet
  facet normal 0.970027 0.242997 0
    outer loop
      vertex -95.4761 -48.5095 4.5
      vertex -95.6001 -48.0145 0
      vertex -95.6001 -48.0145 4.5
    endloop
  endfacet
  facet normal 0.970027 0.242997 0
    outer loop
      vertex -95.6001 -48.0145 0
      vertex -95.4761 -48.5095 4.5
      vertex -95.4761 -48.5095 0
    endloop
  endfacet
  facet normal -0.0489896 -0.998799 0
    outer loop
      vertex -90.5 -41.8 0
      vertex -89.9903 -41.825 4.5
      vertex -90.5 -41.8 4.5
    endloop
  endfacet
  facet normal -0.0489896 -0.998799 -0
    outer loop
      vertex -89.9903 -41.825 4.5
      vertex -90.5 -41.8 0
      vertex -89.9903 -41.825 0
    endloop
  endfacet
  facet normal -0.857683 -0.514179 0
    outer loop
      vertex -85.914 -44.5487 0
      vertex -86.1764 -44.111 4.5
      vertex -86.1764 -44.111 0
    endloop
  endfacet
  facet normal -0.857683 -0.514179 0
    outer loop
      vertex -86.1764 -44.111 4.5
      vertex -85.914 -44.5487 0
      vertex -85.914 -44.5487 4.5
    endloop
  endfacet
  facet normal 0.94156 0.336845 0
    outer loop
      vertex -95.3042 -48.99 4.5
      vertex -95.4761 -48.5095 0
      vertex -95.4761 -48.5095 4.5
    endloop
  endfacet
  facet normal 0.94156 0.336845 0
    outer loop
      vertex -95.4761 -48.5095 0
      vertex -95.3042 -48.99 4.5
      vertex -95.3042 -48.99 0
    endloop
  endfacet
  facet normal 0.671472 -0.74103 0
    outer loop
      vertex -94.177 -43.323 0
      vertex -93.7988 -42.9803 4.5
      vertex -94.177 -43.323 4.5
    endloop
  endfacet
  facet normal 0.671472 -0.74103 0
    outer loop
      vertex -93.7988 -42.9803 4.5
      vertex -94.177 -43.323 0
      vertex -93.7988 -42.9803 0
    endloop
  endfacet
  facet normal -0.970027 0.242997 0
    outer loop
      vertex -85.5239 -48.5095 0
      vertex -85.3999 -48.0145 4.5
      vertex -85.3999 -48.0145 0
    endloop
  endfacet
  facet normal -0.970027 0.242997 0
    outer loop
      vertex -85.3999 -48.0145 4.5
      vertex -85.5239 -48.5095 0
      vertex -85.5239 -48.5095 4.5
    endloop
  endfacet
  facet normal 0.514179 -0.857683 0
    outer loop
      vertex -93.389 -42.6764 0
      vertex -92.9513 -42.414 4.5
      vertex -93.389 -42.6764 4.5
    endloop
  endfacet
  facet normal 0.514179 -0.857683 0
    outer loop
      vertex -92.9513 -42.414 4.5
      vertex -93.389 -42.6764 0
      vertex -92.9513 -42.414 0
    endloop
  endfacet
  facet normal 0.998799 0.0489896 0
    outer loop
      vertex -95.675 -47.5097 4.5
      vertex -95.7 -47 0
      vertex -95.7 -47 4.5
    endloop
  endfacet
  facet normal 0.998799 0.0489896 0
    outer loop
      vertex -95.7 -47 0
      vertex -95.675 -47.5097 4.5
      vertex -95.675 -47.5097 0
    endloop
  endfacet
  facet normal 0.970027 -0.242997 0
    outer loop
      vertex -95.6001 -45.9855 4.5
      vertex -95.4761 -45.4905 0
      vertex -95.4761 -45.4905 4.5
    endloop
  endfacet
  facet normal 0.970027 -0.242997 0
    outer loop
      vertex -95.4761 -45.4905 0
      vertex -95.6001 -45.9855 4.5
      vertex -95.6001 -45.9855 0
    endloop
  endfacet
  facet normal -0.427589 0.903973 0
    outer loop
      vertex -88.0487 -51.586 0
      vertex -88.51 -51.8042 4.5
      vertex -88.0487 -51.586 4.5
    endloop
  endfacet
  facet normal -0.427589 0.903973 0
    outer loop
      vertex -88.51 -51.8042 4.5
      vertex -88.0487 -51.586 0
      vertex -88.51 -51.8042 0
    endloop
  endfacet
  facet normal 0.336845 0.94156 -0
    outer loop
      vertex -92.0095 -51.9761 0
      vertex -92.49 -51.8042 4.5
      vertex -92.0095 -51.9761 4.5
    endloop
  endfacet
  facet normal 0.336845 0.94156 0
    outer loop
      vertex -92.49 -51.8042 4.5
      vertex -92.0095 -51.9761 0
      vertex -92.49 -51.8042 0
    endloop
  endfacet
  facet normal 0.336845 -0.94156 0
    outer loop
      vertex -92.49 -42.1958 0
      vertex -92.0095 -42.0239 4.5
      vertex -92.49 -42.1958 4.5
    endloop
  endfacet
  facet normal 0.336845 -0.94156 0
    outer loop
      vertex -92.0095 -42.0239 4.5
      vertex -92.49 -42.1958 0
      vertex -92.0095 -42.0239 0
    endloop
  endfacet
  facet normal -0.514179 0.857683 0
    outer loop
      vertex -87.611 -51.3236 0
      vertex -88.0487 -51.586 4.5
      vertex -87.611 -51.3236 4.5
    endloop
  endfacet
  facet normal -0.514179 0.857683 0
    outer loop
      vertex -88.0487 -51.586 4.5
      vertex -87.611 -51.3236 0
      vertex -88.0487 -51.586 0
    endloop
  endfacet
  facet normal -0.146769 0.989171 0
    outer loop
      vertex -89.4855 -52.1001 0
      vertex -89.9903 -52.175 4.5
      vertex -89.4855 -52.1001 4.5
    endloop
  endfacet
  facet normal -0.146769 0.989171 0
    outer loop
      vertex -89.9903 -52.175 4.5
      vertex -89.4855 -52.1001 0
      vertex -89.9903 -52.175 0
    endloop
  endfacet
  facet normal -0.74103 0.671472 0
    outer loop
      vertex -86.823 -50.677 0
      vertex -86.4803 -50.2988 4.5
      vertex -86.4803 -50.2988 0
    endloop
  endfacet
  facet normal -0.74103 0.671472 0
    outer loop
      vertex -86.4803 -50.2988 4.5
      vertex -86.823 -50.677 0
      vertex -86.823 -50.677 4.5
    endloop
  endfacet
  facet normal -0.803234 0.595663 0
    outer loop
      vertex -86.4803 -50.2988 0
      vertex -86.1764 -49.889 4.5
      vertex -86.1764 -49.889 0
    endloop
  endfacet
  facet normal -0.803234 0.595663 0
    outer loop
      vertex -86.1764 -49.889 4.5
      vertex -86.4803 -50.2988 0
      vertex -86.4803 -50.2988 4.5
    endloop
  endfacet
  facet normal 0.0489896 -0.998799 0
    outer loop
      vertex -91.0097 -41.825 0
      vertex -90.5 -41.8 4.5
      vertex -91.0097 -41.825 4.5
    endloop
  endfacet
  facet normal 0.0489896 -0.998799 0
    outer loop
      vertex -90.5 -41.8 4.5
      vertex -91.0097 -41.825 0
      vertex -90.5 -41.8 0
    endloop
  endfacet
  facet normal 0.427589 -0.903973 0
    outer loop
      vertex -92.9513 -42.414 0
      vertex -92.49 -42.1958 4.5
      vertex -92.9513 -42.414 4.5
    endloop
  endfacet
  facet normal 0.427589 -0.903973 0
    outer loop
      vertex -92.49 -42.1958 4.5
      vertex -92.9513 -42.414 0
      vertex -92.49 -42.1958 0
    endloop
  endfacet
  facet normal 0.595663 -0.803234 0
    outer loop
      vertex -93.7988 -42.9803 0
      vertex -93.389 -42.6764 4.5
      vertex -93.7988 -42.9803 4.5
    endloop
  endfacet
  facet normal 0.595663 -0.803234 0
    outer loop
      vertex -93.389 -42.6764 4.5
      vertex -93.7988 -42.9803 0
      vertex -93.389 -42.6764 0
    endloop
  endfacet
  facet normal 0.989171 -0.146769 0
    outer loop
      vertex -95.675 -46.4903 4.5
      vertex -95.6001 -45.9855 0
      vertex -95.6001 -45.9855 4.5
    endloop
  endfacet
  facet normal 0.989171 -0.146769 0
    outer loop
      vertex -95.6001 -45.9855 0
      vertex -95.675 -46.4903 4.5
      vertex -95.675 -46.4903 0
    endloop
  endfacet
  facet normal 0.242997 0.970027 -0
    outer loop
      vertex -91.5145 -52.1001 0
      vertex -92.0095 -51.9761 4.5
      vertex -91.5145 -52.1001 4.5
    endloop
  endfacet
  facet normal 0.242997 0.970027 0
    outer loop
      vertex -92.0095 -51.9761 4.5
      vertex -91.5145 -52.1001 0
      vertex -92.0095 -51.9761 0
    endloop
  endfacet
  facet normal -0.970027 -0.242997 0
    outer loop
      vertex -85.3999 -45.9855 0
      vertex -85.5239 -45.4905 4.5
      vertex -85.5239 -45.4905 0
    endloop
  endfacet
  facet normal -0.970027 -0.242997 0
    outer loop
      vertex -85.5239 -45.4905 4.5
      vertex -85.3999 -45.9855 0
      vertex -85.3999 -45.9855 4.5
    endloop
  endfacet
  facet normal -0.803234 -0.595663 0
    outer loop
      vertex -86.1764 -44.111 0
      vertex -86.4803 -43.7012 4.5
      vertex -86.4803 -43.7012 0
    endloop
  endfacet
  facet normal -0.803234 -0.595663 0
    outer loop
      vertex -86.4803 -43.7012 4.5
      vertex -86.1764 -44.111 0
      vertex -86.1764 -44.111 4.5
    endloop
  endfacet
  facet normal 0.803234 0.595663 0
    outer loop
      vertex -94.5197 -50.2988 4.5
      vertex -94.8236 -49.889 0
      vertex -94.8236 -49.889 4.5
    endloop
  endfacet
  facet normal 0.803234 0.595663 0
    outer loop
      vertex -94.8236 -49.889 0
      vertex -94.5197 -50.2988 4.5
      vertex -94.5197 -50.2988 0
    endloop
  endfacet
  facet normal 0.903973 0.427589 0
    outer loop
      vertex -95.086 -49.4513 4.5
      vertex -95.3042 -48.99 0
      vertex -95.3042 -48.99 4.5
    endloop
  endfacet
  facet normal 0.903973 0.427589 0
    outer loop
      vertex -95.3042 -48.99 0
      vertex -95.086 -49.4513 4.5
      vertex -95.086 -49.4513 0
    endloop
  endfacet
  facet normal -0.146769 -0.989171 0
    outer loop
      vertex -89.9903 -41.825 0
      vertex -89.4855 -41.8999 4.5
      vertex -89.9903 -41.825 4.5
    endloop
  endfacet
  facet normal -0.146769 -0.989171 -0
    outer loop
      vertex -89.4855 -41.8999 4.5
      vertex -89.9903 -41.825 0
      vertex -89.4855 -41.8999 0
    endloop
  endfacet
  facet normal 0.427589 0.903973 -0
    outer loop
      vertex -92.49 -51.8042 0
      vertex -92.9513 -51.586 4.5
      vertex -92.49 -51.8042 4.5
    endloop
  endfacet
  facet normal 0.427589 0.903973 0
    outer loop
      vertex -92.9513 -51.586 4.5
      vertex -92.49 -51.8042 0
      vertex -92.9513 -51.586 0
    endloop
  endfacet
  facet normal -0.595663 0.803234 0
    outer loop
      vertex -87.2012 -51.0197 0
      vertex -87.611 -51.3236 4.5
      vertex -87.2012 -51.0197 4.5
    endloop
  endfacet
  facet normal -0.595663 0.803234 0
    outer loop
      vertex -87.611 -51.3236 4.5
      vertex -87.2012 -51.0197 0
      vertex -87.611 -51.3236 0
    endloop
  endfacet
  facet normal -0.998799 0.0489896 0
    outer loop
      vertex -85.325 -47.5097 0
      vertex -85.3 -47 4.5
      vertex -85.3 -47 0
    endloop
  endfacet
  facet normal -0.998799 0.0489896 0
    outer loop
      vertex -85.3 -47 4.5
      vertex -85.325 -47.5097 0
      vertex -85.325 -47.5097 4.5
    endloop
  endfacet
  facet normal 0.146769 -0.989171 0
    outer loop
      vertex -91.5145 -41.8999 0
      vertex -91.0097 -41.825 4.5
      vertex -91.5145 -41.8999 4.5
    endloop
  endfacet
  facet normal 0.146769 -0.989171 0
    outer loop
      vertex -91.0097 -41.825 4.5
      vertex -91.5145 -41.8999 0
      vertex -91.0097 -41.825 0
    endloop
  endfacet
  facet normal 0.989171 0.146769 0
    outer loop
      vertex -95.6001 -48.0145 4.5
      vertex -95.675 -47.5097 0
      vertex -95.675 -47.5097 4.5
    endloop
  endfacet
  facet normal 0.989171 0.146769 0
    outer loop
      vertex -95.675 -47.5097 0
      vertex -95.6001 -48.0145 4.5
      vertex -95.6001 -48.0145 0
    endloop
  endfacet
  facet normal -0.336845 0.94156 0
    outer loop
      vertex -88.51 -51.8042 0
      vertex -88.9905 -51.9761 4.5
      vertex -88.51 -51.8042 4.5
    endloop
  endfacet
  facet normal -0.336845 0.94156 0
    outer loop
      vertex -88.9905 -51.9761 4.5
      vertex -88.51 -51.8042 0
      vertex -88.9905 -51.9761 0
    endloop
  endfacet
  facet normal -0.242997 0.970027 0
    outer loop
      vertex -88.9905 -51.9761 0
      vertex -89.4855 -52.1001 4.5
      vertex -88.9905 -51.9761 4.5
    endloop
  endfacet
  facet normal -0.242997 0.970027 0
    outer loop
      vertex -89.4855 -52.1001 4.5
      vertex -88.9905 -51.9761 0
      vertex -89.4855 -52.1001 0
    endloop
  endfacet
  facet normal 0.903973 -0.427589 0
    outer loop
      vertex -95.3042 -45.01 4.5
      vertex -95.086 -44.5487 0
      vertex -95.086 -44.5487 4.5
    endloop
  endfacet
  facet normal 0.903973 -0.427589 0
    outer loop
      vertex -95.086 -44.5487 0
      vertex -95.3042 -45.01 4.5
      vertex -95.3042 -45.01 0
    endloop
  endfacet
  facet normal 0.74103 0.671472 0
    outer loop
      vertex -94.177 -50.677 4.5
      vertex -94.5197 -50.2988 0
      vertex -94.5197 -50.2988 4.5
    endloop
  endfacet
  facet normal 0.74103 0.671472 0
    outer loop
      vertex -94.5197 -50.2988 0
      vertex -94.177 -50.677 4.5
      vertex -94.177 -50.677 0
    endloop
  endfacet
  facet normal 0.595663 0.803234 -0
    outer loop
      vertex -93.389 -51.3236 0
      vertex -93.7988 -51.0197 4.5
      vertex -93.389 -51.3236 4.5
    endloop
  endfacet
  facet normal 0.595663 0.803234 0
    outer loop
      vertex -93.7988 -51.0197 4.5
      vertex -93.389 -51.3236 0
      vertex -93.7988 -51.0197 0
    endloop
  endfacet
  facet normal -0.903973 0.427589 0
    outer loop
      vertex -85.914 -49.4513 0
      vertex -85.6958 -48.99 4.5
      vertex -85.6958 -48.99 0
    endloop
  endfacet
  facet normal -0.903973 0.427589 0
    outer loop
      vertex -85.6958 -48.99 4.5
      vertex -85.914 -49.4513 0
      vertex -85.914 -49.4513 4.5
    endloop
  endfacet
  facet normal -0.857683 0.514179 0
    outer loop
      vertex -86.1764 -49.889 0
      vertex -85.914 -49.4513 4.5
      vertex -85.914 -49.4513 0
    endloop
  endfacet
  facet normal -0.857683 0.514179 0
    outer loop
      vertex -85.914 -49.4513 4.5
      vertex -86.1764 -49.889 0
      vertex -86.1764 -49.889 4.5
    endloop
  endfacet
  facet normal 0.0489896 0.998799 -0
    outer loop
      vertex -90.5 -52.2 0
      vertex -91.0097 -52.175 4.5
      vertex -90.5 -52.2 4.5
    endloop
  endfacet
  facet normal 0.0489896 0.998799 0
    outer loop
      vertex -91.0097 -52.175 4.5
      vertex -90.5 -52.2 0
      vertex -91.0097 -52.175 0
    endloop
  endfacet
  facet normal 0 0 -1
    outer loop
      vertex -85.325 -47.5097 4.5
      vertex -85.325 -46.4903 4.5
      vertex -85.3 -47 4.5
    endloop
  endfacet
  facet normal 0 0 -1
    outer loop
      vertex -85.3999 -48.0145 4.5
      vertex -85.325 -46.4903 4.5
      vertex -85.325 -47.5097 4.5
    endloop
  endfacet
  facet normal 0 0 -1
    outer loop
      vertex -85.3999 -48.0145 4.5
      vertex -85.3999 -45.9855 4.5
      vertex -85.325 -46.4903 4.5
    endloop
  endfacet
  facet normal 0 0 -1
    outer loop
      vertex -85.5239 -48.5095 4.5
      vertex -85.3999 -45.9855 4.5
      vertex -85.3999 -48.0145 4.5
    endloop
  endfacet
  facet normal 0 0 -1
    outer loop
      vertex -85.5239 -48.5095 4.5
      vertex -85.5239 -45.4905 4.5
      vertex -85.3999 -45.9855 4.5
    endloop
  endfacet
  facet normal 0 0 -1
    outer loop
      vertex -85.6958 -48.99 4.5
      vertex -85.5239 -45.4905 4.5
      vertex -85.5239 -48.5095 4.5
    endloop
  endfacet
  facet normal 0 0 -1
    outer loop
      vertex -85.6958 -48.99 4.5
      vertex -85.6958 -45.01 4.5
      vertex -85.5239 -45.4905 4.5
    endloop
  endfacet
  facet normal 0 0 -1
    outer loop
      vertex -85.914 -49.4513 4.5
      vertex -85.6958 -45.01 4.5
      vertex -85.6958 -48.99 4.5
    endloop
  endfacet
  facet normal 0 0 -1
    outer loop
      vertex -85.914 -49.4513 4.5
      vertex -85.914 -44.5487 4.5
      vertex -85.6958 -45.01 4.5
    endloop
  endfacet
  facet normal 0 0 -1
    outer loop
      vertex -86.1764 -49.889 4.5
      vertex -85.914 -44.5487 4.5
      vertex -85.914 -49.4513 4.5
    endloop
  endfacet
  facet normal 0 0 -1
    outer loop
      vertex -86.1764 -49.889 4.5
      vertex -86.1764 -44.111 4.5
      vertex -85.914 -44.5487 4.5
    endloop
  endfacet
  facet normal 0 0 -1
    outer loop
      vertex -86.4803 -50.2988 4.5
      vertex -86.1764 -44.111 4.5
      vertex -86.1764 -49.889 4.5
    endloop
  endfacet
  facet normal 0 0 -1
    outer loop
      vertex -86.4803 -50.2988 4.5
      vertex -86.4803 -43.7012 4.5
      vertex -86.1764 -44.111 4.5
    endloop
  endfacet
  facet normal 0 0 -1
    outer loop
      vertex -86.823 -50.677 4.5
      vertex -86.4803 -43.7012 4.5
      vertex -86.4803 -50.2988 4.5
    endloop
  endfacet
  facet normal 0 0 -1
    outer loop
      vertex -86.823 -50.677 4.5
      vertex -86.823 -43.323 4.5
      vertex -86.4803 -43.7012 4.5
    endloop
  endfacet
  facet normal 0 0 -1
    outer loop
      vertex -87.2012 -51.0197 4.5
      vertex -86.823 -43.323 4.5
      vertex -86.823 -50.677 4.5
    endloop
  endfacet
  facet normal 0 0 -1
    outer loop
      vertex -87.2012 -51.0197 4.5
      vertex -87.2012 -42.9803 4.5
      vertex -86.823 -43.323 4.5
    endloop
  endfacet
  facet normal 0 0 -1
    outer loop
      vertex -87.611 -51.3236 4.5
      vertex -87.2012 -42.9803 4.5
      vertex -87.2012 -51.0197 4.5
    endloop
  endfacet
  facet normal 0 0 -1
    outer loop
      vertex -87.611 -51.3236 4.5
      vertex -87.611 -42.6764 4.5
      vertex -87.2012 -42.9803 4.5
    endloop
  endfacet
  facet normal 0 0 -1
    outer loop
      vertex -88.0487 -51.586 4.5
      vertex -87.611 -42.6764 4.5
      vertex -87.611 -51.3236 4.5
    endloop
  endfacet
  facet normal 0 0 -1
    outer loop
      vertex -88.0487 -51.586 4.5
      vertex -88.0487 -42.414 4.5
      vertex -87.611 -42.6764 4.5
    endloop
  endfacet
  facet normal 0 0 -1
    outer loop
      vertex -88.51 -51.8042 4.5
      vertex -88.0487 -42.414 4.5
      vertex -88.0487 -51.586 4.5
    endloop
  endfacet
  facet normal 0 0 -1
    outer loop
      vertex -88.51 -51.8042 4.5
      vertex -88.51 -42.1958 4.5
      vertex -88.0487 -42.414 4.5
    endloop
  endfacet
  facet normal 0 0 -1
    outer loop
      vertex -88.9905 -51.9761 4.5
      vertex -88.51 -42.1958 4.5
      vertex -88.51 -51.8042 4.5
    endloop
  endfacet
  facet normal 0 0 -1
    outer loop
      vertex -88.9905 -51.9761 4.5
      vertex -88.9905 -42.0239 4.5
      vertex -88.51 -42.1958 4.5
    endloop
  endfacet
  facet normal 0 0 -1
    outer loop
      vertex -89.4855 -52.1001 4.5
      vertex -88.9905 -42.0239 4.5
      vertex -88.9905 -51.9761 4.5
    endloop
  endfacet
  facet normal 0 0 -1
    outer loop
      vertex -89.4855 -52.1001 4.5
      vertex -89.4855 -41.8999 4.5
      vertex -88.9905 -42.0239 4.5
    endloop
  endfacet
  facet normal 0 0 -1
    outer loop
      vertex -89.9903 -52.175 4.5
      vertex -89.4855 -41.8999 4.5
      vertex -89.4855 -52.1001 4.5
    endloop
  endfacet
  facet normal 0 0 -1
    outer loop
      vertex -89.9903 -52.175 4.5
      vertex -89.9903 -41.825 4.5
      vertex -89.4855 -41.8999 4.5
    endloop
  endfacet
  facet normal 0 0 -1
    outer loop
      vertex -90.5 -52.2 4.5
      vertex -89.9903 -41.825 4.5
      vertex -89.9903 -52.175 4.5
    endloop
  endfacet
  facet normal 0 0 -1
    outer loop
      vertex -90.5 -52.2 4.5
      vertex -90.5 -41.8 4.5
      vertex -89.9903 -41.825 4.5
    endloop
  endfacet
  facet normal 0 0 -1
    outer loop
      vertex -91.0097 -52.175 4.5
      vertex -90.5 -41.8 4.5
      vertex -90.5 -52.2 4.5
    endloop
  endfacet
  facet normal 0 0 -1
    outer loop
      vertex -91.0097 -52.175 4.5
      vertex -91.0097 -41.825 4.5
      vertex -90.5 -41.8 4.5
    endloop
  endfacet
  facet normal 0 0 -1
    outer loop
      vertex -91.5145 -52.1001 4.5
      vertex -91.0097 -41.825 4.5
      vertex -91.0097 -52.175 4.5
    endloop
  endfacet
  facet normal 0 0 -1
    outer loop
      vertex -91.5145 -52.1001 4.5
      vertex -91.5145 -41.8999 4.5
      vertex -91.0097 -41.825 4.5
    endloop
  endfacet
  facet normal 0 0 -1
    outer loop
      vertex -92.0095 -51.9761 4.5
      vertex -91.5145 -41.8999 4.5
      vertex -91.5145 -52.1001 4.5
    endloop
  endfacet
  facet normal 0 0 -1
    outer loop
      vertex -92.0095 -51.9761 4.5
      vertex -92.0095 -42.0239 4.5
      vertex -91.5145 -41.8999 4.5
    endloop
  endfacet
  facet normal 0 0 -1
    outer loop
      vertex -92.49 -51.8042 4.5
      vertex -92.0095 -42.0239 4.5
      vertex -92.0095 -51.9761 4.5
    endloop
  endfacet
  facet normal 0 0 -1
    outer loop
      vertex -92.49 -51.8042 4.5
      vertex -92.49 -42.1958 4.5
      vertex -92.0095 -42.0239 4.5
    endloop
  endfacet
  facet normal 0 0 -1
    outer loop
      vertex -92.9513 -51.586 4.5
      vertex -92.49 -42.1958 4.5
      vertex -92.49 -51.8042 4.5
    endloop
  endfacet
  facet normal 0 0 -1
    outer loop
      vertex -92.9513 -51.586 4.5
      vertex -92.9513 -42.414 4.5
      vertex -92.49 -42.1958 4.5
    endloop
  endfacet
  facet normal 0 0 -1
    outer loop
      vertex -93.389 -51.3236 4.5
      vertex -92.9513 -42.414 4.5
      vertex -92.9513 -51.586 4.5
    endloop
  endfacet
  facet normal 0 0 -1
    outer loop
      vertex -93.389 -51.3236 4.5
      vertex -93.389 -42.6764 4.5
      vertex -92.9513 -42.414 4.5
    endloop
  endfacet
  facet normal 0 0 -1
    outer loop
      vertex -93.7988 -51.0197 4.5
      vertex -93.389 -42.6764 4.5
      vertex -93.389 -51.3236 4.5
    endloop
  endfacet
  facet normal 0 0 -1
    outer loop
      vertex -93.7988 -51.0197 4.5
      vertex -93.7988 -42.9803 4.5
      vertex -93.389 -42.6764 4.5
    endloop
  endfacet
  facet normal 0 0 -1
    outer loop
      vertex -94.177 -50.677 4.5
      vertex -93.7988 -42.9803 4.5
      vertex -93.7988 -51.0197 4.5
    endloop
  endfacet
  facet normal 0 0 -1
    outer loop
      vertex -94.177 -50.677 4.5
      vertex -94.177 -43.323 4.5
      vertex -93.7988 -42.9803 4.5
    endloop
  endfacet
  facet normal 0 0 -1
    outer loop
      vertex -94.5197 -50.2988 4.5
      vertex -94.177 -43.323 4.5
      vertex -94.177 -50.677 4.5
    endloop
  endfacet
  facet normal 0 0 -1
    outer loop
      vertex -94.5197 -50.2988 4.5
      vertex -94.5197 -43.7012 4.5
      vertex -94.177 -43.323 4.5
    endloop
  endfacet
  facet normal 0 0 -1
    outer loop
      vertex -94.8236 -49.889 4.5
      vertex -94.5197 -43.7012 4.5
      vertex -94.5197 -50.2988 4.5
    endloop
  endfacet
  facet normal 0 0 -1
    outer loop
      vertex -94.8236 -49.889 4.5
      vertex -94.8236 -44.111 4.5
      vertex -94.5197 -43.7012 4.5
    endloop
  endfacet
  facet normal 0 0 -1
    outer loop
      vertex -95.086 -49.4513 4.5
      vertex -94.8236 -44.111 4.5
      vertex -94.8236 -49.889 4.5
    endloop
  endfacet
  facet normal 0 0 -1
    outer loop
      vertex -95.086 -49.4513 4.5
      vertex -95.086 -44.5487 4.5
      vertex -94.8236 -44.111 4.5
    endloop
  endfacet
  facet normal 0 0 -1
    outer loop
      vertex -95.3042 -48.99 4.5
      vertex -95.086 -44.5487 4.5
      vertex -95.086 -49.4513 4.5
    endloop
  endfacet
  facet normal 0 0 -1
    outer loop
      vertex -95.3042 -48.99 4.5
      vertex -95.3042 -45.01 4.5
      vertex -95.086 -44.5487 4.5
    endloop
  endfacet
  facet normal 0 0 -1
    outer loop
      vertex -95.4761 -48.5095 4.5
      vertex -95.3042 -45.01 4.5
      vertex -95.3042 -48.99 4.5
    endloop
  endfacet
  facet normal 0 0 -1
    outer loop
      vertex -95.4761 -48.5095 4.5
      vertex -95.4761 -45.4905 4.5
      vertex -95.3042 -45.01 4.5
    endloop
  endfacet
  facet normal 0 0 -1
    outer loop
      vertex -95.6001 -48.0145 4.5
      vertex -95.4761 -45.4905 4.5
      vertex -95.4761 -48.5095 4.5
    endloop
  endfacet
  facet normal 0 0 -1
    outer loop
      vertex -95.6001 -48.0145 4.5
      vertex -95.6001 -45.9855 4.5
      vertex -95.4761 -45.4905 4.5
    endloop
  endfacet
  facet normal 0 0 -1
    outer loop
      vertex -95.675 -47.5097 4.5
      vertex -95.6001 -45.9855 4.5
      vertex -95.6001 -48.0145 4.5
    endloop
  endfacet
  facet normal 0 0 -1
    outer loop
      vertex -95.675 -47.5097 4.5
      vertex -95.675 -46.4903 4.5
      vertex -95.6001 -45.9855 4.5
    endloop
  endfacet
  facet normal 0 -0 -1
    outer loop
      vertex -95.675 -46.4903 4.5
      vertex -95.675 -47.5097 4.5
      vertex -95.7 -47 4.5
    endloop
  endfacet
  facet normal 0.998799 -0.0489896 0
    outer loop
      vertex -95.7 -47 4.5
      vertex -95.675 -46.4903 0
      vertex -95.675 -46.4903 4.5
    endloop
  endfacet
  facet normal 0.998799 -0.0489896 0
    outer loop
      vertex -95.675 -46.4903 0
      vertex -95.7 -47 4.5
      vertex -95.7 -47 0
    endloop
  endfacet
  facet normal -0.671472 0.74103 0
    outer loop
      vertex -86.823 -50.677 0
      vertex -87.2012 -51.0197 4.5
      vertex -86.823 -50.677 4.5
    endloop
  endfacet
  facet normal -0.671472 0.74103 0
    outer loop
      vertex -87.2012 -51.0197 4.5
      vertex -86.823 -50.677 0
      vertex -87.2012 -51.0197 0
    endloop
  endfacet
endsolid OpenSCAD_Model
