ISO-10303-21;
HEADER;
FILE_DESCRIPTION(('Open CASCADE Model'),'2;1');
FILE_NAME('Open CASCADE Shape Model','2026-04-30T21:00:34',('Author'),(
    'Open CASCADE'),'Open CASCADE STEP processor 7.8','Open CASCADE 7.8'
  ,'Unknown');
FILE_SCHEMA(('AUTOMOTIVE_DESIGN { 1 0 10303 214 1 1 1 1 }'));
ENDSEC;
DATA;
#1 = APPLICATION_PROTOCOL_DEFINITION('international standard',
  'automotive_design',2000,#2);
#2 = APPLICATION_CONTEXT(
  'core data for automotive mechanical design processes');
#3 = SHAPE_DEFINITION_REPRESENTATION(#4,#10);
#4 = PRODUCT_DEFINITION_SHAPE('','',#5);
#5 = PRODUCT_DEFINITION('design','',#6,#9);
#6 = PRODUCT_DEFINITION_FORMATION('','',#7);
#7 = PRODUCT('Open CASCADE STEP translator 7.8 1',
  'Open CASCADE STEP translator 7.8 1','',(#8));
#8 = PRODUCT_CONTEXT('',#2,'mechanical');
#9 = PRODUCT_DEFINITION_CONTEXT('part definition',#2,'design');
#10 = ADVANCED_BREP_SHAPE_REPRESENTATION('',(#11,#15),#2135);
#11 = AXIS2_PLACEMENT_3D('',#12,#13,#14);
#12 = CARTESIAN_POINT('',(0.,0.,0.));
#13 = DIRECTION('',(0.,0.,1.));
#14 = DIRECTION('',(1.,0.,-0.));
#15 = MANIFOLD_SOLID_BREP('',#16);
#16 = CLOSED_SHELL('',(#17,#137,#220,#299,#841,#891,#949,#998,#1174,
    #1200,#1249,#1299,#1349,#1376,#1431,#1486,#1541,#1618,#1667,#1716,
    #1766,#1816,#1865,#1914,#1942,#1997,#2023,#2049,#2075,#2101,#2108,
    #2112,#2116,#2120,#2131));
#17 = ADVANCED_FACE('',(#18),#32,.F.);
#18 = FACE_BOUND('',#19,.F.);
#19 = EDGE_LOOP('',(#20,#55,#83,#111));
#20 = ORIENTED_EDGE('',*,*,#21,.F.);
#21 = EDGE_CURVE('',#22,#24,#26,.T.);
#22 = VERTEX_POINT('',#23);
#23 = CARTESIAN_POINT('',(-99.5,-53.,-10.));
#24 = VERTEX_POINT('',#25);
#25 = CARTESIAN_POINT('',(-99.5,-53.,11.));
#26 = SURFACE_CURVE('',#27,(#31,#43),.PCURVE_S1.);
#27 = LINE('',#28,#29);
#28 = CARTESIAN_POINT('',(-99.5,-53.,-11.));
#29 = VECTOR('',#30,1.);
#30 = DIRECTION('',(0.,0.,1.));
#31 = PCURVE('',#32,#37);
#32 = PLANE('',#33);
#33 = AXIS2_PLACEMENT_3D('',#34,#35,#36);
#34 = CARTESIAN_POINT('',(-99.5,-56.,-11.));
#35 = DIRECTION('',(1.,0.,0.));
#36 = DIRECTION('',(0.,0.,1.));
#37 = DEFINITIONAL_REPRESENTATION('',(#38),#42);
#38 = LINE('',#39,#40);
#39 = CARTESIAN_POINT('',(0.,-3.));
#40 = VECTOR('',#41,1.);
#41 = DIRECTION('',(1.,0.));
#42 = ( GEOMETRIC_REPRESENTATION_CONTEXT(2) 
PARAMETRIC_REPRESENTATION_CONTEXT() REPRESENTATION_CONTEXT('2D SPACE',''
  ) );
#43 = PCURVE('',#44,#49);
#44 = CYLINDRICAL_SURFACE('',#45,3.);
#45 = AXIS2_PLACEMENT_3D('',#46,#47,#48);
#46 = CARTESIAN_POINT('',(-96.5,-53.,-11.));
#47 = DIRECTION('',(0.,0.,1.));
#48 = DIRECTION('',(-1.,-0.,0.));
#49 = DEFINITIONAL_REPRESENTATION('',(#50),#54);
#50 = LINE('',#51,#52);
#51 = CARTESIAN_POINT('',(0.,0.));
#52 = VECTOR('',#53,1.);
#53 = DIRECTION('',(0.,1.));
#54 = ( GEOMETRIC_REPRESENTATION_CONTEXT(2) 
PARAMETRIC_REPRESENTATION_CONTEXT() REPRESENTATION_CONTEXT('2D SPACE',''
  ) );
#55 = ORIENTED_EDGE('',*,*,#56,.T.);
#56 = EDGE_CURVE('',#22,#57,#59,.T.);
#57 = VERTEX_POINT('',#58);
#58 = CARTESIAN_POINT('',(-99.5,53.,-10.));
#59 = SURFACE_CURVE('',#60,(#64,#71),.PCURVE_S1.);
#60 = LINE('',#61,#62);
#61 = CARTESIAN_POINT('',(-99.5,-53.,-10.));
#62 = VECTOR('',#63,1.);
#63 = DIRECTION('',(0.,1.,0.));
#64 = PCURVE('',#32,#65);
#65 = DEFINITIONAL_REPRESENTATION('',(#66),#70);
#66 = LINE('',#67,#68);
#67 = CARTESIAN_POINT('',(1.,-3.));
#68 = VECTOR('',#69,1.);
#69 = DIRECTION('',(0.,-1.));
#70 = ( GEOMETRIC_REPRESENTATION_CONTEXT(2) 
PARAMETRIC_REPRESENTATION_CONTEXT() REPRESENTATION_CONTEXT('2D SPACE',''
  ) );
#71 = PCURVE('',#72,#77);
#72 = CYLINDRICAL_SURFACE('',#73,1.);
#73 = AXIS2_PLACEMENT_3D('',#74,#75,#76);
#74 = CARTESIAN_POINT('',(-98.5,-53.,-10.));
#75 = DIRECTION('',(0.,1.,0.));
#76 = DIRECTION('',(-1.,0.,0.));
#77 = DEFINITIONAL_REPRESENTATION('',(#78),#82);
#78 = LINE('',#79,#80);
#79 = CARTESIAN_POINT('',(-0.,0.));
#80 = VECTOR('',#81,1.);
#81 = DIRECTION('',(-0.,1.));
#82 = ( GEOMETRIC_REPRESENTATION_CONTEXT(2) 
PARAMETRIC_REPRESENTATION_CONTEXT() REPRESENTATION_CONTEXT('2D SPACE',''
  ) );
#83 = ORIENTED_EDGE('',*,*,#84,.T.);
#84 = EDGE_CURVE('',#57,#85,#87,.T.);
#85 = VERTEX_POINT('',#86);
#86 = CARTESIAN_POINT('',(-99.5,53.,11.));
#87 = SURFACE_CURVE('',#88,(#92,#99),.PCURVE_S1.);
#88 = LINE('',#89,#90);
#89 = CARTESIAN_POINT('',(-99.5,53.,-11.));
#90 = VECTOR('',#91,1.);
#91 = DIRECTION('',(0.,0.,1.));
#92 = PCURVE('',#32,#93);
#93 = DEFINITIONAL_REPRESENTATION('',(#94),#98);
#94 = LINE('',#95,#96);
#95 = CARTESIAN_POINT('',(0.,-109.));
#96 = VECTOR('',#97,1.);
#97 = DIRECTION('',(1.,0.));
#98 = ( GEOMETRIC_REPRESENTATION_CONTEXT(2) 
PARAMETRIC_REPRESENTATION_CONTEXT() REPRESENTATION_CONTEXT('2D SPACE',''
  ) );
#99 = PCURVE('',#100,#105);
#100 = CYLINDRICAL_SURFACE('',#101,3.);
#101 = AXIS2_PLACEMENT_3D('',#102,#103,#104);
#102 = CARTESIAN_POINT('',(-96.5,53.,-11.));
#103 = DIRECTION('',(0.,0.,1.));
#104 = DIRECTION('',(-1.,-0.,0.));
#105 = DEFINITIONAL_REPRESENTATION('',(#106),#110);
#106 = LINE('',#107,#108);
#107 = CARTESIAN_POINT('',(-0.,0.));
#108 = VECTOR('',#109,1.);
#109 = DIRECTION('',(-0.,1.));
#110 = ( GEOMETRIC_REPRESENTATION_CONTEXT(2) 
PARAMETRIC_REPRESENTATION_CONTEXT() REPRESENTATION_CONTEXT('2D SPACE',''
  ) );
#111 = ORIENTED_EDGE('',*,*,#112,.F.);
#112 = EDGE_CURVE('',#24,#85,#113,.T.);
#113 = SURFACE_CURVE('',#114,(#118,#125),.PCURVE_S1.);
#114 = LINE('',#115,#116);
#115 = CARTESIAN_POINT('',(-99.5,-56.,11.));
#116 = VECTOR('',#117,1.);
#117 = DIRECTION('',(0.,1.,0.));
#118 = PCURVE('',#32,#119);
#119 = DEFINITIONAL_REPRESENTATION('',(#120),#124);
#120 = LINE('',#121,#122);
#121 = CARTESIAN_POINT('',(22.,0.));
#122 = VECTOR('',#123,1.);
#123 = DIRECTION('',(0.,-1.));
#124 = ( GEOMETRIC_REPRESENTATION_CONTEXT(2) 
PARAMETRIC_REPRESENTATION_CONTEXT() REPRESENTATION_CONTEXT('2D SPACE',''
  ) );
#125 = PCURVE('',#126,#131);
#126 = PLANE('',#127);
#127 = AXIS2_PLACEMENT_3D('',#128,#129,#130);
#128 = CARTESIAN_POINT('',(-99.5,-56.,11.));
#129 = DIRECTION('',(0.,0.,1.));
#130 = DIRECTION('',(1.,0.,0.));
#131 = DEFINITIONAL_REPRESENTATION('',(#132),#136);
#132 = LINE('',#133,#134);
#133 = CARTESIAN_POINT('',(0.,0.));
#134 = VECTOR('',#135,1.);
#135 = DIRECTION('',(0.,1.));
#136 = ( GEOMETRIC_REPRESENTATION_CONTEXT(2) 
PARAMETRIC_REPRESENTATION_CONTEXT() REPRESENTATION_CONTEXT('2D SPACE',''
  ) );
#137 = ADVANCED_FACE('',(#138),#44,.T.);
#138 = FACE_BOUND('',#139,.T.);
#139 = EDGE_LOOP('',(#140,#141,#170,#198));
#140 = ORIENTED_EDGE('',*,*,#21,.F.);
#141 = ORIENTED_EDGE('',*,*,#142,.F.);
#142 = EDGE_CURVE('',#143,#22,#145,.T.);
#143 = VERTEX_POINT('',#144);
#144 = CARTESIAN_POINT('',(-96.5,-56.,-10.));
#145 = SURFACE_CURVE('',#146,(#151,#158),.PCURVE_S1.);
#146 = CIRCLE('',#147,3.);
#147 = AXIS2_PLACEMENT_3D('',#148,#149,#150);
#148 = CARTESIAN_POINT('',(-96.5,-53.,-10.));
#149 = DIRECTION('',(-0.,-0.,-1.));
#150 = DIRECTION('',(0.,-1.,0.));
#151 = PCURVE('',#44,#152);
#152 = DEFINITIONAL_REPRESENTATION('',(#153),#157);
#153 = LINE('',#154,#155);
#154 = CARTESIAN_POINT('',(1.570796326795,1.));
#155 = VECTOR('',#156,1.);
#156 = DIRECTION('',(-1.,-0.));
#157 = ( GEOMETRIC_REPRESENTATION_CONTEXT(2) 
PARAMETRIC_REPRESENTATION_CONTEXT() REPRESENTATION_CONTEXT('2D SPACE',''
  ) );
#158 = PCURVE('',#159,#164);
#159 = TOROIDAL_SURFACE('',#160,2.,1.);
#160 = AXIS2_PLACEMENT_3D('',#161,#162,#163);
#161 = CARTESIAN_POINT('',(-96.5,-53.,-10.));
#162 = DIRECTION('',(-0.,-0.,-1.));
#163 = DIRECTION('',(0.,-1.,0.));
#164 = DEFINITIONAL_REPRESENTATION('',(#165),#169);
#165 = LINE('',#166,#167);
#166 = CARTESIAN_POINT('',(0.,0.));
#167 = VECTOR('',#168,1.);
#168 = DIRECTION('',(1.,0.));
#169 = ( GEOMETRIC_REPRESENTATION_CONTEXT(2) 
PARAMETRIC_REPRESENTATION_CONTEXT() REPRESENTATION_CONTEXT('2D SPACE',''
  ) );
#170 = ORIENTED_EDGE('',*,*,#171,.T.);
#171 = EDGE_CURVE('',#143,#172,#174,.T.);
#172 = VERTEX_POINT('',#173);
#173 = CARTESIAN_POINT('',(-96.5,-56.,11.));
#174 = SURFACE_CURVE('',#175,(#179,#186),.PCURVE_S1.);
#175 = LINE('',#176,#177);
#176 = CARTESIAN_POINT('',(-96.5,-56.,-11.));
#177 = VECTOR('',#178,1.);
#178 = DIRECTION('',(0.,0.,1.));
#179 = PCURVE('',#44,#180);
#180 = DEFINITIONAL_REPRESENTATION('',(#181),#185);
#181 = LINE('',#182,#183);
#182 = CARTESIAN_POINT('',(1.570796326795,0.));
#183 = VECTOR('',#184,1.);
#184 = DIRECTION('',(0.,1.));
#185 = ( GEOMETRIC_REPRESENTATION_CONTEXT(2) 
PARAMETRIC_REPRESENTATION_CONTEXT() REPRESENTATION_CONTEXT('2D SPACE',''
  ) );
#186 = PCURVE('',#187,#192);
#187 = PLANE('',#188);
#188 = AXIS2_PLACEMENT_3D('',#189,#190,#191);
#189 = CARTESIAN_POINT('',(-99.5,-56.,-11.));
#190 = DIRECTION('',(0.,1.,0.));
#191 = DIRECTION('',(0.,0.,1.));
#192 = DEFINITIONAL_REPRESENTATION('',(#193),#197);
#193 = LINE('',#194,#195);
#194 = CARTESIAN_POINT('',(0.,3.));
#195 = VECTOR('',#196,1.);
#196 = DIRECTION('',(1.,0.));
#197 = ( GEOMETRIC_REPRESENTATION_CONTEXT(2) 
PARAMETRIC_REPRESENTATION_CONTEXT() REPRESENTATION_CONTEXT('2D SPACE',''
  ) );
#198 = ORIENTED_EDGE('',*,*,#199,.F.);
#199 = EDGE_CURVE('',#24,#172,#200,.T.);
#200 = SURFACE_CURVE('',#201,(#206,#213),.PCURVE_S1.);
#201 = CIRCLE('',#202,3.);
#202 = AXIS2_PLACEMENT_3D('',#203,#204,#205);
#203 = CARTESIAN_POINT('',(-96.5,-53.,11.));
#204 = DIRECTION('',(0.,0.,1.));
#205 = DIRECTION('',(0.,-1.,0.));
#206 = PCURVE('',#44,#207);
#207 = DEFINITIONAL_REPRESENTATION('',(#208),#212);
#208 = LINE('',#209,#210);
#209 = CARTESIAN_POINT('',(-4.712388980385,22.));
#210 = VECTOR('',#211,1.);
#211 = DIRECTION('',(1.,0.));
#212 = ( GEOMETRIC_REPRESENTATION_CONTEXT(2) 
PARAMETRIC_REPRESENTATION_CONTEXT() REPRESENTATION_CONTEXT('2D SPACE',''
  ) );
#213 = PCURVE('',#126,#214);
#214 = DEFINITIONAL_REPRESENTATION('',(#215),#219);
#215 = CIRCLE('',#216,3.);
#216 = AXIS2_PLACEMENT_2D('',#217,#218);
#217 = CARTESIAN_POINT('',(3.,3.));
#218 = DIRECTION('',(0.,-1.));
#219 = ( GEOMETRIC_REPRESENTATION_CONTEXT(2) 
PARAMETRIC_REPRESENTATION_CONTEXT() REPRESENTATION_CONTEXT('2D SPACE',''
  ) );
#220 = ADVANCED_FACE('',(#221),#72,.T.);
#221 = FACE_BOUND('',#222,.F.);
#222 = EDGE_LOOP('',(#223,#245,#273,#298));
#223 = ORIENTED_EDGE('',*,*,#224,.T.);
#224 = EDGE_CURVE('',#22,#225,#227,.T.);
#225 = VERTEX_POINT('',#226);
#226 = CARTESIAN_POINT('',(-98.5,-53.,-11.));
#227 = SURFACE_CURVE('',#228,(#233,#239),.PCURVE_S1.);
#228 = CIRCLE('',#229,1.);
#229 = AXIS2_PLACEMENT_3D('',#230,#231,#232);
#230 = CARTESIAN_POINT('',(-98.5,-53.,-10.));
#231 = DIRECTION('',(-0.,-1.,-0.));
#232 = DIRECTION('',(-1.,0.,0.));
#233 = PCURVE('',#72,#234);
#234 = DEFINITIONAL_REPRESENTATION('',(#235),#238);
#235 = B_SPLINE_CURVE_WITH_KNOTS('',1,(#236,#237),.UNSPECIFIED.,.F.,.F.,
  (2,2),(0.,1.570796326795),.PIECEWISE_BEZIER_KNOTS.);
#236 = CARTESIAN_POINT('',(0.,0.));
#237 = CARTESIAN_POINT('',(-1.570796326795,0.));
#238 = ( GEOMETRIC_REPRESENTATION_CONTEXT(2) 
PARAMETRIC_REPRESENTATION_CONTEXT() REPRESENTATION_CONTEXT('2D SPACE',''
  ) );
#239 = PCURVE('',#159,#240);
#240 = DEFINITIONAL_REPRESENTATION('',(#241),#244);
#241 = B_SPLINE_CURVE_WITH_KNOTS('',1,(#242,#243),.UNSPECIFIED.,.F.,.F.,
  (2,2),(0.,1.570796326795),.PIECEWISE_BEZIER_KNOTS.);
#242 = CARTESIAN_POINT('',(1.570796326795,0.));
#243 = CARTESIAN_POINT('',(1.570796326795,1.570796326795));
#244 = ( GEOMETRIC_REPRESENTATION_CONTEXT(2) 
PARAMETRIC_REPRESENTATION_CONTEXT() REPRESENTATION_CONTEXT('2D SPACE',''
  ) );
#245 = ORIENTED_EDGE('',*,*,#246,.T.);
#246 = EDGE_CURVE('',#225,#247,#249,.T.);
#247 = VERTEX_POINT('',#248);
#248 = CARTESIAN_POINT('',(-98.5,53.,-11.));
#249 = SURFACE_CURVE('',#250,(#254,#261),.PCURVE_S1.);
#250 = LINE('',#251,#252);
#251 = CARTESIAN_POINT('',(-98.5,-53.,-11.));
#252 = VECTOR('',#253,1.);
#253 = DIRECTION('',(0.,1.,0.));
#254 = PCURVE('',#72,#255);
#255 = DEFINITIONAL_REPRESENTATION('',(#256),#260);
#256 = LINE('',#257,#258);
#257 = CARTESIAN_POINT('',(-1.570796326795,0.));
#258 = VECTOR('',#259,1.);
#259 = DIRECTION('',(-0.,1.));
#260 = ( GEOMETRIC_REPRESENTATION_CONTEXT(2) 
PARAMETRIC_REPRESENTATION_CONTEXT() REPRESENTATION_CONTEXT('2D SPACE',''
  ) );
#261 = PCURVE('',#262,#267);
#262 = PLANE('',#263);
#263 = AXIS2_PLACEMENT_3D('',#264,#265,#266);
#264 = CARTESIAN_POINT('',(-99.5,-56.,-11.));
#265 = DIRECTION('',(0.,0.,1.));
#266 = DIRECTION('',(1.,0.,0.));
#267 = DEFINITIONAL_REPRESENTATION('',(#268),#272);
#268 = LINE('',#269,#270);
#269 = CARTESIAN_POINT('',(1.,3.));
#270 = VECTOR('',#271,1.);
#271 = DIRECTION('',(0.,1.));
#272 = ( GEOMETRIC_REPRESENTATION_CONTEXT(2) 
PARAMETRIC_REPRESENTATION_CONTEXT() REPRESENTATION_CONTEXT('2D SPACE',''
  ) );
#273 = ORIENTED_EDGE('',*,*,#274,.F.);
#274 = EDGE_CURVE('',#57,#247,#275,.T.);
#275 = SURFACE_CURVE('',#276,(#281,#287),.PCURVE_S1.);
#276 = CIRCLE('',#277,1.);
#277 = AXIS2_PLACEMENT_3D('',#278,#279,#280);
#278 = CARTESIAN_POINT('',(-98.5,53.,-10.));
#279 = DIRECTION('',(-0.,-1.,-0.));
#280 = DIRECTION('',(-1.,0.,0.));
#281 = PCURVE('',#72,#282);
#282 = DEFINITIONAL_REPRESENTATION('',(#283),#286);
#283 = B_SPLINE_CURVE_WITH_KNOTS('',1,(#284,#285),.UNSPECIFIED.,.F.,.F.,
  (2,2),(0.,1.570796326795),.PIECEWISE_BEZIER_KNOTS.);
#284 = CARTESIAN_POINT('',(0.,106.));
#285 = CARTESIAN_POINT('',(-1.570796326795,106.));
#286 = ( GEOMETRIC_REPRESENTATION_CONTEXT(2) 
PARAMETRIC_REPRESENTATION_CONTEXT() REPRESENTATION_CONTEXT('2D SPACE',''
  ) );
#287 = PCURVE('',#288,#293);
#288 = TOROIDAL_SURFACE('',#289,2.,1.);
#289 = AXIS2_PLACEMENT_3D('',#290,#291,#292);
#290 = CARTESIAN_POINT('',(-96.5,53.,-10.));
#291 = DIRECTION('',(-0.,-0.,-1.));
#292 = DIRECTION('',(-1.,0.,0.));
#293 = DEFINITIONAL_REPRESENTATION('',(#294),#297);
#294 = B_SPLINE_CURVE_WITH_KNOTS('',1,(#295,#296),.UNSPECIFIED.,.F.,.F.,
  (2,2),(0.,1.570796326795),.PIECEWISE_BEZIER_KNOTS.);
#295 = CARTESIAN_POINT('',(0.,0.));
#296 = CARTESIAN_POINT('',(0.,1.570796326795));
#297 = ( GEOMETRIC_REPRESENTATION_CONTEXT(2) 
PARAMETRIC_REPRESENTATION_CONTEXT() REPRESENTATION_CONTEXT('2D SPACE',''
  ) );
#298 = ORIENTED_EDGE('',*,*,#56,.F.);
#299 = ADVANCED_FACE('',(#300,#471,#506,#541,#576,#806),#126,.T.);
#300 = FACE_BOUND('',#301,.T.);
#301 = EDGE_LOOP('',(#302,#303,#304,#327,#360,#388,#417,#445));
#302 = ORIENTED_EDGE('',*,*,#112,.F.);
#303 = ORIENTED_EDGE('',*,*,#199,.T.);
#304 = ORIENTED_EDGE('',*,*,#305,.T.);
#305 = EDGE_CURVE('',#172,#306,#308,.T.);
#306 = VERTEX_POINT('',#307);
#307 = CARTESIAN_POINT('',(96.5,-56.,11.));
#308 = SURFACE_CURVE('',#309,(#313,#320),.PCURVE_S1.);
#309 = LINE('',#310,#311);
#310 = CARTESIAN_POINT('',(-99.5,-56.,11.));
#311 = VECTOR('',#312,1.);
#312 = DIRECTION('',(1.,0.,0.));
#313 = PCURVE('',#126,#314);
#314 = DEFINITIONAL_REPRESENTATION('',(#315),#319);
#315 = LINE('',#316,#317);
#316 = CARTESIAN_POINT('',(0.,0.));
#317 = VECTOR('',#318,1.);
#318 = DIRECTION('',(1.,0.));
#319 = ( GEOMETRIC_REPRESENTATION_CONTEXT(2) 
PARAMETRIC_REPRESENTATION_CONTEXT() REPRESENTATION_CONTEXT('2D SPACE',''
  ) );
#320 = PCURVE('',#187,#321);
#321 = DEFINITIONAL_REPRESENTATION('',(#322),#326);
#322 = LINE('',#323,#324);
#323 = CARTESIAN_POINT('',(22.,0.));
#324 = VECTOR('',#325,1.);
#325 = DIRECTION('',(0.,1.));
#326 = ( GEOMETRIC_REPRESENTATION_CONTEXT(2) 
PARAMETRIC_REPRESENTATION_CONTEXT() REPRESENTATION_CONTEXT('2D SPACE',''
  ) );
#327 = ORIENTED_EDGE('',*,*,#328,.F.);
#328 = EDGE_CURVE('',#329,#306,#331,.T.);
#329 = VERTEX_POINT('',#330);
#330 = CARTESIAN_POINT('',(99.5,-53.,11.));
#331 = SURFACE_CURVE('',#332,(#337,#348),.PCURVE_S1.);
#332 = CIRCLE('',#333,3.);
#333 = AXIS2_PLACEMENT_3D('',#334,#335,#336);
#334 = CARTESIAN_POINT('',(96.5,-53.,11.));
#335 = DIRECTION('',(-0.,-0.,-1.));
#336 = DIRECTION('',(0.,-1.,0.));
#337 = PCURVE('',#126,#338);
#338 = DEFINITIONAL_REPRESENTATION('',(#339),#347);
#339 = ( BOUNDED_CURVE() B_SPLINE_CURVE(2,(#340,#341,#342,#343,#344,#345
,#346),.UNSPECIFIED.,.T.,.F.) B_SPLINE_CURVE_WITH_KNOTS((1,2,2,2,2,1),(
    -2.094395102393,0.,2.094395102393,4.188790204786,6.28318530718,
8.377580409573),.UNSPECIFIED.) CURVE() GEOMETRIC_REPRESENTATION_ITEM() 
RATIONAL_B_SPLINE_CURVE((1.,0.5,1.,0.5,1.,0.5,1.)) REPRESENTATION_ITEM(
  '') );
#340 = CARTESIAN_POINT('',(196.,0.));
#341 = CARTESIAN_POINT('',(190.80384757729,0.));
#342 = CARTESIAN_POINT('',(193.40192378864,4.5));
#343 = CARTESIAN_POINT('',(196.,9.));
#344 = CARTESIAN_POINT('',(198.59807621135,4.5));
#345 = CARTESIAN_POINT('',(201.1961524227,4.440892098501E-15));
#346 = CARTESIAN_POINT('',(196.,0.));
#347 = ( GEOMETRIC_REPRESENTATION_CONTEXT(2) 
PARAMETRIC_REPRESENTATION_CONTEXT() REPRESENTATION_CONTEXT('2D SPACE',''
  ) );
#348 = PCURVE('',#349,#354);
#349 = CYLINDRICAL_SURFACE('',#350,3.);
#350 = AXIS2_PLACEMENT_3D('',#351,#352,#353);
#351 = CARTESIAN_POINT('',(96.5,-53.,-11.));
#352 = DIRECTION('',(0.,0.,1.));
#353 = DIRECTION('',(1.,0.,-0.));
#354 = DEFINITIONAL_REPRESENTATION('',(#355),#359);
#355 = LINE('',#356,#357);
#356 = CARTESIAN_POINT('',(4.712388980385,22.));
#357 = VECTOR('',#358,1.);
#358 = DIRECTION('',(-1.,0.));
#359 = ( GEOMETRIC_REPRESENTATION_CONTEXT(2) 
PARAMETRIC_REPRESENTATION_CONTEXT() REPRESENTATION_CONTEXT('2D SPACE',''
  ) );
#360 = ORIENTED_EDGE('',*,*,#361,.T.);
#361 = EDGE_CURVE('',#329,#362,#364,.T.);
#362 = VERTEX_POINT('',#363);
#363 = CARTESIAN_POINT('',(99.5,53.,11.));
#364 = SURFACE_CURVE('',#365,(#369,#376),.PCURVE_S1.);
#365 = LINE('',#366,#367);
#366 = CARTESIAN_POINT('',(99.5,-56.,11.));
#367 = VECTOR('',#368,1.);
#368 = DIRECTION('',(0.,1.,0.));
#369 = PCURVE('',#126,#370);
#370 = DEFINITIONAL_REPRESENTATION('',(#371),#375);
#371 = LINE('',#372,#373);
#372 = CARTESIAN_POINT('',(199.,0.));
#373 = VECTOR('',#374,1.);
#374 = DIRECTION('',(0.,1.));
#375 = ( GEOMETRIC_REPRESENTATION_CONTEXT(2) 
PARAMETRIC_REPRESENTATION_CONTEXT() REPRESENTATION_CONTEXT('2D SPACE',''
  ) );
#376 = PCURVE('',#377,#382);
#377 = PLANE('',#378);
#378 = AXIS2_PLACEMENT_3D('',#379,#380,#381);
#379 = CARTESIAN_POINT('',(99.5,-56.,-11.));
#380 = DIRECTION('',(1.,0.,0.));
#381 = DIRECTION('',(0.,0.,1.));
#382 = DEFINITIONAL_REPRESENTATION('',(#383),#387);
#383 = LINE('',#384,#385);
#384 = CARTESIAN_POINT('',(22.,0.));
#385 = VECTOR('',#386,1.);
#386 = DIRECTION('',(0.,-1.));
#387 = ( GEOMETRIC_REPRESENTATION_CONTEXT(2) 
PARAMETRIC_REPRESENTATION_CONTEXT() REPRESENTATION_CONTEXT('2D SPACE',''
  ) );
#388 = ORIENTED_EDGE('',*,*,#389,.T.);
#389 = EDGE_CURVE('',#362,#390,#392,.T.);
#390 = VERTEX_POINT('',#391);
#391 = CARTESIAN_POINT('',(96.5,56.,11.));
#392 = SURFACE_CURVE('',#393,(#398,#405),.PCURVE_S1.);
#393 = CIRCLE('',#394,3.);
#394 = AXIS2_PLACEMENT_3D('',#395,#396,#397);
#395 = CARTESIAN_POINT('',(96.5,53.,11.));
#396 = DIRECTION('',(0.,0.,1.));
#397 = DIRECTION('',(0.,-1.,0.));
#398 = PCURVE('',#126,#399);
#399 = DEFINITIONAL_REPRESENTATION('',(#400),#404);
#400 = CIRCLE('',#401,3.);
#401 = AXIS2_PLACEMENT_2D('',#402,#403);
#402 = CARTESIAN_POINT('',(196.,109.));
#403 = DIRECTION('',(0.,-1.));
#404 = ( GEOMETRIC_REPRESENTATION_CONTEXT(2) 
PARAMETRIC_REPRESENTATION_CONTEXT() REPRESENTATION_CONTEXT('2D SPACE',''
  ) );
#405 = PCURVE('',#406,#411);
#406 = CYLINDRICAL_SURFACE('',#407,3.);
#407 = AXIS2_PLACEMENT_3D('',#408,#409,#410);
#408 = CARTESIAN_POINT('',(96.5,53.,-11.));
#409 = DIRECTION('',(0.,0.,1.));
#410 = DIRECTION('',(1.,0.,-0.));
#411 = DEFINITIONAL_REPRESENTATION('',(#412),#416);
#412 = LINE('',#413,#414);
#413 = CARTESIAN_POINT('',(-1.570796326795,22.));
#414 = VECTOR('',#415,1.);
#415 = DIRECTION('',(1.,0.));
#416 = ( GEOMETRIC_REPRESENTATION_CONTEXT(2) 
PARAMETRIC_REPRESENTATION_CONTEXT() REPRESENTATION_CONTEXT('2D SPACE',''
  ) );
#417 = ORIENTED_EDGE('',*,*,#418,.F.);
#418 = EDGE_CURVE('',#419,#390,#421,.T.);
#419 = VERTEX_POINT('',#420);
#420 = CARTESIAN_POINT('',(-96.5,56.,11.));
#421 = SURFACE_CURVE('',#422,(#426,#433),.PCURVE_S1.);
#422 = LINE('',#423,#424);
#423 = CARTESIAN_POINT('',(-99.5,56.,11.));
#424 = VECTOR('',#425,1.);
#425 = DIRECTION('',(1.,0.,0.));
#426 = PCURVE('',#126,#427);
#427 = DEFINITIONAL_REPRESENTATION('',(#428),#432);
#428 = LINE('',#429,#430);
#429 = CARTESIAN_POINT('',(0.,112.));
#430 = VECTOR('',#431,1.);
#431 = DIRECTION('',(1.,0.));
#432 = ( GEOMETRIC_REPRESENTATION_CONTEXT(2) 
PARAMETRIC_REPRESENTATION_CONTEXT() REPRESENTATION_CONTEXT('2D SPACE',''
  ) );
#433 = PCURVE('',#434,#439);
#434 = PLANE('',#435);
#435 = AXIS2_PLACEMENT_3D('',#436,#437,#438);
#436 = CARTESIAN_POINT('',(-99.5,56.,-11.));
#437 = DIRECTION('',(0.,1.,0.));
#438 = DIRECTION('',(0.,0.,1.));
#439 = DEFINITIONAL_REPRESENTATION('',(#440),#444);
#440 = LINE('',#441,#442);
#441 = CARTESIAN_POINT('',(22.,0.));
#442 = VECTOR('',#443,1.);
#443 = DIRECTION('',(0.,1.));
#444 = ( GEOMETRIC_REPRESENTATION_CONTEXT(2) 
PARAMETRIC_REPRESENTATION_CONTEXT() REPRESENTATION_CONTEXT('2D SPACE',''
  ) );
#445 = ORIENTED_EDGE('',*,*,#446,.F.);
#446 = EDGE_CURVE('',#85,#419,#447,.T.);
#447 = SURFACE_CURVE('',#448,(#453,#464),.PCURVE_S1.);
#448 = CIRCLE('',#449,3.);
#449 = AXIS2_PLACEMENT_3D('',#450,#451,#452);
#450 = CARTESIAN_POINT('',(-96.5,53.,11.));
#451 = DIRECTION('',(-0.,-0.,-1.));
#452 = DIRECTION('',(0.,-1.,0.));
#453 = PCURVE('',#126,#454);
#454 = DEFINITIONAL_REPRESENTATION('',(#455),#463);
#455 = ( BOUNDED_CURVE() B_SPLINE_CURVE(2,(#456,#457,#458,#459,#460,#461
,#462),.UNSPECIFIED.,.T.,.F.) B_SPLINE_CURVE_WITH_KNOTS((1,2,2,2,2,1),(
    -2.094395102393,0.,2.094395102393,4.188790204786,6.28318530718,
8.377580409573),.UNSPECIFIED.) CURVE() GEOMETRIC_REPRESENTATION_ITEM() 
RATIONAL_B_SPLINE_CURVE((1.,0.5,1.,0.5,1.,0.5,1.)) REPRESENTATION_ITEM(
  '') );
#456 = CARTESIAN_POINT('',(3.,106.));
#457 = CARTESIAN_POINT('',(-2.196152422707,106.));
#458 = CARTESIAN_POINT('',(0.401923788647,110.5));
#459 = CARTESIAN_POINT('',(3.,115.));
#460 = CARTESIAN_POINT('',(5.598076211353,110.5));
#461 = CARTESIAN_POINT('',(8.196152422707,106.));
#462 = CARTESIAN_POINT('',(3.,106.));
#463 = ( GEOMETRIC_REPRESENTATION_CONTEXT(2) 
PARAMETRIC_REPRESENTATION_CONTEXT() REPRESENTATION_CONTEXT('2D SPACE',''
  ) );
#464 = PCURVE('',#100,#465);
#465 = DEFINITIONAL_REPRESENTATION('',(#466),#470);
#466 = LINE('',#467,#468);
#467 = CARTESIAN_POINT('',(1.570796326795,22.));
#468 = VECTOR('',#469,1.);
#469 = DIRECTION('',(-1.,0.));
#470 = ( GEOMETRIC_REPRESENTATION_CONTEXT(2) 
PARAMETRIC_REPRESENTATION_CONTEXT() REPRESENTATION_CONTEXT('2D SPACE',''
  ) );
#471 = FACE_BOUND('',#472,.T.);
#472 = EDGE_LOOP('',(#473));
#473 = ORIENTED_EDGE('',*,*,#474,.T.);
#474 = EDGE_CURVE('',#475,#475,#477,.T.);
#475 = VERTEX_POINT('',#476);
#476 = CARTESIAN_POINT('',(-95.6,-48.,11.));
#477 = SURFACE_CURVE('',#478,(#483,#494),.PCURVE_S1.);
#478 = CIRCLE('',#479,4.1);
#479 = AXIS2_PLACEMENT_3D('',#480,#481,#482);
#480 = CARTESIAN_POINT('',(-91.5,-48.,11.));
#481 = DIRECTION('',(0.,0.,-1.));
#482 = DIRECTION('',(-1.,0.,0.));
#483 = PCURVE('',#126,#484);
#484 = DEFINITIONAL_REPRESENTATION('',(#485),#493);
#485 = ( BOUNDED_CURVE() B_SPLINE_CURVE(2,(#486,#487,#488,#489,#490,#491
,#492),.UNSPECIFIED.,.T.,.F.) B_SPLINE_CURVE_WITH_KNOTS((1,2,2,2,2,1),(
    -2.094395102393,0.,2.094395102393,4.188790204786,6.28318530718,
8.377580409573),.UNSPECIFIED.) CURVE() GEOMETRIC_REPRESENTATION_ITEM() 
RATIONAL_B_SPLINE_CURVE((1.,0.5,1.,0.5,1.,0.5,1.)) REPRESENTATION_ITEM(
  '') );
#486 = CARTESIAN_POINT('',(3.9,8.));
#487 = CARTESIAN_POINT('',(3.9,15.101408311032));
#488 = CARTESIAN_POINT('',(10.05,11.550704155516));
#489 = CARTESIAN_POINT('',(16.2,8.));
#490 = CARTESIAN_POINT('',(10.05,4.449295844484));
#491 = CARTESIAN_POINT('',(3.9,0.898591688968));
#492 = CARTESIAN_POINT('',(3.9,8.));
#493 = ( GEOMETRIC_REPRESENTATION_CONTEXT(2) 
PARAMETRIC_REPRESENTATION_CONTEXT() REPRESENTATION_CONTEXT('2D SPACE',''
  ) );
#494 = PCURVE('',#495,#500);
#495 = CYLINDRICAL_SURFACE('',#496,4.1);
#496 = AXIS2_PLACEMENT_3D('',#497,#498,#499);
#497 = CARTESIAN_POINT('',(-91.5,-48.,11.));
#498 = DIRECTION('',(0.,0.,-1.));
#499 = DIRECTION('',(-1.,0.,0.));
#500 = DEFINITIONAL_REPRESENTATION('',(#501),#505);
#501 = LINE('',#502,#503);
#502 = CARTESIAN_POINT('',(0.,0.));
#503 = VECTOR('',#504,1.);
#504 = DIRECTION('',(1.,0.));
#505 = ( GEOMETRIC_REPRESENTATION_CONTEXT(2) 
PARAMETRIC_REPRESENTATION_CONTEXT() REPRESENTATION_CONTEXT('2D SPACE',''
  ) );
#506 = FACE_BOUND('',#507,.T.);
#507 = EDGE_LOOP('',(#508));
#508 = ORIENTED_EDGE('',*,*,#509,.T.);
#509 = EDGE_CURVE('',#510,#510,#512,.T.);
#510 = VERTEX_POINT('',#511);
#511 = CARTESIAN_POINT('',(87.4,-48.,11.));
#512 = SURFACE_CURVE('',#513,(#518,#529),.PCURVE_S1.);
#513 = CIRCLE('',#514,4.1);
#514 = AXIS2_PLACEMENT_3D('',#515,#516,#517);
#515 = CARTESIAN_POINT('',(91.5,-48.,11.));
#516 = DIRECTION('',(0.,0.,-1.));
#517 = DIRECTION('',(-1.,0.,0.));
#518 = PCURVE('',#126,#519);
#519 = DEFINITIONAL_REPRESENTATION('',(#520),#528);
#520 = ( BOUNDED_CURVE() B_SPLINE_CURVE(2,(#521,#522,#523,#524,#525,#526
,#527),.UNSPECIFIED.,.T.,.F.) B_SPLINE_CURVE_WITH_KNOTS((1,2,2,2,2,1),(
    -2.094395102393,0.,2.094395102393,4.188790204786,6.28318530718,
8.377580409573),.UNSPECIFIED.) CURVE() GEOMETRIC_REPRESENTATION_ITEM() 
RATIONAL_B_SPLINE_CURVE((1.,0.5,1.,0.5,1.,0.5,1.)) REPRESENTATION_ITEM(
  '') );
#521 = CARTESIAN_POINT('',(186.9,8.));
#522 = CARTESIAN_POINT('',(186.9,15.101408311032));
#523 = CARTESIAN_POINT('',(193.05,11.550704155516));
#524 = CARTESIAN_POINT('',(199.2,8.));
#525 = CARTESIAN_POINT('',(193.05,4.449295844484));
#526 = CARTESIAN_POINT('',(186.9,0.898591688968));
#527 = CARTESIAN_POINT('',(186.9,8.));
#528 = ( GEOMETRIC_REPRESENTATION_CONTEXT(2) 
PARAMETRIC_REPRESENTATION_CONTEXT() REPRESENTATION_CONTEXT('2D SPACE',''
  ) );
#529 = PCURVE('',#530,#535);
#530 = CYLINDRICAL_SURFACE('',#531,4.1);
#531 = AXIS2_PLACEMENT_3D('',#532,#533,#534);
#532 = CARTESIAN_POINT('',(91.5,-48.,11.));
#533 = DIRECTION('',(0.,0.,-1.));
#534 = DIRECTION('',(-1.,0.,0.));
#535 = DEFINITIONAL_REPRESENTATION('',(#536),#540);
#536 = LINE('',#537,#538);
#537 = CARTESIAN_POINT('',(0.,0.));
#538 = VECTOR('',#539,1.);
#539 = DIRECTION('',(1.,0.));
#540 = ( GEOMETRIC_REPRESENTATION_CONTEXT(2) 
PARAMETRIC_REPRESENTATION_CONTEXT() REPRESENTATION_CONTEXT('2D SPACE',''
  ) );
#541 = FACE_BOUND('',#542,.T.);
#542 = EDGE_LOOP('',(#543));
#543 = ORIENTED_EDGE('',*,*,#544,.T.);
#544 = EDGE_CURVE('',#545,#545,#547,.T.);
#545 = VERTEX_POINT('',#546);
#546 = CARTESIAN_POINT('',(-95.6,48.,11.));
#547 = SURFACE_CURVE('',#548,(#553,#564),.PCURVE_S1.);
#548 = CIRCLE('',#549,4.1);
#549 = AXIS2_PLACEMENT_3D('',#550,#551,#552);
#550 = CARTESIAN_POINT('',(-91.5,48.,11.));
#551 = DIRECTION('',(0.,0.,-1.));
#552 = DIRECTION('',(-1.,0.,0.));
#553 = PCURVE('',#126,#554);
#554 = DEFINITIONAL_REPRESENTATION('',(#555),#563);
#555 = ( BOUNDED_CURVE() B_SPLINE_CURVE(2,(#556,#557,#558,#559,#560,#561
,#562),.UNSPECIFIED.,.T.,.F.) B_SPLINE_CURVE_WITH_KNOTS((1,2,2,2,2,1),(
    -2.094395102393,0.,2.094395102393,4.188790204786,6.28318530718,
8.377580409573),.UNSPECIFIED.) CURVE() GEOMETRIC_REPRESENTATION_ITEM() 
RATIONAL_B_SPLINE_CURVE((1.,0.5,1.,0.5,1.,0.5,1.)) REPRESENTATION_ITEM(
  '') );
#556 = CARTESIAN_POINT('',(3.9,104.));
#557 = CARTESIAN_POINT('',(3.9,111.10140831103));
#558 = CARTESIAN_POINT('',(10.05,107.55070415551));
#559 = CARTESIAN_POINT('',(16.2,104.));
#560 = CARTESIAN_POINT('',(10.05,100.44929584448));
#561 = CARTESIAN_POINT('',(3.9,96.898591688968));
#562 = CARTESIAN_POINT('',(3.9,104.));
#563 = ( GEOMETRIC_REPRESENTATION_CONTEXT(2) 
PARAMETRIC_REPRESENTATION_CONTEXT() REPRESENTATION_CONTEXT('2D SPACE',''
  ) );
#564 = PCURVE('',#565,#570);
#565 = CYLINDRICAL_SURFACE('',#566,4.1);
#566 = AXIS2_PLACEMENT_3D('',#567,#568,#569);
#567 = CARTESIAN_POINT('',(-91.5,48.,11.));
#568 = DIRECTION('',(0.,0.,-1.));
#569 = DIRECTION('',(-1.,0.,0.));
#570 = DEFINITIONAL_REPRESENTATION('',(#571),#575);
#571 = LINE('',#572,#573);
#572 = CARTESIAN_POINT('',(0.,0.));
#573 = VECTOR('',#574,1.);
#574 = DIRECTION('',(1.,0.));
#575 = ( GEOMETRIC_REPRESENTATION_CONTEXT(2) 
PARAMETRIC_REPRESENTATION_CONTEXT() REPRESENTATION_CONTEXT('2D SPACE',''
  ) );
#576 = FACE_BOUND('',#577,.T.);
#577 = EDGE_LOOP('',(#578,#609,#637,#666,#694,#723,#751,#780));
#578 = ORIENTED_EDGE('',*,*,#579,.F.);
#579 = EDGE_CURVE('',#580,#582,#584,.T.);
#580 = VERTEX_POINT('',#581);
#581 = CARTESIAN_POINT('',(-87.5,-40.8,11.));
#582 = VERTEX_POINT('',#583);
#583 = CARTESIAN_POINT('',(-84.3,-44.,11.));
#584 = SURFACE_CURVE('',#585,(#590,#597),.PCURVE_S1.);
#585 = CIRCLE('',#586,3.2);
#586 = AXIS2_PLACEMENT_3D('',#587,#588,#589);
#587 = CARTESIAN_POINT('',(-84.3,-40.8,11.));
#588 = DIRECTION('',(0.,0.,1.));
#589 = DIRECTION('',(1.,0.,0.));
#590 = PCURVE('',#126,#591);
#591 = DEFINITIONAL_REPRESENTATION('',(#592),#596);
#592 = CIRCLE('',#593,3.2);
#593 = AXIS2_PLACEMENT_2D('',#594,#595);
#594 = CARTESIAN_POINT('',(15.2,15.2));
#595 = DIRECTION('',(1.,0.));
#596 = ( GEOMETRIC_REPRESENTATION_CONTEXT(2) 
PARAMETRIC_REPRESENTATION_CONTEXT() REPRESENTATION_CONTEXT('2D SPACE',''
  ) );
#597 = PCURVE('',#598,#603);
#598 = CYLINDRICAL_SURFACE('',#599,3.2);
#599 = AXIS2_PLACEMENT_3D('',#600,#601,#602);
#600 = CARTESIAN_POINT('',(-84.3,-40.8,11.));
#601 = DIRECTION('',(0.,0.,1.));
#602 = DIRECTION('',(1.,0.,0.));
#603 = DEFINITIONAL_REPRESENTATION('',(#604),#608);
#604 = LINE('',#605,#606);
#605 = CARTESIAN_POINT('',(0.,0.));
#606 = VECTOR('',#607,1.);
#607 = DIRECTION('',(1.,0.));
#608 = ( GEOMETRIC_REPRESENTATION_CONTEXT(2) 
PARAMETRIC_REPRESENTATION_CONTEXT() REPRESENTATION_CONTEXT('2D SPACE',''
  ) );
#609 = ORIENTED_EDGE('',*,*,#610,.T.);
#610 = EDGE_CURVE('',#580,#611,#613,.T.);
#611 = VERTEX_POINT('',#612);
#612 = CARTESIAN_POINT('',(-87.5,40.8,11.));
#613 = SURFACE_CURVE('',#614,(#618,#625),.PCURVE_S1.);
#614 = LINE('',#615,#616);
#615 = CARTESIAN_POINT('',(-87.5,0.,11.));
#616 = VECTOR('',#617,1.);
#617 = DIRECTION('',(0.,1.,0.));
#618 = PCURVE('',#126,#619);
#619 = DEFINITIONAL_REPRESENTATION('',(#620),#624);
#620 = LINE('',#621,#622);
#621 = CARTESIAN_POINT('',(12.,56.));
#622 = VECTOR('',#623,1.);
#623 = DIRECTION('',(0.,1.));
#624 = ( GEOMETRIC_REPRESENTATION_CONTEXT(2) 
PARAMETRIC_REPRESENTATION_CONTEXT() REPRESENTATION_CONTEXT('2D SPACE',''
  ) );
#625 = PCURVE('',#626,#631);
#626 = PLANE('',#627);
#627 = AXIS2_PLACEMENT_3D('',#628,#629,#630);
#628 = CARTESIAN_POINT('',(-87.5,-40.8,11.));
#629 = DIRECTION('',(1.,0.,0.));
#630 = DIRECTION('',(-0.,1.,0.));
#631 = DEFINITIONAL_REPRESENTATION('',(#632),#636);
#632 = LINE('',#633,#634);
#633 = CARTESIAN_POINT('',(40.8,0.));
#634 = VECTOR('',#635,1.);
#635 = DIRECTION('',(1.,0.));
#636 = ( GEOMETRIC_REPRESENTATION_CONTEXT(2) 
PARAMETRIC_REPRESENTATION_CONTEXT() REPRESENTATION_CONTEXT('2D SPACE',''
  ) );
#637 = ORIENTED_EDGE('',*,*,#638,.F.);
#638 = EDGE_CURVE('',#639,#611,#641,.T.);
#639 = VERTEX_POINT('',#640);
#640 = CARTESIAN_POINT('',(-84.3,44.,11.));
#641 = SURFACE_CURVE('',#642,(#647,#654),.PCURVE_S1.);
#642 = CIRCLE('',#643,3.2);
#643 = AXIS2_PLACEMENT_3D('',#644,#645,#646);
#644 = CARTESIAN_POINT('',(-84.3,40.8,11.));
#645 = DIRECTION('',(0.,0.,1.));
#646 = DIRECTION('',(1.,0.,0.));
#647 = PCURVE('',#126,#648);
#648 = DEFINITIONAL_REPRESENTATION('',(#649),#653);
#649 = CIRCLE('',#650,3.2);
#650 = AXIS2_PLACEMENT_2D('',#651,#652);
#651 = CARTESIAN_POINT('',(15.2,96.8));
#652 = DIRECTION('',(1.,0.));
#653 = ( GEOMETRIC_REPRESENTATION_CONTEXT(2) 
PARAMETRIC_REPRESENTATION_CONTEXT() REPRESENTATION_CONTEXT('2D SPACE',''
  ) );
#654 = PCURVE('',#655,#660);
#655 = CYLINDRICAL_SURFACE('',#656,3.2);
#656 = AXIS2_PLACEMENT_3D('',#657,#658,#659);
#657 = CARTESIAN_POINT('',(-84.3,40.8,11.));
#658 = DIRECTION('',(0.,0.,1.));
#659 = DIRECTION('',(1.,0.,0.));
#660 = DEFINITIONAL_REPRESENTATION('',(#661),#665);
#661 = LINE('',#662,#663);
#662 = CARTESIAN_POINT('',(0.,0.));
#663 = VECTOR('',#664,1.);
#664 = DIRECTION('',(1.,0.));
#665 = ( GEOMETRIC_REPRESENTATION_CONTEXT(2) 
PARAMETRIC_REPRESENTATION_CONTEXT() REPRESENTATION_CONTEXT('2D SPACE',''
  ) );
#666 = ORIENTED_EDGE('',*,*,#667,.T.);
#667 = EDGE_CURVE('',#639,#668,#670,.T.);
#668 = VERTEX_POINT('',#669);
#669 = CARTESIAN_POINT('',(84.3,44.,11.));
#670 = SURFACE_CURVE('',#671,(#675,#682),.PCURVE_S1.);
#671 = LINE('',#672,#673);
#672 = CARTESIAN_POINT('',(0.,44.,11.));
#673 = VECTOR('',#674,1.);
#674 = DIRECTION('',(1.,0.,0.));
#675 = PCURVE('',#126,#676);
#676 = DEFINITIONAL_REPRESENTATION('',(#677),#681);
#677 = LINE('',#678,#679);
#678 = CARTESIAN_POINT('',(99.5,100.));
#679 = VECTOR('',#680,1.);
#680 = DIRECTION('',(1.,0.));
#681 = ( GEOMETRIC_REPRESENTATION_CONTEXT(2) 
PARAMETRIC_REPRESENTATION_CONTEXT() REPRESENTATION_CONTEXT('2D SPACE',''
  ) );
#682 = PCURVE('',#683,#688);
#683 = PLANE('',#684);
#684 = AXIS2_PLACEMENT_3D('',#685,#686,#687);
#685 = CARTESIAN_POINT('',(-84.3,44.,11.));
#686 = DIRECTION('',(0.,-1.,0.));
#687 = DIRECTION('',(1.,0.,0.));
#688 = DEFINITIONAL_REPRESENTATION('',(#689),#693);
#689 = LINE('',#690,#691);
#690 = CARTESIAN_POINT('',(84.3,0.));
#691 = VECTOR('',#692,1.);
#692 = DIRECTION('',(1.,0.));
#693 = ( GEOMETRIC_REPRESENTATION_CONTEXT(2) 
PARAMETRIC_REPRESENTATION_CONTEXT() REPRESENTATION_CONTEXT('2D SPACE',''
  ) );
#694 = ORIENTED_EDGE('',*,*,#695,.F.);
#695 = EDGE_CURVE('',#696,#668,#698,.T.);
#696 = VERTEX_POINT('',#697);
#697 = CARTESIAN_POINT('',(87.5,40.8,11.));
#698 = SURFACE_CURVE('',#699,(#704,#711),.PCURVE_S1.);
#699 = CIRCLE('',#700,3.2);
#700 = AXIS2_PLACEMENT_3D('',#701,#702,#703);
#701 = CARTESIAN_POINT('',(84.3,40.8,11.));
#702 = DIRECTION('',(0.,0.,1.));
#703 = DIRECTION('',(1.,0.,0.));
#704 = PCURVE('',#126,#705);
#705 = DEFINITIONAL_REPRESENTATION('',(#706),#710);
#706 = CIRCLE('',#707,3.2);
#707 = AXIS2_PLACEMENT_2D('',#708,#709);
#708 = CARTESIAN_POINT('',(183.8,96.8));
#709 = DIRECTION('',(1.,0.));
#710 = ( GEOMETRIC_REPRESENTATION_CONTEXT(2) 
PARAMETRIC_REPRESENTATION_CONTEXT() REPRESENTATION_CONTEXT('2D SPACE',''
  ) );
#711 = PCURVE('',#712,#717);
#712 = CYLINDRICAL_SURFACE('',#713,3.2);
#713 = AXIS2_PLACEMENT_3D('',#714,#715,#716);
#714 = CARTESIAN_POINT('',(84.3,40.8,11.));
#715 = DIRECTION('',(0.,0.,1.));
#716 = DIRECTION('',(1.,0.,0.));
#717 = DEFINITIONAL_REPRESENTATION('',(#718),#722);
#718 = LINE('',#719,#720);
#719 = CARTESIAN_POINT('',(0.,0.));
#720 = VECTOR('',#721,1.);
#721 = DIRECTION('',(1.,0.));
#722 = ( GEOMETRIC_REPRESENTATION_CONTEXT(2) 
PARAMETRIC_REPRESENTATION_CONTEXT() REPRESENTATION_CONTEXT('2D SPACE',''
  ) );
#723 = ORIENTED_EDGE('',*,*,#724,.F.);
#724 = EDGE_CURVE('',#725,#696,#727,.T.);
#725 = VERTEX_POINT('',#726);
#726 = CARTESIAN_POINT('',(87.5,-40.8,11.));
#727 = SURFACE_CURVE('',#728,(#732,#739),.PCURVE_S1.);
#728 = LINE('',#729,#730);
#729 = CARTESIAN_POINT('',(87.5,0.,11.));
#730 = VECTOR('',#731,1.);
#731 = DIRECTION('',(0.,1.,0.));
#732 = PCURVE('',#126,#733);
#733 = DEFINITIONAL_REPRESENTATION('',(#734),#738);
#734 = LINE('',#735,#736);
#735 = CARTESIAN_POINT('',(187.,56.));
#736 = VECTOR('',#737,1.);
#737 = DIRECTION('',(0.,1.));
#738 = ( GEOMETRIC_REPRESENTATION_CONTEXT(2) 
PARAMETRIC_REPRESENTATION_CONTEXT() REPRESENTATION_CONTEXT('2D SPACE',''
  ) );
#739 = PCURVE('',#740,#745);
#740 = PLANE('',#741);
#741 = AXIS2_PLACEMENT_3D('',#742,#743,#744);
#742 = CARTESIAN_POINT('',(87.5,-40.8,11.));
#743 = DIRECTION('',(1.,0.,0.));
#744 = DIRECTION('',(-0.,1.,0.));
#745 = DEFINITIONAL_REPRESENTATION('',(#746),#750);
#746 = LINE('',#747,#748);
#747 = CARTESIAN_POINT('',(40.8,0.));
#748 = VECTOR('',#749,1.);
#749 = DIRECTION('',(1.,0.));
#750 = ( GEOMETRIC_REPRESENTATION_CONTEXT(2) 
PARAMETRIC_REPRESENTATION_CONTEXT() REPRESENTATION_CONTEXT('2D SPACE',''
  ) );
#751 = ORIENTED_EDGE('',*,*,#752,.F.);
#752 = EDGE_CURVE('',#753,#725,#755,.T.);
#753 = VERTEX_POINT('',#754);
#754 = CARTESIAN_POINT('',(84.3,-44.,11.));
#755 = SURFACE_CURVE('',#756,(#761,#768),.PCURVE_S1.);
#756 = CIRCLE('',#757,3.2);
#757 = AXIS2_PLACEMENT_3D('',#758,#759,#760);
#758 = CARTESIAN_POINT('',(84.3,-40.8,11.));
#759 = DIRECTION('',(0.,0.,1.));
#760 = DIRECTION('',(1.,0.,0.));
#761 = PCURVE('',#126,#762);
#762 = DEFINITIONAL_REPRESENTATION('',(#763),#767);
#763 = CIRCLE('',#764,3.2);
#764 = AXIS2_PLACEMENT_2D('',#765,#766);
#765 = CARTESIAN_POINT('',(183.8,15.2));
#766 = DIRECTION('',(1.,0.));
#767 = ( GEOMETRIC_REPRESENTATION_CONTEXT(2) 
PARAMETRIC_REPRESENTATION_CONTEXT() REPRESENTATION_CONTEXT('2D SPACE',''
  ) );
#768 = PCURVE('',#769,#774);
#769 = CYLINDRICAL_SURFACE('',#770,3.2);
#770 = AXIS2_PLACEMENT_3D('',#771,#772,#773);
#771 = CARTESIAN_POINT('',(84.3,-40.8,11.));
#772 = DIRECTION('',(0.,0.,1.));
#773 = DIRECTION('',(1.,0.,0.));
#774 = DEFINITIONAL_REPRESENTATION('',(#775),#779);
#775 = LINE('',#776,#777);
#776 = CARTESIAN_POINT('',(0.,0.));
#777 = VECTOR('',#778,1.);
#778 = DIRECTION('',(1.,0.));
#779 = ( GEOMETRIC_REPRESENTATION_CONTEXT(2) 
PARAMETRIC_REPRESENTATION_CONTEXT() REPRESENTATION_CONTEXT('2D SPACE',''
  ) );
#780 = ORIENTED_EDGE('',*,*,#781,.F.);
#781 = EDGE_CURVE('',#582,#753,#782,.T.);
#782 = SURFACE_CURVE('',#783,(#787,#794),.PCURVE_S1.);
#783 = LINE('',#784,#785);
#784 = CARTESIAN_POINT('',(0.,-44.,11.));
#785 = VECTOR('',#786,1.);
#786 = DIRECTION('',(1.,0.,0.));
#787 = PCURVE('',#126,#788);
#788 = DEFINITIONAL_REPRESENTATION('',(#789),#793);
#789 = LINE('',#790,#791);
#790 = CARTESIAN_POINT('',(99.5,12.));
#791 = VECTOR('',#792,1.);
#792 = DIRECTION('',(1.,0.));
#793 = ( GEOMETRIC_REPRESENTATION_CONTEXT(2) 
PARAMETRIC_REPRESENTATION_CONTEXT() REPRESENTATION_CONTEXT('2D SPACE',''
  ) );
#794 = PCURVE('',#795,#800);
#795 = PLANE('',#796);
#796 = AXIS2_PLACEMENT_3D('',#797,#798,#799);
#797 = CARTESIAN_POINT('',(-84.3,-44.,11.));
#798 = DIRECTION('',(0.,-1.,0.));
#799 = DIRECTION('',(1.,0.,0.));
#800 = DEFINITIONAL_REPRESENTATION('',(#801),#805);
#801 = LINE('',#802,#803);
#802 = CARTESIAN_POINT('',(84.3,0.));
#803 = VECTOR('',#804,1.);
#804 = DIRECTION('',(1.,0.));
#805 = ( GEOMETRIC_REPRESENTATION_CONTEXT(2) 
PARAMETRIC_REPRESENTATION_CONTEXT() REPRESENTATION_CONTEXT('2D SPACE',''
  ) );
#806 = FACE_BOUND('',#807,.T.);
#807 = EDGE_LOOP('',(#808));
#808 = ORIENTED_EDGE('',*,*,#809,.T.);
#809 = EDGE_CURVE('',#810,#810,#812,.T.);
#810 = VERTEX_POINT('',#811);
#811 = CARTESIAN_POINT('',(87.4,48.,11.));
#812 = SURFACE_CURVE('',#813,(#818,#829),.PCURVE_S1.);
#813 = CIRCLE('',#814,4.1);
#814 = AXIS2_PLACEMENT_3D('',#815,#816,#817);
#815 = CARTESIAN_POINT('',(91.5,48.,11.));
#816 = DIRECTION('',(0.,0.,-1.));
#817 = DIRECTION('',(-1.,0.,0.));
#818 = PCURVE('',#126,#819);
#819 = DEFINITIONAL_REPRESENTATION('',(#820),#828);
#820 = ( BOUNDED_CURVE() B_SPLINE_CURVE(2,(#821,#822,#823,#824,#825,#826
,#827),.UNSPECIFIED.,.T.,.F.) B_SPLINE_CURVE_WITH_KNOTS((1,2,2,2,2,1),(
    -2.094395102393,0.,2.094395102393,4.188790204786,6.28318530718,
8.377580409573),.UNSPECIFIED.) CURVE() GEOMETRIC_REPRESENTATION_ITEM() 
RATIONAL_B_SPLINE_CURVE((1.,0.5,1.,0.5,1.,0.5,1.)) REPRESENTATION_ITEM(
  '') );
#821 = CARTESIAN_POINT('',(186.9,104.));
#822 = CARTESIAN_POINT('',(186.9,111.10140831103));
#823 = CARTESIAN_POINT('',(193.05,107.55070415551));
#824 = CARTESIAN_POINT('',(199.2,104.));
#825 = CARTESIAN_POINT('',(193.05,100.44929584448));
#826 = CARTESIAN_POINT('',(186.9,96.898591688968));
#827 = CARTESIAN_POINT('',(186.9,104.));
#828 = ( GEOMETRIC_REPRESENTATION_CONTEXT(2) 
PARAMETRIC_REPRESENTATION_CONTEXT() REPRESENTATION_CONTEXT('2D SPACE',''
  ) );
#829 = PCURVE('',#830,#835);
#830 = CYLINDRICAL_SURFACE('',#831,4.1);
#831 = AXIS2_PLACEMENT_3D('',#832,#833,#834);
#832 = CARTESIAN_POINT('',(91.5,48.,11.));
#833 = DIRECTION('',(0.,0.,-1.));
#834 = DIRECTION('',(-1.,0.,0.));
#835 = DEFINITIONAL_REPRESENTATION('',(#836),#840);
#836 = LINE('',#837,#838);
#837 = CARTESIAN_POINT('',(0.,0.));
#838 = VECTOR('',#839,1.);
#839 = DIRECTION('',(1.,0.));
#840 = ( GEOMETRIC_REPRESENTATION_CONTEXT(2) 
PARAMETRIC_REPRESENTATION_CONTEXT() REPRESENTATION_CONTEXT('2D SPACE',''
  ) );
#841 = ADVANCED_FACE('',(#842),#100,.T.);
#842 = FACE_BOUND('',#843,.F.);
#843 = EDGE_LOOP('',(#844,#845,#869,#890));
#844 = ORIENTED_EDGE('',*,*,#84,.F.);
#845 = ORIENTED_EDGE('',*,*,#846,.T.);
#846 = EDGE_CURVE('',#57,#847,#849,.T.);
#847 = VERTEX_POINT('',#848);
#848 = CARTESIAN_POINT('',(-96.5,56.,-10.));
#849 = SURFACE_CURVE('',#850,(#855,#862),.PCURVE_S1.);
#850 = CIRCLE('',#851,3.);
#851 = AXIS2_PLACEMENT_3D('',#852,#853,#854);
#852 = CARTESIAN_POINT('',(-96.5,53.,-10.));
#853 = DIRECTION('',(-0.,0.,-1.));
#854 = DIRECTION('',(-1.,0.,0.));
#855 = PCURVE('',#100,#856);
#856 = DEFINITIONAL_REPRESENTATION('',(#857),#861);
#857 = LINE('',#858,#859);
#858 = CARTESIAN_POINT('',(-0.,1.));
#859 = VECTOR('',#860,1.);
#860 = DIRECTION('',(-1.,0.));
#861 = ( GEOMETRIC_REPRESENTATION_CONTEXT(2) 
PARAMETRIC_REPRESENTATION_CONTEXT() REPRESENTATION_CONTEXT('2D SPACE',''
  ) );
#862 = PCURVE('',#288,#863);
#863 = DEFINITIONAL_REPRESENTATION('',(#864),#868);
#864 = LINE('',#865,#866);
#865 = CARTESIAN_POINT('',(0.,0.));
#866 = VECTOR('',#867,1.);
#867 = DIRECTION('',(1.,0.));
#868 = ( GEOMETRIC_REPRESENTATION_CONTEXT(2) 
PARAMETRIC_REPRESENTATION_CONTEXT() REPRESENTATION_CONTEXT('2D SPACE',''
  ) );
#869 = ORIENTED_EDGE('',*,*,#870,.T.);
#870 = EDGE_CURVE('',#847,#419,#871,.T.);
#871 = SURFACE_CURVE('',#872,(#876,#883),.PCURVE_S1.);
#872 = LINE('',#873,#874);
#873 = CARTESIAN_POINT('',(-96.5,56.,-11.));
#874 = VECTOR('',#875,1.);
#875 = DIRECTION('',(0.,0.,1.));
#876 = PCURVE('',#100,#877);
#877 = DEFINITIONAL_REPRESENTATION('',(#878),#882);
#878 = LINE('',#879,#880);
#879 = CARTESIAN_POINT('',(-1.570796326795,0.));
#880 = VECTOR('',#881,1.);
#881 = DIRECTION('',(-0.,1.));
#882 = ( GEOMETRIC_REPRESENTATION_CONTEXT(2) 
PARAMETRIC_REPRESENTATION_CONTEXT() REPRESENTATION_CONTEXT('2D SPACE',''
  ) );
#883 = PCURVE('',#434,#884);
#884 = DEFINITIONAL_REPRESENTATION('',(#885),#889);
#885 = LINE('',#886,#887);
#886 = CARTESIAN_POINT('',(0.,3.));
#887 = VECTOR('',#888,1.);
#888 = DIRECTION('',(1.,0.));
#889 = ( GEOMETRIC_REPRESENTATION_CONTEXT(2) 
PARAMETRIC_REPRESENTATION_CONTEXT() REPRESENTATION_CONTEXT('2D SPACE',''
  ) );
#890 = ORIENTED_EDGE('',*,*,#446,.F.);
#891 = ADVANCED_FACE('',(#892),#159,.T.);
#892 = FACE_BOUND('',#893,.T.);
#893 = EDGE_LOOP('',(#894,#921,#922,#923));
#894 = ORIENTED_EDGE('',*,*,#895,.F.);
#895 = EDGE_CURVE('',#143,#896,#898,.T.);
#896 = VERTEX_POINT('',#897);
#897 = CARTESIAN_POINT('',(-96.5,-55.,-11.));
#898 = SURFACE_CURVE('',#899,(#904,#910),.PCURVE_S1.);
#899 = CIRCLE('',#900,1.);
#900 = AXIS2_PLACEMENT_3D('',#901,#902,#903);
#901 = CARTESIAN_POINT('',(-96.5,-55.,-10.));
#902 = DIRECTION('',(1.,0.,0.));
#903 = DIRECTION('',(0.,-1.,0.));
#904 = PCURVE('',#159,#905);
#905 = DEFINITIONAL_REPRESENTATION('',(#906),#909);
#906 = B_SPLINE_CURVE_WITH_KNOTS('',1,(#907,#908),.UNSPECIFIED.,.F.,.F.,
  (2,2),(0.,1.570796326795),.PIECEWISE_BEZIER_KNOTS.);
#907 = CARTESIAN_POINT('',(0.,0.));
#908 = CARTESIAN_POINT('',(0.,1.570796326795));
#909 = ( GEOMETRIC_REPRESENTATION_CONTEXT(2) 
PARAMETRIC_REPRESENTATION_CONTEXT() REPRESENTATION_CONTEXT('2D SPACE',''
  ) );
#910 = PCURVE('',#911,#916);
#911 = CYLINDRICAL_SURFACE('',#912,1.);
#912 = AXIS2_PLACEMENT_3D('',#913,#914,#915);
#913 = CARTESIAN_POINT('',(96.5,-55.,-10.));
#914 = DIRECTION('',(-1.,-0.,-0.));
#915 = DIRECTION('',(0.,-1.,0.));
#916 = DEFINITIONAL_REPRESENTATION('',(#917),#920);
#917 = B_SPLINE_CURVE_WITH_KNOTS('',1,(#918,#919),.UNSPECIFIED.,.F.,.F.,
  (2,2),(0.,1.570796326795),.PIECEWISE_BEZIER_KNOTS.);
#918 = CARTESIAN_POINT('',(0.,193.));
#919 = CARTESIAN_POINT('',(-1.570796326795,193.));
#920 = ( GEOMETRIC_REPRESENTATION_CONTEXT(2) 
PARAMETRIC_REPRESENTATION_CONTEXT() REPRESENTATION_CONTEXT('2D SPACE',''
  ) );
#921 = ORIENTED_EDGE('',*,*,#142,.T.);
#922 = ORIENTED_EDGE('',*,*,#224,.T.);
#923 = ORIENTED_EDGE('',*,*,#924,.F.);
#924 = EDGE_CURVE('',#896,#225,#925,.T.);
#925 = SURFACE_CURVE('',#926,(#931,#938),.PCURVE_S1.);
#926 = CIRCLE('',#927,2.);
#927 = AXIS2_PLACEMENT_3D('',#928,#929,#930);
#928 = CARTESIAN_POINT('',(-96.5,-53.,-11.));
#929 = DIRECTION('',(-0.,-0.,-1.));
#930 = DIRECTION('',(0.,-1.,0.));
#931 = PCURVE('',#159,#932);
#932 = DEFINITIONAL_REPRESENTATION('',(#933),#937);
#933 = LINE('',#934,#935);
#934 = CARTESIAN_POINT('',(0.,1.570796326795));
#935 = VECTOR('',#936,1.);
#936 = DIRECTION('',(1.,0.));
#937 = ( GEOMETRIC_REPRESENTATION_CONTEXT(2) 
PARAMETRIC_REPRESENTATION_CONTEXT() REPRESENTATION_CONTEXT('2D SPACE',''
  ) );
#938 = PCURVE('',#262,#939);
#939 = DEFINITIONAL_REPRESENTATION('',(#940),#948);
#940 = ( BOUNDED_CURVE() B_SPLINE_CURVE(2,(#941,#942,#943,#944,#945,#946
,#947),.UNSPECIFIED.,.T.,.F.) B_SPLINE_CURVE_WITH_KNOTS((1,2,2,2,2,1),(
    -2.094395102393,0.,2.094395102393,4.188790204786,6.28318530718,
8.377580409573),.UNSPECIFIED.) CURVE() GEOMETRIC_REPRESENTATION_ITEM() 
RATIONAL_B_SPLINE_CURVE((1.,0.5,1.,0.5,1.,0.5,1.)) REPRESENTATION_ITEM(
  '') );
#941 = CARTESIAN_POINT('',(3.,1.));
#942 = CARTESIAN_POINT('',(-0.464101615138,1.));
#943 = CARTESIAN_POINT('',(1.267949192431,4.));
#944 = CARTESIAN_POINT('',(3.,7.));
#945 = CARTESIAN_POINT('',(4.732050807569,4.));
#946 = CARTESIAN_POINT('',(6.464101615138,1.));
#947 = CARTESIAN_POINT('',(3.,1.));
#948 = ( GEOMETRIC_REPRESENTATION_CONTEXT(2) 
PARAMETRIC_REPRESENTATION_CONTEXT() REPRESENTATION_CONTEXT('2D SPACE',''
  ) );
#949 = ADVANCED_FACE('',(#950),#187,.F.);
#950 = FACE_BOUND('',#951,.F.);
#951 = EDGE_LOOP('',(#952,#953,#954,#977));
#952 = ORIENTED_EDGE('',*,*,#171,.T.);
#953 = ORIENTED_EDGE('',*,*,#305,.T.);
#954 = ORIENTED_EDGE('',*,*,#955,.F.);
#955 = EDGE_CURVE('',#956,#306,#958,.T.);
#956 = VERTEX_POINT('',#957);
#957 = CARTESIAN_POINT('',(96.5,-56.,-10.));
#958 = SURFACE_CURVE('',#959,(#963,#970),.PCURVE_S1.);
#959 = LINE('',#960,#961);
#960 = CARTESIAN_POINT('',(96.5,-56.,-11.));
#961 = VECTOR('',#962,1.);
#962 = DIRECTION('',(0.,0.,1.));
#963 = PCURVE('',#187,#964);
#964 = DEFINITIONAL_REPRESENTATION('',(#965),#969);
#965 = LINE('',#966,#967);
#966 = CARTESIAN_POINT('',(0.,196.));
#967 = VECTOR('',#968,1.);
#968 = DIRECTION('',(1.,0.));
#969 = ( GEOMETRIC_REPRESENTATION_CONTEXT(2) 
PARAMETRIC_REPRESENTATION_CONTEXT() REPRESENTATION_CONTEXT('2D SPACE',''
  ) );
#970 = PCURVE('',#349,#971);
#971 = DEFINITIONAL_REPRESENTATION('',(#972),#976);
#972 = LINE('',#973,#974);
#973 = CARTESIAN_POINT('',(-1.570796326795,0.));
#974 = VECTOR('',#975,1.);
#975 = DIRECTION('',(-0.,1.));
#976 = ( GEOMETRIC_REPRESENTATION_CONTEXT(2) 
PARAMETRIC_REPRESENTATION_CONTEXT() REPRESENTATION_CONTEXT('2D SPACE',''
  ) );
#977 = ORIENTED_EDGE('',*,*,#978,.T.);
#978 = EDGE_CURVE('',#956,#143,#979,.T.);
#979 = SURFACE_CURVE('',#980,(#984,#991),.PCURVE_S1.);
#980 = LINE('',#981,#982);
#981 = CARTESIAN_POINT('',(96.5,-56.,-10.));
#982 = VECTOR('',#983,1.);
#983 = DIRECTION('',(-1.,-0.,-0.));
#984 = PCURVE('',#187,#985);
#985 = DEFINITIONAL_REPRESENTATION('',(#986),#990);
#986 = LINE('',#987,#988);
#987 = CARTESIAN_POINT('',(1.,196.));
#988 = VECTOR('',#989,1.);
#989 = DIRECTION('',(-0.,-1.));
#990 = ( GEOMETRIC_REPRESENTATION_CONTEXT(2) 
PARAMETRIC_REPRESENTATION_CONTEXT() REPRESENTATION_CONTEXT('2D SPACE',''
  ) );
#991 = PCURVE('',#911,#992);
#992 = DEFINITIONAL_REPRESENTATION('',(#993),#997);
#993 = LINE('',#994,#995);
#994 = CARTESIAN_POINT('',(-0.,0.));
#995 = VECTOR('',#996,1.);
#996 = DIRECTION('',(-0.,1.));
#997 = ( GEOMETRIC_REPRESENTATION_CONTEXT(2) 
PARAMETRIC_REPRESENTATION_CONTEXT() REPRESENTATION_CONTEXT('2D SPACE',''
  ) );
#998 = ADVANCED_FACE('',(#999),#262,.F.);
#999 = FACE_BOUND('',#1000,.F.);
#1000 = EDGE_LOOP('',(#1001,#1002,#1003,#1026,#1059,#1087,#1120,#1148));
#1001 = ORIENTED_EDGE('',*,*,#246,.F.);
#1002 = ORIENTED_EDGE('',*,*,#924,.F.);
#1003 = ORIENTED_EDGE('',*,*,#1004,.F.);
#1004 = EDGE_CURVE('',#1005,#896,#1007,.T.);
#1005 = VERTEX_POINT('',#1006);
#1006 = CARTESIAN_POINT('',(96.5,-55.,-11.));
#1007 = SURFACE_CURVE('',#1008,(#1012,#1019),.PCURVE_S1.);
#1008 = LINE('',#1009,#1010);
#1009 = CARTESIAN_POINT('',(96.5,-55.,-11.));
#1010 = VECTOR('',#1011,1.);
#1011 = DIRECTION('',(-1.,-0.,-0.));
#1012 = PCURVE('',#262,#1013);
#1013 = DEFINITIONAL_REPRESENTATION('',(#1014),#1018);
#1014 = LINE('',#1015,#1016);
#1015 = CARTESIAN_POINT('',(196.,1.));
#1016 = VECTOR('',#1017,1.);
#1017 = DIRECTION('',(-1.,-0.));
#1018 = ( GEOMETRIC_REPRESENTATION_CONTEXT(2) 
PARAMETRIC_REPRESENTATION_CONTEXT() REPRESENTATION_CONTEXT('2D SPACE',''
  ) );
#1019 = PCURVE('',#911,#1020);
#1020 = DEFINITIONAL_REPRESENTATION('',(#1021),#1025);
#1021 = LINE('',#1022,#1023);
#1022 = CARTESIAN_POINT('',(-1.570796326795,0.));
#1023 = VECTOR('',#1024,1.);
#1024 = DIRECTION('',(-0.,1.));
#1025 = ( GEOMETRIC_REPRESENTATION_CONTEXT(2) 
PARAMETRIC_REPRESENTATION_CONTEXT() REPRESENTATION_CONTEXT('2D SPACE',''
  ) );
#1026 = ORIENTED_EDGE('',*,*,#1027,.F.);
#1027 = EDGE_CURVE('',#1028,#1005,#1030,.T.);
#1028 = VERTEX_POINT('',#1029);
#1029 = CARTESIAN_POINT('',(98.5,-53.,-11.));
#1030 = SURFACE_CURVE('',#1031,(#1036,#1047),.PCURVE_S1.);
#1031 = CIRCLE('',#1032,2.);
#1032 = AXIS2_PLACEMENT_3D('',#1033,#1034,#1035);
#1033 = CARTESIAN_POINT('',(96.5,-53.,-11.));
#1034 = DIRECTION('',(0.,-0.,-1.));
#1035 = DIRECTION('',(1.,0.,-0.));
#1036 = PCURVE('',#262,#1037);
#1037 = DEFINITIONAL_REPRESENTATION('',(#1038),#1046);
#1038 = ( BOUNDED_CURVE() B_SPLINE_CURVE(2,(#1039,#1040,#1041,#1042,
#1043,#1044,#1045),.UNSPECIFIED.,.T.,.F.) B_SPLINE_CURVE_WITH_KNOTS((1,2
    ,2,2,2,1),(-2.094395102393,0.,2.094395102393,4.188790204786,
6.28318530718,8.377580409573),.UNSPECIFIED.) CURVE() 
GEOMETRIC_REPRESENTATION_ITEM() RATIONAL_B_SPLINE_CURVE((1.,0.5,1.,0.5,
1.,0.5,1.)) REPRESENTATION_ITEM('') );
#1039 = CARTESIAN_POINT('',(198.,3.));
#1040 = CARTESIAN_POINT('',(198.,-0.464101615138));
#1041 = CARTESIAN_POINT('',(195.,1.267949192431));
#1042 = CARTESIAN_POINT('',(192.,3.));
#1043 = CARTESIAN_POINT('',(195.,4.732050807569));
#1044 = CARTESIAN_POINT('',(198.,6.464101615138));
#1045 = CARTESIAN_POINT('',(198.,3.));
#1046 = ( GEOMETRIC_REPRESENTATION_CONTEXT(2) 
PARAMETRIC_REPRESENTATION_CONTEXT() REPRESENTATION_CONTEXT('2D SPACE',''
  ) );
#1047 = PCURVE('',#1048,#1053);
#1048 = TOROIDAL_SURFACE('',#1049,2.,1.);
#1049 = AXIS2_PLACEMENT_3D('',#1050,#1051,#1052);
#1050 = CARTESIAN_POINT('',(96.5,-53.,-10.));
#1051 = DIRECTION('',(-0.,-0.,-1.));
#1052 = DIRECTION('',(1.,0.,-0.));
#1053 = DEFINITIONAL_REPRESENTATION('',(#1054),#1058);
#1054 = LINE('',#1055,#1056);
#1055 = CARTESIAN_POINT('',(0.,1.570796326795));
#1056 = VECTOR('',#1057,1.);
#1057 = DIRECTION('',(1.,0.));
#1058 = ( GEOMETRIC_REPRESENTATION_CONTEXT(2) 
PARAMETRIC_REPRESENTATION_CONTEXT() REPRESENTATION_CONTEXT('2D SPACE',''
  ) );
#1059 = ORIENTED_EDGE('',*,*,#1060,.F.);
#1060 = EDGE_CURVE('',#1061,#1028,#1063,.T.);
#1061 = VERTEX_POINT('',#1062);
#1062 = CARTESIAN_POINT('',(98.5,53.,-11.));
#1063 = SURFACE_CURVE('',#1064,(#1068,#1075),.PCURVE_S1.);
#1064 = LINE('',#1065,#1066);
#1065 = CARTESIAN_POINT('',(98.5,53.,-11.));
#1066 = VECTOR('',#1067,1.);
#1067 = DIRECTION('',(-0.,-1.,-0.));
#1068 = PCURVE('',#262,#1069);
#1069 = DEFINITIONAL_REPRESENTATION('',(#1070),#1074);
#1070 = LINE('',#1071,#1072);
#1071 = CARTESIAN_POINT('',(198.,109.));
#1072 = VECTOR('',#1073,1.);
#1073 = DIRECTION('',(-0.,-1.));
#1074 = ( GEOMETRIC_REPRESENTATION_CONTEXT(2) 
PARAMETRIC_REPRESENTATION_CONTEXT() REPRESENTATION_CONTEXT('2D SPACE',''
  ) );
#1075 = PCURVE('',#1076,#1081);
#1076 = CYLINDRICAL_SURFACE('',#1077,1.);
#1077 = AXIS2_PLACEMENT_3D('',#1078,#1079,#1080);
#1078 = CARTESIAN_POINT('',(98.5,53.,-10.));
#1079 = DIRECTION('',(-0.,-1.,-0.));
#1080 = DIRECTION('',(1.,0.,-0.));
#1081 = DEFINITIONAL_REPRESENTATION('',(#1082),#1086);
#1082 = LINE('',#1083,#1084);
#1083 = CARTESIAN_POINT('',(-1.570796326795,0.));
#1084 = VECTOR('',#1085,1.);
#1085 = DIRECTION('',(-0.,1.));
#1086 = ( GEOMETRIC_REPRESENTATION_CONTEXT(2) 
PARAMETRIC_REPRESENTATION_CONTEXT() REPRESENTATION_CONTEXT('2D SPACE',''
  ) );
#1087 = ORIENTED_EDGE('',*,*,#1088,.F.);
#1088 = EDGE_CURVE('',#1089,#1061,#1091,.T.);
#1089 = VERTEX_POINT('',#1090);
#1090 = CARTESIAN_POINT('',(96.5,55.,-11.));
#1091 = SURFACE_CURVE('',#1092,(#1097,#1108),.PCURVE_S1.);
#1092 = CIRCLE('',#1093,2.);
#1093 = AXIS2_PLACEMENT_3D('',#1094,#1095,#1096);
#1094 = CARTESIAN_POINT('',(96.5,53.,-11.));
#1095 = DIRECTION('',(0.,-0.,-1.));
#1096 = DIRECTION('',(0.,1.,-0.));
#1097 = PCURVE('',#262,#1098);
#1098 = DEFINITIONAL_REPRESENTATION('',(#1099),#1107);
#1099 = ( BOUNDED_CURVE() B_SPLINE_CURVE(2,(#1100,#1101,#1102,#1103,
#1104,#1105,#1106),.UNSPECIFIED.,.T.,.F.) B_SPLINE_CURVE_WITH_KNOTS((1,2
    ,2,2,2,1),(-2.094395102393,0.,2.094395102393,4.188790204786,
6.28318530718,8.377580409573),.UNSPECIFIED.) CURVE() 
GEOMETRIC_REPRESENTATION_ITEM() RATIONAL_B_SPLINE_CURVE((1.,0.5,1.,0.5,
1.,0.5,1.)) REPRESENTATION_ITEM('') );
#1100 = CARTESIAN_POINT('',(196.,111.));
#1101 = CARTESIAN_POINT('',(199.46410161513,111.));
#1102 = CARTESIAN_POINT('',(197.73205080756,108.));
#1103 = CARTESIAN_POINT('',(196.,105.));
#1104 = CARTESIAN_POINT('',(194.26794919243,108.));
#1105 = CARTESIAN_POINT('',(192.53589838486,111.));
#1106 = CARTESIAN_POINT('',(196.,111.));
#1107 = ( GEOMETRIC_REPRESENTATION_CONTEXT(2) 
PARAMETRIC_REPRESENTATION_CONTEXT() REPRESENTATION_CONTEXT('2D SPACE',''
  ) );
#1108 = PCURVE('',#1109,#1114);
#1109 = TOROIDAL_SURFACE('',#1110,2.,1.);
#1110 = AXIS2_PLACEMENT_3D('',#1111,#1112,#1113);
#1111 = CARTESIAN_POINT('',(96.5,53.,-10.));
#1112 = DIRECTION('',(-0.,-0.,-1.));
#1113 = DIRECTION('',(0.,1.,-0.));
#1114 = DEFINITIONAL_REPRESENTATION('',(#1115),#1119);
#1115 = LINE('',#1116,#1117);
#1116 = CARTESIAN_POINT('',(0.,1.570796326795));
#1117 = VECTOR('',#1118,1.);
#1118 = DIRECTION('',(1.,0.));
#1119 = ( GEOMETRIC_REPRESENTATION_CONTEXT(2) 
PARAMETRIC_REPRESENTATION_CONTEXT() REPRESENTATION_CONTEXT('2D SPACE',''
  ) );
#1120 = ORIENTED_EDGE('',*,*,#1121,.F.);
#1121 = EDGE_CURVE('',#1122,#1089,#1124,.T.);
#1122 = VERTEX_POINT('',#1123);
#1123 = CARTESIAN_POINT('',(-96.5,55.,-11.));
#1124 = SURFACE_CURVE('',#1125,(#1129,#1136),.PCURVE_S1.);
#1125 = LINE('',#1126,#1127);
#1126 = CARTESIAN_POINT('',(-96.5,55.,-11.));
#1127 = VECTOR('',#1128,1.);
#1128 = DIRECTION('',(1.,0.,0.));
#1129 = PCURVE('',#262,#1130);
#1130 = DEFINITIONAL_REPRESENTATION('',(#1131),#1135);
#1131 = LINE('',#1132,#1133);
#1132 = CARTESIAN_POINT('',(3.,111.));
#1133 = VECTOR('',#1134,1.);
#1134 = DIRECTION('',(1.,0.));
#1135 = ( GEOMETRIC_REPRESENTATION_CONTEXT(2) 
PARAMETRIC_REPRESENTATION_CONTEXT() REPRESENTATION_CONTEXT('2D SPACE',''
  ) );
#1136 = PCURVE('',#1137,#1142);
#1137 = CYLINDRICAL_SURFACE('',#1138,1.);
#1138 = AXIS2_PLACEMENT_3D('',#1139,#1140,#1141);
#1139 = CARTESIAN_POINT('',(-96.5,55.,-10.));
#1140 = DIRECTION('',(1.,0.,0.));
#1141 = DIRECTION('',(-0.,1.,0.));
#1142 = DEFINITIONAL_REPRESENTATION('',(#1143),#1147);
#1143 = LINE('',#1144,#1145);
#1144 = CARTESIAN_POINT('',(-1.570796326795,0.));
#1145 = VECTOR('',#1146,1.);
#1146 = DIRECTION('',(-0.,1.));
#1147 = ( GEOMETRIC_REPRESENTATION_CONTEXT(2) 
PARAMETRIC_REPRESENTATION_CONTEXT() REPRESENTATION_CONTEXT('2D SPACE',''
  ) );
#1148 = ORIENTED_EDGE('',*,*,#1149,.F.);
#1149 = EDGE_CURVE('',#247,#1122,#1150,.T.);
#1150 = SURFACE_CURVE('',#1151,(#1156,#1167),.PCURVE_S1.);
#1151 = CIRCLE('',#1152,2.);
#1152 = AXIS2_PLACEMENT_3D('',#1153,#1154,#1155);
#1153 = CARTESIAN_POINT('',(-96.5,53.,-11.));
#1154 = DIRECTION('',(-0.,0.,-1.));
#1155 = DIRECTION('',(-1.,0.,0.));
#1156 = PCURVE('',#262,#1157);
#1157 = DEFINITIONAL_REPRESENTATION('',(#1158),#1166);
#1158 = ( BOUNDED_CURVE() B_SPLINE_CURVE(2,(#1159,#1160,#1161,#1162,
#1163,#1164,#1165),.UNSPECIFIED.,.T.,.F.) B_SPLINE_CURVE_WITH_KNOTS((1,2
    ,2,2,2,1),(-2.094395102393,0.,2.094395102393,4.188790204786,
6.28318530718,8.377580409573),.UNSPECIFIED.) CURVE() 
GEOMETRIC_REPRESENTATION_ITEM() RATIONAL_B_SPLINE_CURVE((1.,0.5,1.,0.5,
1.,0.5,1.)) REPRESENTATION_ITEM('') );
#1159 = CARTESIAN_POINT('',(1.,109.));
#1160 = CARTESIAN_POINT('',(1.,112.46410161513));
#1161 = CARTESIAN_POINT('',(4.,110.73205080756));
#1162 = CARTESIAN_POINT('',(7.,109.));
#1163 = CARTESIAN_POINT('',(4.,107.26794919243));
#1164 = CARTESIAN_POINT('',(1.,105.53589838486));
#1165 = CARTESIAN_POINT('',(1.,109.));
#1166 = ( GEOMETRIC_REPRESENTATION_CONTEXT(2) 
PARAMETRIC_REPRESENTATION_CONTEXT() REPRESENTATION_CONTEXT('2D SPACE',''
  ) );
#1167 = PCURVE('',#288,#1168);
#1168 = DEFINITIONAL_REPRESENTATION('',(#1169),#1173);
#1169 = LINE('',#1170,#1171);
#1170 = CARTESIAN_POINT('',(0.,1.570796326795));
#1171 = VECTOR('',#1172,1.);
#1172 = DIRECTION('',(1.,0.));
#1173 = ( GEOMETRIC_REPRESENTATION_CONTEXT(2) 
PARAMETRIC_REPRESENTATION_CONTEXT() REPRESENTATION_CONTEXT('2D SPACE',''
  ) );
#1174 = ADVANCED_FACE('',(#1175),#288,.T.);
#1175 = FACE_BOUND('',#1176,.T.);
#1176 = EDGE_LOOP('',(#1177,#1178,#1179,#1199));
#1177 = ORIENTED_EDGE('',*,*,#274,.F.);
#1178 = ORIENTED_EDGE('',*,*,#846,.T.);
#1179 = ORIENTED_EDGE('',*,*,#1180,.T.);
#1180 = EDGE_CURVE('',#847,#1122,#1181,.T.);
#1181 = SURFACE_CURVE('',#1182,(#1187,#1193),.PCURVE_S1.);
#1182 = CIRCLE('',#1183,1.);
#1183 = AXIS2_PLACEMENT_3D('',#1184,#1185,#1186);
#1184 = CARTESIAN_POINT('',(-96.5,55.,-10.));
#1185 = DIRECTION('',(-1.,-6.123233995737E-17,0.));
#1186 = DIRECTION('',(-6.123233995737E-17,1.,0.));
#1187 = PCURVE('',#288,#1188);
#1188 = DEFINITIONAL_REPRESENTATION('',(#1189),#1192);
#1189 = B_SPLINE_CURVE_WITH_KNOTS('',1,(#1190,#1191),.UNSPECIFIED.,.F.,
  .F.,(2,2),(0.,1.570796326795),.PIECEWISE_BEZIER_KNOTS.);
#1190 = CARTESIAN_POINT('',(1.570796326795,0.));
#1191 = CARTESIAN_POINT('',(1.570796326795,1.570796326795));
#1192 = ( GEOMETRIC_REPRESENTATION_CONTEXT(2) 
PARAMETRIC_REPRESENTATION_CONTEXT() REPRESENTATION_CONTEXT('2D SPACE',''
  ) );
#1193 = PCURVE('',#1137,#1194);
#1194 = DEFINITIONAL_REPRESENTATION('',(#1195),#1198);
#1195 = B_SPLINE_CURVE_WITH_KNOTS('',1,(#1196,#1197),.UNSPECIFIED.,.F.,
  .F.,(2,2),(0.,1.570796326795),.PIECEWISE_BEZIER_KNOTS.);
#1196 = CARTESIAN_POINT('',(0.,0.));
#1197 = CARTESIAN_POINT('',(-1.570796326795,0.));
#1198 = ( GEOMETRIC_REPRESENTATION_CONTEXT(2) 
PARAMETRIC_REPRESENTATION_CONTEXT() REPRESENTATION_CONTEXT('2D SPACE',''
  ) );
#1199 = ORIENTED_EDGE('',*,*,#1149,.F.);
#1200 = ADVANCED_FACE('',(#1201),#434,.T.);
#1201 = FACE_BOUND('',#1202,.T.);
#1202 = EDGE_LOOP('',(#1203,#1204,#1205,#1228));
#1203 = ORIENTED_EDGE('',*,*,#870,.T.);
#1204 = ORIENTED_EDGE('',*,*,#418,.T.);
#1205 = ORIENTED_EDGE('',*,*,#1206,.F.);
#1206 = EDGE_CURVE('',#1207,#390,#1209,.T.);
#1207 = VERTEX_POINT('',#1208);
#1208 = CARTESIAN_POINT('',(96.5,56.,-10.));
#1209 = SURFACE_CURVE('',#1210,(#1214,#1221),.PCURVE_S1.);
#1210 = LINE('',#1211,#1212);
#1211 = CARTESIAN_POINT('',(96.5,56.,-11.));
#1212 = VECTOR('',#1213,1.);
#1213 = DIRECTION('',(0.,0.,1.));
#1214 = PCURVE('',#434,#1215);
#1215 = DEFINITIONAL_REPRESENTATION('',(#1216),#1220);
#1216 = LINE('',#1217,#1218);
#1217 = CARTESIAN_POINT('',(0.,196.));
#1218 = VECTOR('',#1219,1.);
#1219 = DIRECTION('',(1.,0.));
#1220 = ( GEOMETRIC_REPRESENTATION_CONTEXT(2) 
PARAMETRIC_REPRESENTATION_CONTEXT() REPRESENTATION_CONTEXT('2D SPACE',''
  ) );
#1221 = PCURVE('',#406,#1222);
#1222 = DEFINITIONAL_REPRESENTATION('',(#1223),#1227);
#1223 = LINE('',#1224,#1225);
#1224 = CARTESIAN_POINT('',(1.570796326795,0.));
#1225 = VECTOR('',#1226,1.);
#1226 = DIRECTION('',(0.,1.));
#1227 = ( GEOMETRIC_REPRESENTATION_CONTEXT(2) 
PARAMETRIC_REPRESENTATION_CONTEXT() REPRESENTATION_CONTEXT('2D SPACE',''
  ) );
#1228 = ORIENTED_EDGE('',*,*,#1229,.F.);
#1229 = EDGE_CURVE('',#847,#1207,#1230,.T.);
#1230 = SURFACE_CURVE('',#1231,(#1235,#1242),.PCURVE_S1.);
#1231 = LINE('',#1232,#1233);
#1232 = CARTESIAN_POINT('',(-96.5,56.,-10.));
#1233 = VECTOR('',#1234,1.);
#1234 = DIRECTION('',(1.,0.,0.));
#1235 = PCURVE('',#434,#1236);
#1236 = DEFINITIONAL_REPRESENTATION('',(#1237),#1241);
#1237 = LINE('',#1238,#1239);
#1238 = CARTESIAN_POINT('',(1.,3.));
#1239 = VECTOR('',#1240,1.);
#1240 = DIRECTION('',(0.,1.));
#1241 = ( GEOMETRIC_REPRESENTATION_CONTEXT(2) 
PARAMETRIC_REPRESENTATION_CONTEXT() REPRESENTATION_CONTEXT('2D SPACE',''
  ) );
#1242 = PCURVE('',#1137,#1243);
#1243 = DEFINITIONAL_REPRESENTATION('',(#1244),#1248);
#1244 = LINE('',#1245,#1246);
#1245 = CARTESIAN_POINT('',(-0.,0.));
#1246 = VECTOR('',#1247,1.);
#1247 = DIRECTION('',(-0.,1.));
#1248 = ( GEOMETRIC_REPRESENTATION_CONTEXT(2) 
PARAMETRIC_REPRESENTATION_CONTEXT() REPRESENTATION_CONTEXT('2D SPACE',''
  ) );
#1249 = ADVANCED_FACE('',(#1250),#349,.T.);
#1250 = FACE_BOUND('',#1251,.F.);
#1251 = EDGE_LOOP('',(#1252,#1275,#1297,#1298));
#1252 = ORIENTED_EDGE('',*,*,#1253,.F.);
#1253 = EDGE_CURVE('',#1254,#329,#1256,.T.);
#1254 = VERTEX_POINT('',#1255);
#1255 = CARTESIAN_POINT('',(99.5,-53.,-10.));
#1256 = SURFACE_CURVE('',#1257,(#1261,#1268),.PCURVE_S1.);
#1257 = LINE('',#1258,#1259);
#1258 = CARTESIAN_POINT('',(99.5,-53.,-11.));
#1259 = VECTOR('',#1260,1.);
#1260 = DIRECTION('',(0.,0.,1.));
#1261 = PCURVE('',#349,#1262);
#1262 = DEFINITIONAL_REPRESENTATION('',(#1263),#1267);
#1263 = LINE('',#1264,#1265);
#1264 = CARTESIAN_POINT('',(-0.,0.));
#1265 = VECTOR('',#1266,1.);
#1266 = DIRECTION('',(-0.,1.));
#1267 = ( GEOMETRIC_REPRESENTATION_CONTEXT(2) 
PARAMETRIC_REPRESENTATION_CONTEXT() REPRESENTATION_CONTEXT('2D SPACE',''
  ) );
#1268 = PCURVE('',#377,#1269);
#1269 = DEFINITIONAL_REPRESENTATION('',(#1270),#1274);
#1270 = LINE('',#1271,#1272);
#1271 = CARTESIAN_POINT('',(0.,-3.));
#1272 = VECTOR('',#1273,1.);
#1273 = DIRECTION('',(1.,0.));
#1274 = ( GEOMETRIC_REPRESENTATION_CONTEXT(2) 
PARAMETRIC_REPRESENTATION_CONTEXT() REPRESENTATION_CONTEXT('2D SPACE',''
  ) );
#1275 = ORIENTED_EDGE('',*,*,#1276,.T.);
#1276 = EDGE_CURVE('',#1254,#956,#1277,.T.);
#1277 = SURFACE_CURVE('',#1278,(#1283,#1290),.PCURVE_S1.);
#1278 = CIRCLE('',#1279,3.);
#1279 = AXIS2_PLACEMENT_3D('',#1280,#1281,#1282);
#1280 = CARTESIAN_POINT('',(96.5,-53.,-10.));
#1281 = DIRECTION('',(0.,-0.,-1.));
#1282 = DIRECTION('',(1.,0.,-0.));
#1283 = PCURVE('',#349,#1284);
#1284 = DEFINITIONAL_REPRESENTATION('',(#1285),#1289);
#1285 = LINE('',#1286,#1287);
#1286 = CARTESIAN_POINT('',(-0.,1.));
#1287 = VECTOR('',#1288,1.);
#1288 = DIRECTION('',(-1.,0.));
#1289 = ( GEOMETRIC_REPRESENTATION_CONTEXT(2) 
PARAMETRIC_REPRESENTATION_CONTEXT() REPRESENTATION_CONTEXT('2D SPACE',''
  ) );
#1290 = PCURVE('',#1048,#1291);
#1291 = DEFINITIONAL_REPRESENTATION('',(#1292),#1296);
#1292 = LINE('',#1293,#1294);
#1293 = CARTESIAN_POINT('',(0.,0.));
#1294 = VECTOR('',#1295,1.);
#1295 = DIRECTION('',(1.,0.));
#1296 = ( GEOMETRIC_REPRESENTATION_CONTEXT(2) 
PARAMETRIC_REPRESENTATION_CONTEXT() REPRESENTATION_CONTEXT('2D SPACE',''
  ) );
#1297 = ORIENTED_EDGE('',*,*,#955,.T.);
#1298 = ORIENTED_EDGE('',*,*,#328,.F.);
#1299 = ADVANCED_FACE('',(#1300),#406,.T.);
#1300 = FACE_BOUND('',#1301,.T.);
#1301 = EDGE_LOOP('',(#1302,#1325,#1347,#1348));
#1302 = ORIENTED_EDGE('',*,*,#1303,.F.);
#1303 = EDGE_CURVE('',#1304,#362,#1306,.T.);
#1304 = VERTEX_POINT('',#1305);
#1305 = CARTESIAN_POINT('',(99.5,53.,-10.));
#1306 = SURFACE_CURVE('',#1307,(#1311,#1318),.PCURVE_S1.);
#1307 = LINE('',#1308,#1309);
#1308 = CARTESIAN_POINT('',(99.5,53.,-11.));
#1309 = VECTOR('',#1310,1.);
#1310 = DIRECTION('',(0.,0.,1.));
#1311 = PCURVE('',#406,#1312);
#1312 = DEFINITIONAL_REPRESENTATION('',(#1313),#1317);
#1313 = LINE('',#1314,#1315);
#1314 = CARTESIAN_POINT('',(0.,0.));
#1315 = VECTOR('',#1316,1.);
#1316 = DIRECTION('',(0.,1.));
#1317 = ( GEOMETRIC_REPRESENTATION_CONTEXT(2) 
PARAMETRIC_REPRESENTATION_CONTEXT() REPRESENTATION_CONTEXT('2D SPACE',''
  ) );
#1318 = PCURVE('',#377,#1319);
#1319 = DEFINITIONAL_REPRESENTATION('',(#1320),#1324);
#1320 = LINE('',#1321,#1322);
#1321 = CARTESIAN_POINT('',(0.,-109.));
#1322 = VECTOR('',#1323,1.);
#1323 = DIRECTION('',(1.,0.));
#1324 = ( GEOMETRIC_REPRESENTATION_CONTEXT(2) 
PARAMETRIC_REPRESENTATION_CONTEXT() REPRESENTATION_CONTEXT('2D SPACE',''
  ) );
#1325 = ORIENTED_EDGE('',*,*,#1326,.F.);
#1326 = EDGE_CURVE('',#1207,#1304,#1327,.T.);
#1327 = SURFACE_CURVE('',#1328,(#1333,#1340),.PCURVE_S1.);
#1328 = CIRCLE('',#1329,3.);
#1329 = AXIS2_PLACEMENT_3D('',#1330,#1331,#1332);
#1330 = CARTESIAN_POINT('',(96.5,53.,-10.));
#1331 = DIRECTION('',(0.,-0.,-1.));
#1332 = DIRECTION('',(0.,1.,-0.));
#1333 = PCURVE('',#406,#1334);
#1334 = DEFINITIONAL_REPRESENTATION('',(#1335),#1339);
#1335 = LINE('',#1336,#1337);
#1336 = CARTESIAN_POINT('',(1.570796326795,1.));
#1337 = VECTOR('',#1338,1.);
#1338 = DIRECTION('',(-1.,-0.));
#1339 = ( GEOMETRIC_REPRESENTATION_CONTEXT(2) 
PARAMETRIC_REPRESENTATION_CONTEXT() REPRESENTATION_CONTEXT('2D SPACE',''
  ) );
#1340 = PCURVE('',#1109,#1341);
#1341 = DEFINITIONAL_REPRESENTATION('',(#1342),#1346);
#1342 = LINE('',#1343,#1344);
#1343 = CARTESIAN_POINT('',(0.,0.));
#1344 = VECTOR('',#1345,1.);
#1345 = DIRECTION('',(1.,0.));
#1346 = ( GEOMETRIC_REPRESENTATION_CONTEXT(2) 
PARAMETRIC_REPRESENTATION_CONTEXT() REPRESENTATION_CONTEXT('2D SPACE',''
  ) );
#1347 = ORIENTED_EDGE('',*,*,#1206,.T.);
#1348 = ORIENTED_EDGE('',*,*,#389,.F.);
#1349 = ADVANCED_FACE('',(#1350),#377,.T.);
#1350 = FACE_BOUND('',#1351,.T.);
#1351 = EDGE_LOOP('',(#1352,#1353,#1374,#1375));
#1352 = ORIENTED_EDGE('',*,*,#1253,.F.);
#1353 = ORIENTED_EDGE('',*,*,#1354,.F.);
#1354 = EDGE_CURVE('',#1304,#1254,#1355,.T.);
#1355 = SURFACE_CURVE('',#1356,(#1360,#1367),.PCURVE_S1.);
#1356 = LINE('',#1357,#1358);
#1357 = CARTESIAN_POINT('',(99.5,53.,-10.));
#1358 = VECTOR('',#1359,1.);
#1359 = DIRECTION('',(-0.,-1.,-0.));
#1360 = PCURVE('',#377,#1361);
#1361 = DEFINITIONAL_REPRESENTATION('',(#1362),#1366);
#1362 = LINE('',#1363,#1364);
#1363 = CARTESIAN_POINT('',(1.,-109.));
#1364 = VECTOR('',#1365,1.);
#1365 = DIRECTION('',(-0.,1.));
#1366 = ( GEOMETRIC_REPRESENTATION_CONTEXT(2) 
PARAMETRIC_REPRESENTATION_CONTEXT() REPRESENTATION_CONTEXT('2D SPACE',''
  ) );
#1367 = PCURVE('',#1076,#1368);
#1368 = DEFINITIONAL_REPRESENTATION('',(#1369),#1373);
#1369 = LINE('',#1370,#1371);
#1370 = CARTESIAN_POINT('',(-0.,0.));
#1371 = VECTOR('',#1372,1.);
#1372 = DIRECTION('',(-0.,1.));
#1373 = ( GEOMETRIC_REPRESENTATION_CONTEXT(2) 
PARAMETRIC_REPRESENTATION_CONTEXT() REPRESENTATION_CONTEXT('2D SPACE',''
  ) );
#1374 = ORIENTED_EDGE('',*,*,#1303,.T.);
#1375 = ORIENTED_EDGE('',*,*,#361,.F.);
#1376 = ADVANCED_FACE('',(#1377),#495,.F.);
#1377 = FACE_BOUND('',#1378,.F.);
#1378 = EDGE_LOOP('',(#1379,#1408,#1429,#1430));
#1379 = ORIENTED_EDGE('',*,*,#1380,.F.);
#1380 = EDGE_CURVE('',#1381,#1381,#1383,.T.);
#1381 = VERTEX_POINT('',#1382);
#1382 = CARTESIAN_POINT('',(-95.6,-48.,7.8));
#1383 = SURFACE_CURVE('',#1384,(#1389,#1396),.PCURVE_S1.);
#1384 = CIRCLE('',#1385,4.1);
#1385 = AXIS2_PLACEMENT_3D('',#1386,#1387,#1388);
#1386 = CARTESIAN_POINT('',(-91.5,-48.,7.8));
#1387 = DIRECTION('',(0.,0.,-1.));
#1388 = DIRECTION('',(-1.,0.,0.));
#1389 = PCURVE('',#495,#1390);
#1390 = DEFINITIONAL_REPRESENTATION('',(#1391),#1395);
#1391 = LINE('',#1392,#1393);
#1392 = CARTESIAN_POINT('',(0.,3.2));
#1393 = VECTOR('',#1394,1.);
#1394 = DIRECTION('',(1.,0.));
#1395 = ( GEOMETRIC_REPRESENTATION_CONTEXT(2) 
PARAMETRIC_REPRESENTATION_CONTEXT() REPRESENTATION_CONTEXT('2D SPACE',''
  ) );
#1396 = PCURVE('',#1397,#1402);
#1397 = PLANE('',#1398);
#1398 = AXIS2_PLACEMENT_3D('',#1399,#1400,#1401);
#1399 = CARTESIAN_POINT('',(-91.5,-48.,7.8));
#1400 = DIRECTION('',(0.,0.,-1.));
#1401 = DIRECTION('',(-1.,0.,0.));
#1402 = DEFINITIONAL_REPRESENTATION('',(#1403),#1407);
#1403 = CIRCLE('',#1404,4.1);
#1404 = AXIS2_PLACEMENT_2D('',#1405,#1406);
#1405 = CARTESIAN_POINT('',(0.,0.));
#1406 = DIRECTION('',(1.,0.));
#1407 = ( GEOMETRIC_REPRESENTATION_CONTEXT(2) 
PARAMETRIC_REPRESENTATION_CONTEXT() REPRESENTATION_CONTEXT('2D SPACE',''
  ) );
#1408 = ORIENTED_EDGE('',*,*,#1409,.F.);
#1409 = EDGE_CURVE('',#475,#1381,#1410,.T.);
#1410 = SEAM_CURVE('',#1411,(#1415,#1422),.PCURVE_S1.);
#1411 = LINE('',#1412,#1413);
#1412 = CARTESIAN_POINT('',(-95.6,-48.,11.));
#1413 = VECTOR('',#1414,1.);
#1414 = DIRECTION('',(0.,0.,-1.));
#1415 = PCURVE('',#495,#1416);
#1416 = DEFINITIONAL_REPRESENTATION('',(#1417),#1421);
#1417 = LINE('',#1418,#1419);
#1418 = CARTESIAN_POINT('',(6.28318530718,-0.));
#1419 = VECTOR('',#1420,1.);
#1420 = DIRECTION('',(0.,1.));
#1421 = ( GEOMETRIC_REPRESENTATION_CONTEXT(2) 
PARAMETRIC_REPRESENTATION_CONTEXT() REPRESENTATION_CONTEXT('2D SPACE',''
  ) );
#1422 = PCURVE('',#495,#1423);
#1423 = DEFINITIONAL_REPRESENTATION('',(#1424),#1428);
#1424 = LINE('',#1425,#1426);
#1425 = CARTESIAN_POINT('',(0.,-0.));
#1426 = VECTOR('',#1427,1.);
#1427 = DIRECTION('',(0.,1.));
#1428 = ( GEOMETRIC_REPRESENTATION_CONTEXT(2) 
PARAMETRIC_REPRESENTATION_CONTEXT() REPRESENTATION_CONTEXT('2D SPACE',''
  ) );
#1429 = ORIENTED_EDGE('',*,*,#474,.T.);
#1430 = ORIENTED_EDGE('',*,*,#1409,.T.);
#1431 = ADVANCED_FACE('',(#1432),#530,.F.);
#1432 = FACE_BOUND('',#1433,.F.);
#1433 = EDGE_LOOP('',(#1434,#1463,#1484,#1485));
#1434 = ORIENTED_EDGE('',*,*,#1435,.F.);
#1435 = EDGE_CURVE('',#1436,#1436,#1438,.T.);
#1436 = VERTEX_POINT('',#1437);
#1437 = CARTESIAN_POINT('',(87.4,-48.,7.8));
#1438 = SURFACE_CURVE('',#1439,(#1444,#1451),.PCURVE_S1.);
#1439 = CIRCLE('',#1440,4.1);
#1440 = AXIS2_PLACEMENT_3D('',#1441,#1442,#1443);
#1441 = CARTESIAN_POINT('',(91.5,-48.,7.8));
#1442 = DIRECTION('',(0.,0.,-1.));
#1443 = DIRECTION('',(-1.,0.,0.));
#1444 = PCURVE('',#530,#1445);
#1445 = DEFINITIONAL_REPRESENTATION('',(#1446),#1450);
#1446 = LINE('',#1447,#1448);
#1447 = CARTESIAN_POINT('',(0.,3.2));
#1448 = VECTOR('',#1449,1.);
#1449 = DIRECTION('',(1.,0.));
#1450 = ( GEOMETRIC_REPRESENTATION_CONTEXT(2) 
PARAMETRIC_REPRESENTATION_CONTEXT() REPRESENTATION_CONTEXT('2D SPACE',''
  ) );
#1451 = PCURVE('',#1452,#1457);
#1452 = PLANE('',#1453);
#1453 = AXIS2_PLACEMENT_3D('',#1454,#1455,#1456);
#1454 = CARTESIAN_POINT('',(91.5,-48.,7.8));
#1455 = DIRECTION('',(0.,0.,-1.));
#1456 = DIRECTION('',(-1.,0.,0.));
#1457 = DEFINITIONAL_REPRESENTATION('',(#1458),#1462);
#1458 = CIRCLE('',#1459,4.1);
#1459 = AXIS2_PLACEMENT_2D('',#1460,#1461);
#1460 = CARTESIAN_POINT('',(0.,0.));
#1461 = DIRECTION('',(1.,0.));
#1462 = ( GEOMETRIC_REPRESENTATION_CONTEXT(2) 
PARAMETRIC_REPRESENTATION_CONTEXT() REPRESENTATION_CONTEXT('2D SPACE',''
  ) );
#1463 = ORIENTED_EDGE('',*,*,#1464,.F.);
#1464 = EDGE_CURVE('',#510,#1436,#1465,.T.);
#1465 = SEAM_CURVE('',#1466,(#1470,#1477),.PCURVE_S1.);
#1466 = LINE('',#1467,#1468);
#1467 = CARTESIAN_POINT('',(87.4,-48.,11.));
#1468 = VECTOR('',#1469,1.);
#1469 = DIRECTION('',(0.,0.,-1.));
#1470 = PCURVE('',#530,#1471);
#1471 = DEFINITIONAL_REPRESENTATION('',(#1472),#1476);
#1472 = LINE('',#1473,#1474);
#1473 = CARTESIAN_POINT('',(6.28318530718,-0.));
#1474 = VECTOR('',#1475,1.);
#1475 = DIRECTION('',(0.,1.));
#1476 = ( GEOMETRIC_REPRESENTATION_CONTEXT(2) 
PARAMETRIC_REPRESENTATION_CONTEXT() REPRESENTATION_CONTEXT('2D SPACE',''
  ) );
#1477 = PCURVE('',#530,#1478);
#1478 = DEFINITIONAL_REPRESENTATION('',(#1479),#1483);
#1479 = LINE('',#1480,#1481);
#1480 = CARTESIAN_POINT('',(0.,-0.));
#1481 = VECTOR('',#1482,1.);
#1482 = DIRECTION('',(0.,1.));
#1483 = ( GEOMETRIC_REPRESENTATION_CONTEXT(2) 
PARAMETRIC_REPRESENTATION_CONTEXT() REPRESENTATION_CONTEXT('2D SPACE',''
  ) );
#1484 = ORIENTED_EDGE('',*,*,#509,.T.);
#1485 = ORIENTED_EDGE('',*,*,#1464,.T.);
#1486 = ADVANCED_FACE('',(#1487),#565,.F.);
#1487 = FACE_BOUND('',#1488,.F.);
#1488 = EDGE_LOOP('',(#1489,#1518,#1539,#1540));
#1489 = ORIENTED_EDGE('',*,*,#1490,.F.);
#1490 = EDGE_CURVE('',#1491,#1491,#1493,.T.);
#1491 = VERTEX_POINT('',#1492);
#1492 = CARTESIAN_POINT('',(-95.6,48.,7.8));
#1493 = SURFACE_CURVE('',#1494,(#1499,#1506),.PCURVE_S1.);
#1494 = CIRCLE('',#1495,4.1);
#1495 = AXIS2_PLACEMENT_3D('',#1496,#1497,#1498);
#1496 = CARTESIAN_POINT('',(-91.5,48.,7.8));
#1497 = DIRECTION('',(0.,0.,-1.));
#1498 = DIRECTION('',(-1.,0.,0.));
#1499 = PCURVE('',#565,#1500);
#1500 = DEFINITIONAL_REPRESENTATION('',(#1501),#1505);
#1501 = LINE('',#1502,#1503);
#1502 = CARTESIAN_POINT('',(0.,3.2));
#1503 = VECTOR('',#1504,1.);
#1504 = DIRECTION('',(1.,0.));
#1505 = ( GEOMETRIC_REPRESENTATION_CONTEXT(2) 
PARAMETRIC_REPRESENTATION_CONTEXT() REPRESENTATION_CONTEXT('2D SPACE',''
  ) );
#1506 = PCURVE('',#1507,#1512);
#1507 = PLANE('',#1508);
#1508 = AXIS2_PLACEMENT_3D('',#1509,#1510,#1511);
#1509 = CARTESIAN_POINT('',(-91.5,48.,7.8));
#1510 = DIRECTION('',(0.,0.,-1.));
#1511 = DIRECTION('',(-1.,0.,0.));
#1512 = DEFINITIONAL_REPRESENTATION('',(#1513),#1517);
#1513 = CIRCLE('',#1514,4.1);
#1514 = AXIS2_PLACEMENT_2D('',#1515,#1516);
#1515 = CARTESIAN_POINT('',(0.,0.));
#1516 = DIRECTION('',(1.,0.));
#1517 = ( GEOMETRIC_REPRESENTATION_CONTEXT(2) 
PARAMETRIC_REPRESENTATION_CONTEXT() REPRESENTATION_CONTEXT('2D SPACE',''
  ) );
#1518 = ORIENTED_EDGE('',*,*,#1519,.F.);
#1519 = EDGE_CURVE('',#545,#1491,#1520,.T.);
#1520 = SEAM_CURVE('',#1521,(#1525,#1532),.PCURVE_S1.);
#1521 = LINE('',#1522,#1523);
#1522 = CARTESIAN_POINT('',(-95.6,48.,11.));
#1523 = VECTOR('',#1524,1.);
#1524 = DIRECTION('',(0.,0.,-1.));
#1525 = PCURVE('',#565,#1526);
#1526 = DEFINITIONAL_REPRESENTATION('',(#1527),#1531);
#1527 = LINE('',#1528,#1529);
#1528 = CARTESIAN_POINT('',(6.28318530718,-0.));
#1529 = VECTOR('',#1530,1.);
#1530 = DIRECTION('',(0.,1.));
#1531 = ( GEOMETRIC_REPRESENTATION_CONTEXT(2) 
PARAMETRIC_REPRESENTATION_CONTEXT() REPRESENTATION_CONTEXT('2D SPACE',''
  ) );
#1532 = PCURVE('',#565,#1533);
#1533 = DEFINITIONAL_REPRESENTATION('',(#1534),#1538);
#1534 = LINE('',#1535,#1536);
#1535 = CARTESIAN_POINT('',(0.,-0.));
#1536 = VECTOR('',#1537,1.);
#1537 = DIRECTION('',(0.,1.));
#1538 = ( GEOMETRIC_REPRESENTATION_CONTEXT(2) 
PARAMETRIC_REPRESENTATION_CONTEXT() REPRESENTATION_CONTEXT('2D SPACE',''
  ) );
#1539 = ORIENTED_EDGE('',*,*,#544,.T.);
#1540 = ORIENTED_EDGE('',*,*,#1519,.T.);
#1541 = ADVANCED_FACE('',(#1542),#598,.F.);
#1542 = FACE_BOUND('',#1543,.F.);
#1543 = EDGE_LOOP('',(#1544,#1567,#1596,#1617));
#1544 = ORIENTED_EDGE('',*,*,#1545,.T.);
#1545 = EDGE_CURVE('',#580,#1546,#1548,.T.);
#1546 = VERTEX_POINT('',#1547);
#1547 = CARTESIAN_POINT('',(-87.5,-40.8,-5.));
#1548 = SURFACE_CURVE('',#1549,(#1553,#1560),.PCURVE_S1.);
#1549 = LINE('',#1550,#1551);
#1550 = CARTESIAN_POINT('',(-87.5,-40.8,11.));
#1551 = VECTOR('',#1552,1.);
#1552 = DIRECTION('',(-0.,-0.,-1.));
#1553 = PCURVE('',#598,#1554);
#1554 = DEFINITIONAL_REPRESENTATION('',(#1555),#1559);
#1555 = LINE('',#1556,#1557);
#1556 = CARTESIAN_POINT('',(3.14159265359,0.));
#1557 = VECTOR('',#1558,1.);
#1558 = DIRECTION('',(0.,-1.));
#1559 = ( GEOMETRIC_REPRESENTATION_CONTEXT(2) 
PARAMETRIC_REPRESENTATION_CONTEXT() REPRESENTATION_CONTEXT('2D SPACE',''
  ) );
#1560 = PCURVE('',#626,#1561);
#1561 = DEFINITIONAL_REPRESENTATION('',(#1562),#1566);
#1562 = LINE('',#1563,#1564);
#1563 = CARTESIAN_POINT('',(0.,0.));
#1564 = VECTOR('',#1565,1.);
#1565 = DIRECTION('',(0.,-1.));
#1566 = ( GEOMETRIC_REPRESENTATION_CONTEXT(2) 
PARAMETRIC_REPRESENTATION_CONTEXT() REPRESENTATION_CONTEXT('2D SPACE',''
  ) );
#1567 = ORIENTED_EDGE('',*,*,#1568,.T.);
#1568 = EDGE_CURVE('',#1546,#1569,#1571,.T.);
#1569 = VERTEX_POINT('',#1570);
#1570 = CARTESIAN_POINT('',(-84.3,-44.,-5.));
#1571 = SURFACE_CURVE('',#1572,(#1577,#1584),.PCURVE_S1.);
#1572 = CIRCLE('',#1573,3.2);
#1573 = AXIS2_PLACEMENT_3D('',#1574,#1575,#1576);
#1574 = CARTESIAN_POINT('',(-84.3,-40.8,-5.));
#1575 = DIRECTION('',(0.,0.,1.));
#1576 = DIRECTION('',(1.,0.,0.));
#1577 = PCURVE('',#598,#1578);
#1578 = DEFINITIONAL_REPRESENTATION('',(#1579),#1583);
#1579 = LINE('',#1580,#1581);
#1580 = CARTESIAN_POINT('',(0.,-16.));
#1581 = VECTOR('',#1582,1.);
#1582 = DIRECTION('',(1.,0.));
#1583 = ( GEOMETRIC_REPRESENTATION_CONTEXT(2) 
PARAMETRIC_REPRESENTATION_CONTEXT() REPRESENTATION_CONTEXT('2D SPACE',''
  ) );
#1584 = PCURVE('',#1585,#1590);
#1585 = PLANE('',#1586);
#1586 = AXIS2_PLACEMENT_3D('',#1587,#1588,#1589);
#1587 = CARTESIAN_POINT('',(0.,0.,-5.));
#1588 = DIRECTION('',(0.,0.,1.));
#1589 = DIRECTION('',(1.,0.,0.));
#1590 = DEFINITIONAL_REPRESENTATION('',(#1591),#1595);
#1591 = CIRCLE('',#1592,3.2);
#1592 = AXIS2_PLACEMENT_2D('',#1593,#1594);
#1593 = CARTESIAN_POINT('',(-84.3,-40.8));
#1594 = DIRECTION('',(1.,0.));
#1595 = ( GEOMETRIC_REPRESENTATION_CONTEXT(2) 
PARAMETRIC_REPRESENTATION_CONTEXT() REPRESENTATION_CONTEXT('2D SPACE',''
  ) );
#1596 = ORIENTED_EDGE('',*,*,#1597,.F.);
#1597 = EDGE_CURVE('',#582,#1569,#1598,.T.);
#1598 = SURFACE_CURVE('',#1599,(#1603,#1610),.PCURVE_S1.);
#1599 = LINE('',#1600,#1601);
#1600 = CARTESIAN_POINT('',(-84.3,-44.,11.));
#1601 = VECTOR('',#1602,1.);
#1602 = DIRECTION('',(-0.,-0.,-1.));
#1603 = PCURVE('',#598,#1604);
#1604 = DEFINITIONAL_REPRESENTATION('',(#1605),#1609);
#1605 = LINE('',#1606,#1607);
#1606 = CARTESIAN_POINT('',(4.712388980385,0.));
#1607 = VECTOR('',#1608,1.);
#1608 = DIRECTION('',(0.,-1.));
#1609 = ( GEOMETRIC_REPRESENTATION_CONTEXT(2) 
PARAMETRIC_REPRESENTATION_CONTEXT() REPRESENTATION_CONTEXT('2D SPACE',''
  ) );
#1610 = PCURVE('',#795,#1611);
#1611 = DEFINITIONAL_REPRESENTATION('',(#1612),#1616);
#1612 = LINE('',#1613,#1614);
#1613 = CARTESIAN_POINT('',(0.,0.));
#1614 = VECTOR('',#1615,1.);
#1615 = DIRECTION('',(0.,-1.));
#1616 = ( GEOMETRIC_REPRESENTATION_CONTEXT(2) 
PARAMETRIC_REPRESENTATION_CONTEXT() REPRESENTATION_CONTEXT('2D SPACE',''
  ) );
#1617 = ORIENTED_EDGE('',*,*,#579,.F.);
#1618 = ADVANCED_FACE('',(#1619),#626,.T.);
#1619 = FACE_BOUND('',#1620,.T.);
#1620 = EDGE_LOOP('',(#1621,#1622,#1645,#1666));
#1621 = ORIENTED_EDGE('',*,*,#1545,.T.);
#1622 = ORIENTED_EDGE('',*,*,#1623,.T.);
#1623 = EDGE_CURVE('',#1546,#1624,#1626,.T.);
#1624 = VERTEX_POINT('',#1625);
#1625 = CARTESIAN_POINT('',(-87.5,40.8,-5.));
#1626 = SURFACE_CURVE('',#1627,(#1631,#1638),.PCURVE_S1.);
#1627 = LINE('',#1628,#1629);
#1628 = CARTESIAN_POINT('',(-87.5,0.,-5.));
#1629 = VECTOR('',#1630,1.);
#1630 = DIRECTION('',(0.,1.,0.));
#1631 = PCURVE('',#626,#1632);
#1632 = DEFINITIONAL_REPRESENTATION('',(#1633),#1637);
#1633 = LINE('',#1634,#1635);
#1634 = CARTESIAN_POINT('',(40.8,-16.));
#1635 = VECTOR('',#1636,1.);
#1636 = DIRECTION('',(1.,0.));
#1637 = ( GEOMETRIC_REPRESENTATION_CONTEXT(2) 
PARAMETRIC_REPRESENTATION_CONTEXT() REPRESENTATION_CONTEXT('2D SPACE',''
  ) );
#1638 = PCURVE('',#1585,#1639);
#1639 = DEFINITIONAL_REPRESENTATION('',(#1640),#1644);
#1640 = LINE('',#1641,#1642);
#1641 = CARTESIAN_POINT('',(-87.5,0.));
#1642 = VECTOR('',#1643,1.);
#1643 = DIRECTION('',(0.,1.));
#1644 = ( GEOMETRIC_REPRESENTATION_CONTEXT(2) 
PARAMETRIC_REPRESENTATION_CONTEXT() REPRESENTATION_CONTEXT('2D SPACE',''
  ) );
#1645 = ORIENTED_EDGE('',*,*,#1646,.F.);
#1646 = EDGE_CURVE('',#611,#1624,#1647,.T.);
#1647 = SURFACE_CURVE('',#1648,(#1652,#1659),.PCURVE_S1.);
#1648 = LINE('',#1649,#1650);
#1649 = CARTESIAN_POINT('',(-87.5,40.8,11.));
#1650 = VECTOR('',#1651,1.);
#1651 = DIRECTION('',(-0.,-0.,-1.));
#1652 = PCURVE('',#626,#1653);
#1653 = DEFINITIONAL_REPRESENTATION('',(#1654),#1658);
#1654 = LINE('',#1655,#1656);
#1655 = CARTESIAN_POINT('',(81.6,0.));
#1656 = VECTOR('',#1657,1.);
#1657 = DIRECTION('',(0.,-1.));
#1658 = ( GEOMETRIC_REPRESENTATION_CONTEXT(2) 
PARAMETRIC_REPRESENTATION_CONTEXT() REPRESENTATION_CONTEXT('2D SPACE',''
  ) );
#1659 = PCURVE('',#655,#1660);
#1660 = DEFINITIONAL_REPRESENTATION('',(#1661),#1665);
#1661 = LINE('',#1662,#1663);
#1662 = CARTESIAN_POINT('',(3.14159265359,0.));
#1663 = VECTOR('',#1664,1.);
#1664 = DIRECTION('',(0.,-1.));
#1665 = ( GEOMETRIC_REPRESENTATION_CONTEXT(2) 
PARAMETRIC_REPRESENTATION_CONTEXT() REPRESENTATION_CONTEXT('2D SPACE',''
  ) );
#1666 = ORIENTED_EDGE('',*,*,#610,.F.);
#1667 = ADVANCED_FACE('',(#1668),#795,.F.);
#1668 = FACE_BOUND('',#1669,.F.);
#1669 = EDGE_LOOP('',(#1670,#1671,#1694,#1715));
#1670 = ORIENTED_EDGE('',*,*,#1597,.T.);
#1671 = ORIENTED_EDGE('',*,*,#1672,.T.);
#1672 = EDGE_CURVE('',#1569,#1673,#1675,.T.);
#1673 = VERTEX_POINT('',#1674);
#1674 = CARTESIAN_POINT('',(84.3,-44.,-5.));
#1675 = SURFACE_CURVE('',#1676,(#1680,#1687),.PCURVE_S1.);
#1676 = LINE('',#1677,#1678);
#1677 = CARTESIAN_POINT('',(0.,-44.,-5.));
#1678 = VECTOR('',#1679,1.);
#1679 = DIRECTION('',(1.,0.,0.));
#1680 = PCURVE('',#795,#1681);
#1681 = DEFINITIONAL_REPRESENTATION('',(#1682),#1686);
#1682 = LINE('',#1683,#1684);
#1683 = CARTESIAN_POINT('',(84.3,-16.));
#1684 = VECTOR('',#1685,1.);
#1685 = DIRECTION('',(1.,0.));
#1686 = ( GEOMETRIC_REPRESENTATION_CONTEXT(2) 
PARAMETRIC_REPRESENTATION_CONTEXT() REPRESENTATION_CONTEXT('2D SPACE',''
  ) );
#1687 = PCURVE('',#1585,#1688);
#1688 = DEFINITIONAL_REPRESENTATION('',(#1689),#1693);
#1689 = LINE('',#1690,#1691);
#1690 = CARTESIAN_POINT('',(0.,-44.));
#1691 = VECTOR('',#1692,1.);
#1692 = DIRECTION('',(1.,0.));
#1693 = ( GEOMETRIC_REPRESENTATION_CONTEXT(2) 
PARAMETRIC_REPRESENTATION_CONTEXT() REPRESENTATION_CONTEXT('2D SPACE',''
  ) );
#1694 = ORIENTED_EDGE('',*,*,#1695,.F.);
#1695 = EDGE_CURVE('',#753,#1673,#1696,.T.);
#1696 = SURFACE_CURVE('',#1697,(#1701,#1708),.PCURVE_S1.);
#1697 = LINE('',#1698,#1699);
#1698 = CARTESIAN_POINT('',(84.3,-44.,11.));
#1699 = VECTOR('',#1700,1.);
#1700 = DIRECTION('',(-0.,-0.,-1.));
#1701 = PCURVE('',#795,#1702);
#1702 = DEFINITIONAL_REPRESENTATION('',(#1703),#1707);
#1703 = LINE('',#1704,#1705);
#1704 = CARTESIAN_POINT('',(168.6,0.));
#1705 = VECTOR('',#1706,1.);
#1706 = DIRECTION('',(0.,-1.));
#1707 = ( GEOMETRIC_REPRESENTATION_CONTEXT(2) 
PARAMETRIC_REPRESENTATION_CONTEXT() REPRESENTATION_CONTEXT('2D SPACE',''
  ) );
#1708 = PCURVE('',#769,#1709);
#1709 = DEFINITIONAL_REPRESENTATION('',(#1710),#1714);
#1710 = LINE('',#1711,#1712);
#1711 = CARTESIAN_POINT('',(4.712388980385,0.));
#1712 = VECTOR('',#1713,1.);
#1713 = DIRECTION('',(0.,-1.));
#1714 = ( GEOMETRIC_REPRESENTATION_CONTEXT(2) 
PARAMETRIC_REPRESENTATION_CONTEXT() REPRESENTATION_CONTEXT('2D SPACE',''
  ) );
#1715 = ORIENTED_EDGE('',*,*,#781,.F.);
#1716 = ADVANCED_FACE('',(#1717),#655,.F.);
#1717 = FACE_BOUND('',#1718,.F.);
#1718 = EDGE_LOOP('',(#1719,#1742,#1764,#1765));
#1719 = ORIENTED_EDGE('',*,*,#1720,.T.);
#1720 = EDGE_CURVE('',#639,#1721,#1723,.T.);
#1721 = VERTEX_POINT('',#1722);
#1722 = CARTESIAN_POINT('',(-84.3,44.,-5.));
#1723 = SURFACE_CURVE('',#1724,(#1728,#1735),.PCURVE_S1.);
#1724 = LINE('',#1725,#1726);
#1725 = CARTESIAN_POINT('',(-84.3,44.,11.));
#1726 = VECTOR('',#1727,1.);
#1727 = DIRECTION('',(-0.,-0.,-1.));
#1728 = PCURVE('',#655,#1729);
#1729 = DEFINITIONAL_REPRESENTATION('',(#1730),#1734);
#1730 = LINE('',#1731,#1732);
#1731 = CARTESIAN_POINT('',(1.570796326795,0.));
#1732 = VECTOR('',#1733,1.);
#1733 = DIRECTION('',(0.,-1.));
#1734 = ( GEOMETRIC_REPRESENTATION_CONTEXT(2) 
PARAMETRIC_REPRESENTATION_CONTEXT() REPRESENTATION_CONTEXT('2D SPACE',''
  ) );
#1735 = PCURVE('',#683,#1736);
#1736 = DEFINITIONAL_REPRESENTATION('',(#1737),#1741);
#1737 = LINE('',#1738,#1739);
#1738 = CARTESIAN_POINT('',(0.,0.));
#1739 = VECTOR('',#1740,1.);
#1740 = DIRECTION('',(0.,-1.));
#1741 = ( GEOMETRIC_REPRESENTATION_CONTEXT(2) 
PARAMETRIC_REPRESENTATION_CONTEXT() REPRESENTATION_CONTEXT('2D SPACE',''
  ) );
#1742 = ORIENTED_EDGE('',*,*,#1743,.T.);
#1743 = EDGE_CURVE('',#1721,#1624,#1744,.T.);
#1744 = SURFACE_CURVE('',#1745,(#1750,#1757),.PCURVE_S1.);
#1745 = CIRCLE('',#1746,3.2);
#1746 = AXIS2_PLACEMENT_3D('',#1747,#1748,#1749);
#1747 = CARTESIAN_POINT('',(-84.3,40.8,-5.));
#1748 = DIRECTION('',(0.,0.,1.));
#1749 = DIRECTION('',(1.,0.,0.));
#1750 = PCURVE('',#655,#1751);
#1751 = DEFINITIONAL_REPRESENTATION('',(#1752),#1756);
#1752 = LINE('',#1753,#1754);
#1753 = CARTESIAN_POINT('',(0.,-16.));
#1754 = VECTOR('',#1755,1.);
#1755 = DIRECTION('',(1.,0.));
#1756 = ( GEOMETRIC_REPRESENTATION_CONTEXT(2) 
PARAMETRIC_REPRESENTATION_CONTEXT() REPRESENTATION_CONTEXT('2D SPACE',''
  ) );
#1757 = PCURVE('',#1585,#1758);
#1758 = DEFINITIONAL_REPRESENTATION('',(#1759),#1763);
#1759 = CIRCLE('',#1760,3.2);
#1760 = AXIS2_PLACEMENT_2D('',#1761,#1762);
#1761 = CARTESIAN_POINT('',(-84.3,40.8));
#1762 = DIRECTION('',(1.,0.));
#1763 = ( GEOMETRIC_REPRESENTATION_CONTEXT(2) 
PARAMETRIC_REPRESENTATION_CONTEXT() REPRESENTATION_CONTEXT('2D SPACE',''
  ) );
#1764 = ORIENTED_EDGE('',*,*,#1646,.F.);
#1765 = ORIENTED_EDGE('',*,*,#638,.F.);
#1766 = ADVANCED_FACE('',(#1767),#769,.F.);
#1767 = FACE_BOUND('',#1768,.F.);
#1768 = EDGE_LOOP('',(#1769,#1770,#1794,#1815));
#1769 = ORIENTED_EDGE('',*,*,#1695,.T.);
#1770 = ORIENTED_EDGE('',*,*,#1771,.T.);
#1771 = EDGE_CURVE('',#1673,#1772,#1774,.T.);
#1772 = VERTEX_POINT('',#1773);
#1773 = CARTESIAN_POINT('',(87.5,-40.8,-5.));
#1774 = SURFACE_CURVE('',#1775,(#1780,#1787),.PCURVE_S1.);
#1775 = CIRCLE('',#1776,3.2);
#1776 = AXIS2_PLACEMENT_3D('',#1777,#1778,#1779);
#1777 = CARTESIAN_POINT('',(84.3,-40.8,-5.));
#1778 = DIRECTION('',(0.,0.,1.));
#1779 = DIRECTION('',(1.,0.,0.));
#1780 = PCURVE('',#769,#1781);
#1781 = DEFINITIONAL_REPRESENTATION('',(#1782),#1786);
#1782 = LINE('',#1783,#1784);
#1783 = CARTESIAN_POINT('',(0.,-16.));
#1784 = VECTOR('',#1785,1.);
#1785 = DIRECTION('',(1.,0.));
#1786 = ( GEOMETRIC_REPRESENTATION_CONTEXT(2) 
PARAMETRIC_REPRESENTATION_CONTEXT() REPRESENTATION_CONTEXT('2D SPACE',''
  ) );
#1787 = PCURVE('',#1585,#1788);
#1788 = DEFINITIONAL_REPRESENTATION('',(#1789),#1793);
#1789 = CIRCLE('',#1790,3.2);
#1790 = AXIS2_PLACEMENT_2D('',#1791,#1792);
#1791 = CARTESIAN_POINT('',(84.3,-40.8));
#1792 = DIRECTION('',(1.,0.));
#1793 = ( GEOMETRIC_REPRESENTATION_CONTEXT(2) 
PARAMETRIC_REPRESENTATION_CONTEXT() REPRESENTATION_CONTEXT('2D SPACE',''
  ) );
#1794 = ORIENTED_EDGE('',*,*,#1795,.F.);
#1795 = EDGE_CURVE('',#725,#1772,#1796,.T.);
#1796 = SURFACE_CURVE('',#1797,(#1801,#1808),.PCURVE_S1.);
#1797 = LINE('',#1798,#1799);
#1798 = CARTESIAN_POINT('',(87.5,-40.8,11.));
#1799 = VECTOR('',#1800,1.);
#1800 = DIRECTION('',(-0.,-0.,-1.));
#1801 = PCURVE('',#769,#1802);
#1802 = DEFINITIONAL_REPRESENTATION('',(#1803),#1807);
#1803 = LINE('',#1804,#1805);
#1804 = CARTESIAN_POINT('',(6.28318530718,0.));
#1805 = VECTOR('',#1806,1.);
#1806 = DIRECTION('',(0.,-1.));
#1807 = ( GEOMETRIC_REPRESENTATION_CONTEXT(2) 
PARAMETRIC_REPRESENTATION_CONTEXT() REPRESENTATION_CONTEXT('2D SPACE',''
  ) );
#1808 = PCURVE('',#740,#1809);
#1809 = DEFINITIONAL_REPRESENTATION('',(#1810),#1814);
#1810 = LINE('',#1811,#1812);
#1811 = CARTESIAN_POINT('',(0.,0.));
#1812 = VECTOR('',#1813,1.);
#1813 = DIRECTION('',(0.,-1.));
#1814 = ( GEOMETRIC_REPRESENTATION_CONTEXT(2) 
PARAMETRIC_REPRESENTATION_CONTEXT() REPRESENTATION_CONTEXT('2D SPACE',''
  ) );
#1815 = ORIENTED_EDGE('',*,*,#752,.F.);
#1816 = ADVANCED_FACE('',(#1817),#683,.T.);
#1817 = FACE_BOUND('',#1818,.T.);
#1818 = EDGE_LOOP('',(#1819,#1820,#1843,#1864));
#1819 = ORIENTED_EDGE('',*,*,#1720,.T.);
#1820 = ORIENTED_EDGE('',*,*,#1821,.T.);
#1821 = EDGE_CURVE('',#1721,#1822,#1824,.T.);
#1822 = VERTEX_POINT('',#1823);
#1823 = CARTESIAN_POINT('',(84.3,44.,-5.));
#1824 = SURFACE_CURVE('',#1825,(#1829,#1836),.PCURVE_S1.);
#1825 = LINE('',#1826,#1827);
#1826 = CARTESIAN_POINT('',(0.,44.,-5.));
#1827 = VECTOR('',#1828,1.);
#1828 = DIRECTION('',(1.,0.,0.));
#1829 = PCURVE('',#683,#1830);
#1830 = DEFINITIONAL_REPRESENTATION('',(#1831),#1835);
#1831 = LINE('',#1832,#1833);
#1832 = CARTESIAN_POINT('',(84.3,-16.));
#1833 = VECTOR('',#1834,1.);
#1834 = DIRECTION('',(1.,0.));
#1835 = ( GEOMETRIC_REPRESENTATION_CONTEXT(2) 
PARAMETRIC_REPRESENTATION_CONTEXT() REPRESENTATION_CONTEXT('2D SPACE',''
  ) );
#1836 = PCURVE('',#1585,#1837);
#1837 = DEFINITIONAL_REPRESENTATION('',(#1838),#1842);
#1838 = LINE('',#1839,#1840);
#1839 = CARTESIAN_POINT('',(0.,44.));
#1840 = VECTOR('',#1841,1.);
#1841 = DIRECTION('',(1.,0.));
#1842 = ( GEOMETRIC_REPRESENTATION_CONTEXT(2) 
PARAMETRIC_REPRESENTATION_CONTEXT() REPRESENTATION_CONTEXT('2D SPACE',''
  ) );
#1843 = ORIENTED_EDGE('',*,*,#1844,.F.);
#1844 = EDGE_CURVE('',#668,#1822,#1845,.T.);
#1845 = SURFACE_CURVE('',#1846,(#1850,#1857),.PCURVE_S1.);
#1846 = LINE('',#1847,#1848);
#1847 = CARTESIAN_POINT('',(84.3,44.,11.));
#1848 = VECTOR('',#1849,1.);
#1849 = DIRECTION('',(-0.,-0.,-1.));
#1850 = PCURVE('',#683,#1851);
#1851 = DEFINITIONAL_REPRESENTATION('',(#1852),#1856);
#1852 = LINE('',#1853,#1854);
#1853 = CARTESIAN_POINT('',(168.6,0.));
#1854 = VECTOR('',#1855,1.);
#1855 = DIRECTION('',(0.,-1.));
#1856 = ( GEOMETRIC_REPRESENTATION_CONTEXT(2) 
PARAMETRIC_REPRESENTATION_CONTEXT() REPRESENTATION_CONTEXT('2D SPACE',''
  ) );
#1857 = PCURVE('',#712,#1858);
#1858 = DEFINITIONAL_REPRESENTATION('',(#1859),#1863);
#1859 = LINE('',#1860,#1861);
#1860 = CARTESIAN_POINT('',(1.570796326795,0.));
#1861 = VECTOR('',#1862,1.);
#1862 = DIRECTION('',(0.,-1.));
#1863 = ( GEOMETRIC_REPRESENTATION_CONTEXT(2) 
PARAMETRIC_REPRESENTATION_CONTEXT() REPRESENTATION_CONTEXT('2D SPACE',''
  ) );
#1864 = ORIENTED_EDGE('',*,*,#667,.F.);
#1865 = ADVANCED_FACE('',(#1866),#740,.F.);
#1866 = FACE_BOUND('',#1867,.F.);
#1867 = EDGE_LOOP('',(#1868,#1869,#1892,#1913));
#1868 = ORIENTED_EDGE('',*,*,#1795,.T.);
#1869 = ORIENTED_EDGE('',*,*,#1870,.T.);
#1870 = EDGE_CURVE('',#1772,#1871,#1873,.T.);
#1871 = VERTEX_POINT('',#1872);
#1872 = CARTESIAN_POINT('',(87.5,40.8,-5.));
#1873 = SURFACE_CURVE('',#1874,(#1878,#1885),.PCURVE_S1.);
#1874 = LINE('',#1875,#1876);
#1875 = CARTESIAN_POINT('',(87.5,0.,-5.));
#1876 = VECTOR('',#1877,1.);
#1877 = DIRECTION('',(0.,1.,0.));
#1878 = PCURVE('',#740,#1879);
#1879 = DEFINITIONAL_REPRESENTATION('',(#1880),#1884);
#1880 = LINE('',#1881,#1882);
#1881 = CARTESIAN_POINT('',(40.8,-16.));
#1882 = VECTOR('',#1883,1.);
#1883 = DIRECTION('',(1.,0.));
#1884 = ( GEOMETRIC_REPRESENTATION_CONTEXT(2) 
PARAMETRIC_REPRESENTATION_CONTEXT() REPRESENTATION_CONTEXT('2D SPACE',''
  ) );
#1885 = PCURVE('',#1585,#1886);
#1886 = DEFINITIONAL_REPRESENTATION('',(#1887),#1891);
#1887 = LINE('',#1888,#1889);
#1888 = CARTESIAN_POINT('',(87.5,0.));
#1889 = VECTOR('',#1890,1.);
#1890 = DIRECTION('',(0.,1.));
#1891 = ( GEOMETRIC_REPRESENTATION_CONTEXT(2) 
PARAMETRIC_REPRESENTATION_CONTEXT() REPRESENTATION_CONTEXT('2D SPACE',''
  ) );
#1892 = ORIENTED_EDGE('',*,*,#1893,.F.);
#1893 = EDGE_CURVE('',#696,#1871,#1894,.T.);
#1894 = SURFACE_CURVE('',#1895,(#1899,#1906),.PCURVE_S1.);
#1895 = LINE('',#1896,#1897);
#1896 = CARTESIAN_POINT('',(87.5,40.8,11.));
#1897 = VECTOR('',#1898,1.);
#1898 = DIRECTION('',(-0.,-0.,-1.));
#1899 = PCURVE('',#740,#1900);
#1900 = DEFINITIONAL_REPRESENTATION('',(#1901),#1905);
#1901 = LINE('',#1902,#1903);
#1902 = CARTESIAN_POINT('',(81.6,0.));
#1903 = VECTOR('',#1904,1.);
#1904 = DIRECTION('',(0.,-1.));
#1905 = ( GEOMETRIC_REPRESENTATION_CONTEXT(2) 
PARAMETRIC_REPRESENTATION_CONTEXT() REPRESENTATION_CONTEXT('2D SPACE',''
  ) );
#1906 = PCURVE('',#712,#1907);
#1907 = DEFINITIONAL_REPRESENTATION('',(#1908),#1912);
#1908 = LINE('',#1909,#1910);
#1909 = CARTESIAN_POINT('',(0.,0.));
#1910 = VECTOR('',#1911,1.);
#1911 = DIRECTION('',(0.,-1.));
#1912 = ( GEOMETRIC_REPRESENTATION_CONTEXT(2) 
PARAMETRIC_REPRESENTATION_CONTEXT() REPRESENTATION_CONTEXT('2D SPACE',''
  ) );
#1913 = ORIENTED_EDGE('',*,*,#724,.F.);
#1914 = ADVANCED_FACE('',(#1915),#712,.F.);
#1915 = FACE_BOUND('',#1916,.F.);
#1916 = EDGE_LOOP('',(#1917,#1918,#1940,#1941));
#1917 = ORIENTED_EDGE('',*,*,#1893,.T.);
#1918 = ORIENTED_EDGE('',*,*,#1919,.T.);
#1919 = EDGE_CURVE('',#1871,#1822,#1920,.T.);
#1920 = SURFACE_CURVE('',#1921,(#1926,#1933),.PCURVE_S1.);
#1921 = CIRCLE('',#1922,3.2);
#1922 = AXIS2_PLACEMENT_3D('',#1923,#1924,#1925);
#1923 = CARTESIAN_POINT('',(84.3,40.8,-5.));
#1924 = DIRECTION('',(0.,0.,1.));
#1925 = DIRECTION('',(1.,0.,0.));
#1926 = PCURVE('',#712,#1927);
#1927 = DEFINITIONAL_REPRESENTATION('',(#1928),#1932);
#1928 = LINE('',#1929,#1930);
#1929 = CARTESIAN_POINT('',(0.,-16.));
#1930 = VECTOR('',#1931,1.);
#1931 = DIRECTION('',(1.,0.));
#1932 = ( GEOMETRIC_REPRESENTATION_CONTEXT(2) 
PARAMETRIC_REPRESENTATION_CONTEXT() REPRESENTATION_CONTEXT('2D SPACE',''
  ) );
#1933 = PCURVE('',#1585,#1934);
#1934 = DEFINITIONAL_REPRESENTATION('',(#1935),#1939);
#1935 = CIRCLE('',#1936,3.2);
#1936 = AXIS2_PLACEMENT_2D('',#1937,#1938);
#1937 = CARTESIAN_POINT('',(84.3,40.8));
#1938 = DIRECTION('',(1.,0.));
#1939 = ( GEOMETRIC_REPRESENTATION_CONTEXT(2) 
PARAMETRIC_REPRESENTATION_CONTEXT() REPRESENTATION_CONTEXT('2D SPACE',''
  ) );
#1940 = ORIENTED_EDGE('',*,*,#1844,.F.);
#1941 = ORIENTED_EDGE('',*,*,#695,.F.);
#1942 = ADVANCED_FACE('',(#1943),#830,.F.);
#1943 = FACE_BOUND('',#1944,.F.);
#1944 = EDGE_LOOP('',(#1945,#1974,#1995,#1996));
#1945 = ORIENTED_EDGE('',*,*,#1946,.F.);
#1946 = EDGE_CURVE('',#1947,#1947,#1949,.T.);
#1947 = VERTEX_POINT('',#1948);
#1948 = CARTESIAN_POINT('',(87.4,48.,7.8));
#1949 = SURFACE_CURVE('',#1950,(#1955,#1962),.PCURVE_S1.);
#1950 = CIRCLE('',#1951,4.1);
#1951 = AXIS2_PLACEMENT_3D('',#1952,#1953,#1954);
#1952 = CARTESIAN_POINT('',(91.5,48.,7.8));
#1953 = DIRECTION('',(0.,0.,-1.));
#1954 = DIRECTION('',(-1.,0.,0.));
#1955 = PCURVE('',#830,#1956);
#1956 = DEFINITIONAL_REPRESENTATION('',(#1957),#1961);
#1957 = LINE('',#1958,#1959);
#1958 = CARTESIAN_POINT('',(0.,3.2));
#1959 = VECTOR('',#1960,1.);
#1960 = DIRECTION('',(1.,0.));
#1961 = ( GEOMETRIC_REPRESENTATION_CONTEXT(2) 
PARAMETRIC_REPRESENTATION_CONTEXT() REPRESENTATION_CONTEXT('2D SPACE',''
  ) );
#1962 = PCURVE('',#1963,#1968);
#1963 = PLANE('',#1964);
#1964 = AXIS2_PLACEMENT_3D('',#1965,#1966,#1967);
#1965 = CARTESIAN_POINT('',(91.5,48.,7.8));
#1966 = DIRECTION('',(0.,0.,-1.));
#1967 = DIRECTION('',(-1.,0.,0.));
#1968 = DEFINITIONAL_REPRESENTATION('',(#1969),#1973);
#1969 = CIRCLE('',#1970,4.1);
#1970 = AXIS2_PLACEMENT_2D('',#1971,#1972);
#1971 = CARTESIAN_POINT('',(0.,0.));
#1972 = DIRECTION('',(1.,0.));
#1973 = ( GEOMETRIC_REPRESENTATION_CONTEXT(2) 
PARAMETRIC_REPRESENTATION_CONTEXT() REPRESENTATION_CONTEXT('2D SPACE',''
  ) );
#1974 = ORIENTED_EDGE('',*,*,#1975,.F.);
#1975 = EDGE_CURVE('',#810,#1947,#1976,.T.);
#1976 = SEAM_CURVE('',#1977,(#1981,#1988),.PCURVE_S1.);
#1977 = LINE('',#1978,#1979);
#1978 = CARTESIAN_POINT('',(87.4,48.,11.));
#1979 = VECTOR('',#1980,1.);
#1980 = DIRECTION('',(0.,0.,-1.));
#1981 = PCURVE('',#830,#1982);
#1982 = DEFINITIONAL_REPRESENTATION('',(#1983),#1987);
#1983 = LINE('',#1984,#1985);
#1984 = CARTESIAN_POINT('',(6.28318530718,-0.));
#1985 = VECTOR('',#1986,1.);
#1986 = DIRECTION('',(0.,1.));
#1987 = ( GEOMETRIC_REPRESENTATION_CONTEXT(2) 
PARAMETRIC_REPRESENTATION_CONTEXT() REPRESENTATION_CONTEXT('2D SPACE',''
  ) );
#1988 = PCURVE('',#830,#1989);
#1989 = DEFINITIONAL_REPRESENTATION('',(#1990),#1994);
#1990 = LINE('',#1991,#1992);
#1991 = CARTESIAN_POINT('',(0.,-0.));
#1992 = VECTOR('',#1993,1.);
#1993 = DIRECTION('',(0.,1.));
#1994 = ( GEOMETRIC_REPRESENTATION_CONTEXT(2) 
PARAMETRIC_REPRESENTATION_CONTEXT() REPRESENTATION_CONTEXT('2D SPACE',''
  ) );
#1995 = ORIENTED_EDGE('',*,*,#809,.T.);
#1996 = ORIENTED_EDGE('',*,*,#1975,.T.);
#1997 = ADVANCED_FACE('',(#1998),#911,.T.);
#1998 = FACE_BOUND('',#1999,.F.);
#1999 = EDGE_LOOP('',(#2000,#2020,#2021,#2022));
#2000 = ORIENTED_EDGE('',*,*,#2001,.T.);
#2001 = EDGE_CURVE('',#956,#1005,#2002,.T.);
#2002 = SURFACE_CURVE('',#2003,(#2008,#2014),.PCURVE_S1.);
#2003 = CIRCLE('',#2004,1.);
#2004 = AXIS2_PLACEMENT_3D('',#2005,#2006,#2007);
#2005 = CARTESIAN_POINT('',(96.5,-55.,-10.));
#2006 = DIRECTION('',(1.,6.123233995737E-17,0.));
#2007 = DIRECTION('',(6.123233995737E-17,-1.,0.));
#2008 = PCURVE('',#911,#2009);
#2009 = DEFINITIONAL_REPRESENTATION('',(#2010),#2013);
#2010 = B_SPLINE_CURVE_WITH_KNOTS('',1,(#2011,#2012),.UNSPECIFIED.,.F.,
  .F.,(2,2),(0.,1.570796326795),.PIECEWISE_BEZIER_KNOTS.);
#2011 = CARTESIAN_POINT('',(0.,0.));
#2012 = CARTESIAN_POINT('',(-1.570796326795,0.));
#2013 = ( GEOMETRIC_REPRESENTATION_CONTEXT(2) 
PARAMETRIC_REPRESENTATION_CONTEXT() REPRESENTATION_CONTEXT('2D SPACE',''
  ) );
#2014 = PCURVE('',#1048,#2015);
#2015 = DEFINITIONAL_REPRESENTATION('',(#2016),#2019);
#2016 = B_SPLINE_CURVE_WITH_KNOTS('',1,(#2017,#2018),.UNSPECIFIED.,.F.,
  .F.,(2,2),(0.,1.570796326795),.PIECEWISE_BEZIER_KNOTS.);
#2017 = CARTESIAN_POINT('',(1.570796326795,0.));
#2018 = CARTESIAN_POINT('',(1.570796326795,1.570796326795));
#2019 = ( GEOMETRIC_REPRESENTATION_CONTEXT(2) 
PARAMETRIC_REPRESENTATION_CONTEXT() REPRESENTATION_CONTEXT('2D SPACE',''
  ) );
#2020 = ORIENTED_EDGE('',*,*,#1004,.T.);
#2021 = ORIENTED_EDGE('',*,*,#895,.F.);
#2022 = ORIENTED_EDGE('',*,*,#978,.F.);
#2023 = ADVANCED_FACE('',(#2024),#1137,.T.);
#2024 = FACE_BOUND('',#2025,.F.);
#2025 = EDGE_LOOP('',(#2026,#2027,#2028,#2048));
#2026 = ORIENTED_EDGE('',*,*,#1180,.T.);
#2027 = ORIENTED_EDGE('',*,*,#1121,.T.);
#2028 = ORIENTED_EDGE('',*,*,#2029,.F.);
#2029 = EDGE_CURVE('',#1207,#1089,#2030,.T.);
#2030 = SURFACE_CURVE('',#2031,(#2036,#2042),.PCURVE_S1.);
#2031 = CIRCLE('',#2032,1.);
#2032 = AXIS2_PLACEMENT_3D('',#2033,#2034,#2035);
#2033 = CARTESIAN_POINT('',(96.5,55.,-10.));
#2034 = DIRECTION('',(-1.,0.,-0.));
#2035 = DIRECTION('',(-0.,1.,0.));
#2036 = PCURVE('',#1137,#2037);
#2037 = DEFINITIONAL_REPRESENTATION('',(#2038),#2041);
#2038 = B_SPLINE_CURVE_WITH_KNOTS('',1,(#2039,#2040),.UNSPECIFIED.,.F.,
  .F.,(2,2),(0.,1.570796326795),.PIECEWISE_BEZIER_KNOTS.);
#2039 = CARTESIAN_POINT('',(0.,193.));
#2040 = CARTESIAN_POINT('',(-1.570796326795,193.));
#2041 = ( GEOMETRIC_REPRESENTATION_CONTEXT(2) 
PARAMETRIC_REPRESENTATION_CONTEXT() REPRESENTATION_CONTEXT('2D SPACE',''
  ) );
#2042 = PCURVE('',#1109,#2043);
#2043 = DEFINITIONAL_REPRESENTATION('',(#2044),#2047);
#2044 = B_SPLINE_CURVE_WITH_KNOTS('',1,(#2045,#2046),.UNSPECIFIED.,.F.,
  .F.,(2,2),(0.,1.570796326795),.PIECEWISE_BEZIER_KNOTS.);
#2045 = CARTESIAN_POINT('',(0.,0.));
#2046 = CARTESIAN_POINT('',(0.,1.570796326795));
#2047 = ( GEOMETRIC_REPRESENTATION_CONTEXT(2) 
PARAMETRIC_REPRESENTATION_CONTEXT() REPRESENTATION_CONTEXT('2D SPACE',''
  ) );
#2048 = ORIENTED_EDGE('',*,*,#1229,.F.);
#2049 = ADVANCED_FACE('',(#2050),#1048,.T.);
#2050 = FACE_BOUND('',#2051,.T.);
#2051 = EDGE_LOOP('',(#2052,#2072,#2073,#2074));
#2052 = ORIENTED_EDGE('',*,*,#2053,.F.);
#2053 = EDGE_CURVE('',#1254,#1028,#2054,.T.);
#2054 = SURFACE_CURVE('',#2055,(#2060,#2066),.PCURVE_S1.);
#2055 = CIRCLE('',#2056,1.);
#2056 = AXIS2_PLACEMENT_3D('',#2057,#2058,#2059);
#2057 = CARTESIAN_POINT('',(98.5,-53.,-10.));
#2058 = DIRECTION('',(0.,1.,0.));
#2059 = DIRECTION('',(1.,0.,-0.));
#2060 = PCURVE('',#1048,#2061);
#2061 = DEFINITIONAL_REPRESENTATION('',(#2062),#2065);
#2062 = B_SPLINE_CURVE_WITH_KNOTS('',1,(#2063,#2064),.UNSPECIFIED.,.F.,
  .F.,(2,2),(0.,1.570796326795),.PIECEWISE_BEZIER_KNOTS.);
#2063 = CARTESIAN_POINT('',(0.,0.));
#2064 = CARTESIAN_POINT('',(0.,1.570796326795));
#2065 = ( GEOMETRIC_REPRESENTATION_CONTEXT(2) 
PARAMETRIC_REPRESENTATION_CONTEXT() REPRESENTATION_CONTEXT('2D SPACE',''
  ) );
#2066 = PCURVE('',#1076,#2067);
#2067 = DEFINITIONAL_REPRESENTATION('',(#2068),#2071);
#2068 = B_SPLINE_CURVE_WITH_KNOTS('',1,(#2069,#2070),.UNSPECIFIED.,.F.,
  .F.,(2,2),(0.,1.570796326795),.PIECEWISE_BEZIER_KNOTS.);
#2069 = CARTESIAN_POINT('',(0.,106.));
#2070 = CARTESIAN_POINT('',(-1.570796326795,106.));
#2071 = ( GEOMETRIC_REPRESENTATION_CONTEXT(2) 
PARAMETRIC_REPRESENTATION_CONTEXT() REPRESENTATION_CONTEXT('2D SPACE',''
  ) );
#2072 = ORIENTED_EDGE('',*,*,#1276,.T.);
#2073 = ORIENTED_EDGE('',*,*,#2001,.T.);
#2074 = ORIENTED_EDGE('',*,*,#1027,.F.);
#2075 = ADVANCED_FACE('',(#2076),#1109,.T.);
#2076 = FACE_BOUND('',#2077,.T.);
#2077 = EDGE_LOOP('',(#2078,#2079,#2080,#2100));
#2078 = ORIENTED_EDGE('',*,*,#2029,.F.);
#2079 = ORIENTED_EDGE('',*,*,#1326,.T.);
#2080 = ORIENTED_EDGE('',*,*,#2081,.T.);
#2081 = EDGE_CURVE('',#1304,#1061,#2082,.T.);
#2082 = SURFACE_CURVE('',#2083,(#2088,#2094),.PCURVE_S1.);
#2083 = CIRCLE('',#2084,1.);
#2084 = AXIS2_PLACEMENT_3D('',#2085,#2086,#2087);
#2085 = CARTESIAN_POINT('',(98.5,53.,-10.));
#2086 = DIRECTION('',(-6.123233995737E-17,1.,0.));
#2087 = DIRECTION('',(1.,6.123233995737E-17,0.));
#2088 = PCURVE('',#1109,#2089);
#2089 = DEFINITIONAL_REPRESENTATION('',(#2090),#2093);
#2090 = B_SPLINE_CURVE_WITH_KNOTS('',1,(#2091,#2092),.UNSPECIFIED.,.F.,
  .F.,(2,2),(0.,1.570796326795),.PIECEWISE_BEZIER_KNOTS.);
#2091 = CARTESIAN_POINT('',(1.570796326795,0.));
#2092 = CARTESIAN_POINT('',(1.570796326795,1.570796326795));
#2093 = ( GEOMETRIC_REPRESENTATION_CONTEXT(2) 
PARAMETRIC_REPRESENTATION_CONTEXT() REPRESENTATION_CONTEXT('2D SPACE',''
  ) );
#2094 = PCURVE('',#1076,#2095);
#2095 = DEFINITIONAL_REPRESENTATION('',(#2096),#2099);
#2096 = B_SPLINE_CURVE_WITH_KNOTS('',1,(#2097,#2098),.UNSPECIFIED.,.F.,
  .F.,(2,2),(0.,1.570796326795),.PIECEWISE_BEZIER_KNOTS.);
#2097 = CARTESIAN_POINT('',(0.,0.));
#2098 = CARTESIAN_POINT('',(-1.570796326795,0.));
#2099 = ( GEOMETRIC_REPRESENTATION_CONTEXT(2) 
PARAMETRIC_REPRESENTATION_CONTEXT() REPRESENTATION_CONTEXT('2D SPACE',''
  ) );
#2100 = ORIENTED_EDGE('',*,*,#1088,.F.);
#2101 = ADVANCED_FACE('',(#2102),#1076,.T.);
#2102 = FACE_BOUND('',#2103,.F.);
#2103 = EDGE_LOOP('',(#2104,#2105,#2106,#2107));
#2104 = ORIENTED_EDGE('',*,*,#2081,.T.);
#2105 = ORIENTED_EDGE('',*,*,#1060,.T.);
#2106 = ORIENTED_EDGE('',*,*,#2053,.F.);
#2107 = ORIENTED_EDGE('',*,*,#1354,.F.);
#2108 = ADVANCED_FACE('',(#2109),#1397,.F.);
#2109 = FACE_BOUND('',#2110,.F.);
#2110 = EDGE_LOOP('',(#2111));
#2111 = ORIENTED_EDGE('',*,*,#1380,.T.);
#2112 = ADVANCED_FACE('',(#2113),#1452,.F.);
#2113 = FACE_BOUND('',#2114,.F.);
#2114 = EDGE_LOOP('',(#2115));
#2115 = ORIENTED_EDGE('',*,*,#1435,.T.);
#2116 = ADVANCED_FACE('',(#2117),#1507,.F.);
#2117 = FACE_BOUND('',#2118,.F.);
#2118 = EDGE_LOOP('',(#2119));
#2119 = ORIENTED_EDGE('',*,*,#1490,.T.);
#2120 = ADVANCED_FACE('',(#2121),#1585,.T.);
#2121 = FACE_BOUND('',#2122,.T.);
#2122 = EDGE_LOOP('',(#2123,#2124,#2125,#2126,#2127,#2128,#2129,#2130));
#2123 = ORIENTED_EDGE('',*,*,#1623,.F.);
#2124 = ORIENTED_EDGE('',*,*,#1568,.T.);
#2125 = ORIENTED_EDGE('',*,*,#1672,.T.);
#2126 = ORIENTED_EDGE('',*,*,#1771,.T.);
#2127 = ORIENTED_EDGE('',*,*,#1870,.T.);
#2128 = ORIENTED_EDGE('',*,*,#1919,.T.);
#2129 = ORIENTED_EDGE('',*,*,#1821,.F.);
#2130 = ORIENTED_EDGE('',*,*,#1743,.T.);
#2131 = ADVANCED_FACE('',(#2132),#1963,.F.);
#2132 = FACE_BOUND('',#2133,.F.);
#2133 = EDGE_LOOP('',(#2134));
#2134 = ORIENTED_EDGE('',*,*,#1946,.T.);
#2135 = ( GEOMETRIC_REPRESENTATION_CONTEXT(3) 
GLOBAL_UNCERTAINTY_ASSIGNED_CONTEXT((#2139)) 
GLOBAL_UNIT_ASSIGNED_CONTEXT((#2136,#2137,#2138)) REPRESENTATION_CONTEXT
('Context #1','3D Context with UNIT and UNCERTAINTY') );
#2136 = ( LENGTH_UNIT() NAMED_UNIT(*) SI_UNIT(.MILLI.,.METRE.) );
#2137 = ( NAMED_UNIT(*) PLANE_ANGLE_UNIT() SI_UNIT($,.RADIAN.) );
#2138 = ( NAMED_UNIT(*) SI_UNIT($,.STERADIAN.) SOLID_ANGLE_UNIT() );
#2139 = UNCERTAINTY_MEASURE_WITH_UNIT(LENGTH_MEASURE(1.E-07),#2136,
  'distance_accuracy_value','confusion accuracy');
#2140 = PRODUCT_RELATED_PRODUCT_CATEGORY('part',$,(#7));
ENDSEC;
END-ISO-10303-21;
